license_number,facility_name,legal_entity,address_line1,address_line2,additional_locations,city,state,zip,county,county_code,phone,setting_code,offers_detox,is_licensed,is_certified,license_expiration,license_expired,treatment_capacity,total_capacity,target_population_code,target_population,incidental_medical_services,adolescent_waiver,latitude,longitude
010001AN,CHRYSALIS,"HORIZON SERVICES, INCORPORATED",3837 TELEGRAPH AVENUE,,"3839, 3841, AND 3843 TELEGRAPH AVENUE",OAKLAND,CA,94609,Alameda County,01,(510) 450-1190,RES,false,true,true,2027-10-31,false,20,20,1.3,WOMEN ONLY,false,false,37.827325,-122.264974
010001BN,CRONIN HOUSE,"HORIZON SERVICES, INCORPORATED",2575 DEPOT ROAD,,,HAYWARD,CA,94545,Alameda County,01,(510) 784-5874,RES,false,true,false,2028-02-29,false,52,52,1.1,CO-ED,true,false,37.63874,-122.114349
010001DN,CHERRY HILL DETOXIFICATION SERVICES PROGRAM,"HORIZON SERVICES, INCORPORATED",2035 FAIRMONT DRIVE,,,SAN LEANDRO,CA,94578,Alameda County,01,(510) 346-7833,RES,true,true,false,2028-01-31,false,32,32,1.1,CO-ED,true,false,37.710574,-122.121066
010001EN,PROJECT EDEN - EAST COUNTY,"HORIZON SERVICES, INCORPORATED",1020 SERPENTINE LANE,SUITE 100,,PLEASANTON,CA,94566,Alameda County,01,(925) 444-7040,NON,false,false,true,2026-08-31,false,0,0,1.1,CO-ED,false,false,37.674517,-121.866183
010001FN,PROJECT EDEN,"HORIZON SERVICES, INCORPORATED",1866 B. STREET,SUITE 101,,HAYWARD,CA,94541,Alameda County,01,(510) 247-8202,NON,false,false,true,2028-08-31,false,0,0,1.5,YOUTH/ADOLESCENT,false,false,37.682713,-122.065728
010003BN,EBCRP RESIDENTIAL PROGRAM FOR WOMEN AND CHILDREN,LIFELONG MEDICAL CARE,2545 SAN PABLO AVENUE,,,OAKLAND,CA,94612,Alameda County,01,(510) 446-7160,RES,false,true,true,2027-01-31,false,20,20,1.4,WOMEN/CHILDREN,false,false,37.816337,-122.275229
010003CN,EBCRP OUTPATIENT OAKLAND,LIFELONG MEDICAL CARE,2577 SAN PABLO AVENUE,,,OAKLAND,CA,94612,Alameda County,01,(510) 446-7180,NON,false,false,true,2027-01-31,false,0,0,1.1,CO-ED,false,false,37.81708,-122.275467
010006AN,ORCHID WOMEN'S RECOVERY CENTER,BI-BETT,1342 EAST 27TH STREET,,,OAKLAND,CA,94606,Alameda County,01,(510) 535-0611,RES,false,true,true,2028-04-30,false,12,12,1.4,WOMEN/CHILDREN,true,false,37.79774,-122.234811
010010AN,"C.U.R.A., INC.",CARNALES UNIDOS REFORMANDO ADICTOS INCORPORATE,37437 GLENMOOR DRIVE,,,FREMONT,CA,94536,Alameda County,01,(510) 713-3200,RES,false,true,true,2028-01-31,false,51,51,1.1,CO-ED,false,false,37.550578,-122.0126
010013AN,NEW BRIDGE FOUNDATION,"THE NEW BRIDGE FOUNDATION, INC.",1816 SCENIC AVENUE,,"1820, 1850 SCENIC AVENUE, AND 2325 HEARST AVENUE",BERKELEY,CA,94709,Alameda County,01,(510) 548-7270,RES,true,true,true,2028-05-31,false,93,93,1.1,CO-ED,true,false,37.875585,-122.262334
010013BN,NEW BRIDGE FOUNDATION - HELIOS,"THE NEW BRIDGE FOUNDATION, INC.",1777 LE ROY AVENUE,,,BERKELEY,CA,94709,Alameda County,01,(510) 548-7270,NON,false,false,true,2028-07-31,false,0,0,1.1,CO-ED,false,false,37.876548,-122.258536
010013CN,"NEW BRIDGE FOUNDATION, INC.","THE NEW BRIDGE FOUNDATION, INC.",2323 HEARST AVENUE,,,BERKELEY,CA,94709,Alameda County,01,(510) 548-7270,NON,false,false,true,2027-06-30,false,0,0,1.1,CO-ED,false,false,37.874778,-122.26286
010061HN,SECOND CHANCE HAYWARD,SECOND CHANCE INC,107 JACKSON ST,,,HAYWARD,CA,94544,Alameda County,01,(510) 886-8696,NON,false,false,true,2026-12-31,false,0,0,1.1,CO-ED,false,false,37.657661,-122.086779
010062AN,FRIENDSHIP HOUSE AMERICAN INDIAN LODGE,THE FRIENDSHIP HOUSE ASSOCIATION OF AMERICAN INDIANS,1818 38TH AVENUE,,1815 39TH AVENUE,OAKLAND,CA,94601,Alameda County,01,(510) 535-7100,RES,false,true,true,2027-02-28,false,9,20,1.4,WOMEN/CHILDREN,false,false,37.777738,-122.217647
010066DN,OPTIONS RECOVERY SERVICES,OPTIONS RECOVERY SERVICES,1835 ALLSTON WAY,,,BERKELEY,CA,94703,Alameda County,01,(510) 666-9552,NON,false,false,true,2026-12-31,false,0,0,1.1,CO-ED,false,false,37.868841,-122.274056
010066EN,OPTIONS RECOVERY SERVICES,OPTIONS RECOVERY SERVICES,1300 E 14TH ST,,,SAN LEANDRO,CA,94577,Alameda County,01,(510) 666-9552,NON,false,false,true,2026-12-31,false,0,0,1.1,CO-ED,false,false,37.724733,-122.155452
010066FN,OPTIONS RECOVERY SERVICES,OPTIONS RECOVERY SERVICES,1630 10TH ST,,,OAKLAND,CA,94607,Alameda County,01,(510) 666-9552,NON,false,false,true,2026-12-31,false,0,0,1.1,CO-ED,false,false,37.809153,-122.296741
010066GN,OPTIONS RECOVERY SERVICES,OPTIONS RECOVERY SERVICES,1931 CENTER ST,,,BERKELEY,CA,94704,Alameda County,01,(510) 666-9552,NON,false,false,true,2026-12-31,false,0,0,1.1,CO-ED,false,false,37.869839,-122.271808
010072AN,MEN ON THE WAY,WOMEN ON THE WAY RECOVERY CENTER,20424 HAVILAND AVENUE,,,HAYWARD,CA,94541,Alameda County,01,(510) 698-6688,RES,false,true,false,2028-03-31,false,10,10,1.2,MEN ONLY,false,false,37.680428,-122.105592
010079AP,TERRA FIRMA DIVERSION/EDUCATIONAL SERVICES,TERRA FIRMA DIVERSION/EDUCATIONAL SERVICES,30086 MISSION BOULEVARD,,,HAYWARD,CA,94544,Alameda County,01,(510) 675-9362,NON,false,false,true,2027-08-31,false,0,0,1.1,CO-ED,false,false,37.626469,-122.043094
010081AN,MAGNOLIA WOMEN'S RECOVERY PROGRAM,"MAGNOLIA WOMEN'S RECOVERY PROGRAMS, INC.",682 BRIERGATE WAY,,,HAYWARD,CA,94544,Alameda County,01,(510) 535-1346,RES,false,true,true,2027-09-30,false,6,12,1.4,WOMEN/CHILDREN,false,false,37.62609,-122.038914
010081CN,"MAGNOLIA WOMEN'S RECOVERY PROGRAMS, INC.","MAGNOLIA WOMEN'S RECOVERY PROGRAMS, INC.",3408 ANDOVER STREET,,,OAKLAND,CA,94609,Alameda County,01,(510) 547-1531,RES,false,true,true,2027-02-28,false,10,20,1.4,WOMEN/CHILDREN,false,false,37.822324,-122.264057
010090BN,"NATIVE AMERICAN HEALTH CENTER, INC.","NATIVE AMERICAN HEALTH CENTER, INC.",3124 INTERNATIONAL BOULEVARD,SUITE 400,,OAKLAND,CA,94601,Alameda County,01,(510) 434-5421,NON,false,false,true,2026-12-31,false,0,0,1.1,CO-ED,false,false,37.777957,-122.226344
010099BN,CAL-PEP DAY TREATMENT,CAL-PEP,2811 ADELINE ST,,,EMERYVILLE,CA,94608,Alameda County,01,(510) 874-7850,NON,false,false,true,2026-12-31,false,0,0,1.1,CO-ED,false,false,37.820588,-122.282628
010101AN,SI SE PUEDE/LATINO FAMILY SERVICES CENTER,THE ALLIANCE FOR COMMUNITY WELLNESS,1315 FRUITVALE AVENUE,,,OAKLAND,CA,94601,Alameda County,01,(510) 300-3170,NON,false,false,true,2027-10-31,false,0,0,1.12,WOMEN/YOUTH,false,false,37.777072,-122.226146
010101CN,EL CHANTE RESIDENTIAL HOME,THE ALLIANCE FOR COMMUNITY WELLNESS,425 VERNON STREET,,,OAKLAND,CA,94610,Alameda County,01,(510) 465-4569,RES,false,true,true,2027-10-31,false,20,20,1.2,MEN ONLY,false,false,37.81679,-122.253542
010101EN,YOUTH FOR CHANGE,THE ALLIANCE FOR COMMUNITY WELLNESS,3315 INTERNATIONAL BOULEVARD,,,OAKLAND,CA,94601,Alameda County,01,(510) 300-3500,NON,false,false,true,2026-12-31,false,0,0,1.5,YOUTH/ADOLESCENT,false,false,37.776802,-122.224352
010101FN,WOMEN'S SERVICES ENHANCEMENT PROGRAM (WESP),THE ALLIANCE FOR COMMUNITY WELLNESS,1319 FRUITVALE AVE,,,OAKLAND,CA,94601,Alameda County,01,(510) 300-3170,NON,false,false,true,2027-06-30,false,0,0,1.3,WOMEN ONLY,false,false,37.777071,-122.226146
010102BN,SENIOR HOMELESS SERVICES,ST. MARY'S CENTER,925 BROCKHURST STREET,,,OAKLAND,CA,94608,Alameda County,01,(510) 923-9600 X250,NON,false,false,true,2028-05-31,false,0,0,1.1,CO-ED,false,false,37.823463,-122.276778
010106CN,WILMA CHAN HIGHLAND HOSPITAL SUBSTANCE USE PROGRAM,ALAMEDA HEALTH SYSTEM,1411 E 31ST STREET,ROOM OA1,,OAKLAND,CA,94602,Alameda County,01,(510) 437-5122,NON,false,false,true,2027-08-31,false,0,0,1.1,CO-ED,false,false,37.799262,-122.231488
010110BP,OCEAN PSYCHIATRY IOP,"OCEAN PSYCHIATRY, INC.",39210 STATE STREET,SUITE 100,,FREEMONT,CA,94538,Alameda County,01,(510) 451-2000,NON,false,false,true,2026-12-31,false,0,0,1.1,CO-ED,false,false,37.549042,-121.982668
010113AP,TRANQUILITY REHAB,TRANQUILITY REHAB LLC,25872 FIVE CANYONS PKWY,,"27149 AND 27167 FIELDING DRIVE, HAYWARD, CA 94552 AND 4428 EWING ROAD",CASTRO VALLEY,CA,94546,Alameda County,01,(925) 596-5731,RES,true,true,true,2027-01-31,false,24,24,1.1,CO-ED,true,false,37.675272,-122.031168
010114AN,SECOND CHANCE TRI-CITIES,SECOND CHANCE INC,6330 THORNTON AVENUE,,,NEWARK,CA,94560,Alameda County,01,(510) 792-4357,NON,false,false,true,2026-12-31,false,0,0,1.10,CO-ED/YOUTH,false,false,37.534327,-122.032591
010115AN,"CITY OF FREMONT, HUMAN SERVICES DEPARTMENT","CITY OF FREMONT, HUMAN SERVICES DEPARTMENT",39155 LIBERTY STREET,ROOM E500 AND H850,,FREMONT,CA,94537,Alameda County,01,(510) 574-2000,NON,false,false,true,2026-12-31,false,0,0,1.10,CO-ED/YOUTH,false,false,37.551237,-121.982834
010117AP,PATHWAY HUMANITY,"PATHWAY HUMANITY PERSONNEL, SPC",6239 BROMLEY AVENUE,,,OAKLAND,CA,94621,Alameda County,01,(888) 710-7760,RES,false,true,true,2027-11-30,false,9,9,1.1,CO-ED,false,false,37.765416,-122.193806
010117BP,PATHWAY HUMANITY,"PATHWAY HUMANITY PERSONNEL, SPC",3936 ANGELO AVENUE,,,OAKLAND,CA,94619,Alameda County,01,(888) 710-7760,RES,false,true,true,2027-11-30,false,6,6,1.1,CO-ED,false,false,37.78713,-122.202379
010118AP,TIAMAT TREATMENT CENTER,TIAMAT TREATMENT CENTER LLC,3022 INTERNATIONAL BLVD.,SUITE 410,,OAKLAND,CA,94601,Alameda County,01,(510) 813-5939,NON,false,false,true,2027-11-30,false,0,0,1.1,CO-ED,false,false,37.778546,-122.227587
010119AP,ZION HEALING CENTER EAST BAY,R2 CONSULTANCY LLC,5720 STONERIDGE MALL ROAD,SUITE 360,,PLEASANTON,CA,94588,Alameda County,01,(408) 218-4506,NON,false,false,true,2027-11-30,false,0,0,1.1,CO-ED,false,false,37.692626,-121.930356
010120AP,RENEWAL RECOVERY LLC,RENEWAL RECOVERY LLC,1151 HARBOR BAY PARKWAY,SUITE 134,,ALAMEDA,CA,94502,Alameda County,01,(323) 426-5598,NON,false,false,true,2027-11-30,false,0,0,1.1,CO-ED,false,false,37.726743,-122.231238
010121AP,RILEY RECOVERY CENTERS,RILEY RECOVERY CENTERS LLC,2332 HARRISON ST.,FLOOR 3-5,,OAKLAND,CA,94612,Alameda County,01,(720) 270-2423,NON,false,false,true,2028-03-31,false,0,0,1.1,CO-ED,false,false,37.811999,-122.261787
010121BP,RILEY RECOVERY CENTERS,RILEY RECOVERY CENTERS LLC,20880 BAKER ROAD,,,CASTRO VALLEY,CA,94546,Alameda County,01,(720) 270-2423,NON,false,false,true,2028-03-31,false,0,0,1.1,CO-ED,false,false,37.694384,-122.083573
010122AP,NEW PATHWAY RECOVERY IOP LLC,NEW PATHWAY RECOVERY IOP LLC,7080 DONLON WAY,SUITE 214,,DUBLIN,CA,94568,Alameda County,01,(510) 993-9296,NON,false,false,true,2028-07-31,false,0,0,1.1,CO-ED,false,false,37.702532,-121.939294
020001AN,ALPINE COUNTY BEHAVIORAL HEALTH SERVICES,ALPINE COUNTY HEALTH HUMAN SERVICES,40 DIAMOND VALLEY RD,,,MARKLEEVILLE,CA,96120,Alpine County,02,(530) 694-1816,NON,false,false,true,2026-12-31,false,0,0,1.1,CO-ED,false,false,38.76977,-119.816731
030002AP,MORE TO LIFE RECOVERY,"JEFFREY R. HODGSON, MD CORPORATION",20100 QUARTZ MOUNTAIN ROAD N,,,FIDDLETOWN,CA,95629,Amador County,03,(312) 305-9378,RES,true,true,false,2026-10-31,false,6,6,1.1,CO-ED,true,false,38.50143,-120.768889
030003AN,AMADOR COUNTY BEHAVIORAL HEALTH,COUNTY OF AMADOR,10877 CONDUCTOR BLVD,SUITE 300,,SUTTER CREEK,CA,95685,Amador County,03,(209) 223-6412,NON,false,false,true,2026-12-31,false,0,0,1.1,CO-ED,false,false,38.364417,-120.817466
040006NN,SKYWAY HOUSE,SKYWAY HOUSE,3105 ESPLANADE,,,CHICO,CA,95973,Butte County,04,(530) 898-8326,RES,false,true,true,2027-10-31,false,22,22,1.1,CO-ED,false,false,39.767371,-121.872039
040006ON,SKYWAY HOUSE OUTPATIENT,SKYWAY HOUSE,392 CONNORS COURT,SUITE D,,CHICO,CA,95926,Butte County,04,(530) 898-8326,NON,false,false,true,2027-02-28,false,0,0,1.1,CO-ED,false,false,39.758942,-121.855794
040034BN,ELIJAH HOUSE COUNSELING SOLUTIONS,ELIJAH HOUSE FOUNDATION,2060 PARK AVENUE,,,OROVILLE,CA,95966,Butte County,04,(530) 854-4119,NON,false,false,true,2028-02-29,false,0,0,1.2,MEN ONLY,false,false,39.50916,-121.55202
040035AP,NEW START RECOVERY SOLUTIONS,SIERRA HEALTH AND WELLNESS CENTERS LLC,40 COYOTE MOON TRAIL,,42 COYOTE MOON TRAIL,BANGOR,CA,95914,Butte County,04,(866) 303-6275,RES,true,true,true,2028-02-29,false,16,16,1.1,CO-ED,true,false,39.400382,-121.412882
040036AP,TRI COUNTY TREATMENT,KIANA CHAPMAN,2740 ORO DAM BLVD. E,,,OROVILLE,CA,95966,Butte County,04,(530) 533-5272,RES,false,true,true,2027-06-30,false,48,48,1.2,MEN ONLY,false,false,39.508361,-121.544242
040036BP,TRI COUNTY TREATMENT OUTPATIENT,KIANA CHAPMAN,1881 ROBINSON STREET,SUITE E,,OROVILLE,CA,95965,Butte County,04,(530) 693-4290,NON,false,false,true,2027-06-30,false,0,0,1.1,CO-ED,false,false,39.511821,-121.556027
040037AN,OROVILLE SUBSTANCE USE TREATMENT AND RECOVERY SERVICES,COUNTY OF BUTTE,2430 BIRD STREET,,,OROVILLE,CA,95965,Butte County,04,(530) 538-7277,NON,false,false,true,2026-12-31,false,0,0,1.1,CO-ED,false,false,39.515096,-121.549836
040037BN,OROVILLE STEPPING STONES,COUNTY OF BUTTE,2167 MONTGOMERY STREET,SUITE C,,OROVILLE,CA,95965,Butte County,04,(530) 538-4359,NON,false,false,true,2026-12-31,false,0,0,1.12,WOMEN/YOUTH,false,false,39.514651,-121.553685
040037CN,SUBSTANCE USE TREATMENT AND RECOVERY SERVICES,COUNTY OF BUTTE,560 COHASSET ROAD,SUITE 165,,CHICO,CA,95926,Butte County,04,(530) 879-3950,NON,false,false,true,2026-12-31,false,0,0,1.10,CO-ED/YOUTH,false,false,39.752023,-121.847673
040037DN,CHICO STEPPING STONES,COUNTY OF BUTTE,109 PARMAC ROAD,SUITE 2,,CHICO,CA,95926,Butte County,04,(530) 879-3363,NON,false,false,true,2026-12-31,false,0,0,1.12,WOMEN/YOUTH,false,false,39.753709,-121.850552
040038AP,ELEV8 RECOVERY SOLUTIONS,ELEV8 RECOVERY SOLUTIONS LLC,5075 LINCOLN BLVD,,,OROVILLE,CA,95966,Butte County,04,(707) 364-4103,RES,false,true,true,2027-01-31,false,30,30,1.2,MEN ONLY,false,false,39.481662,-121.550189
040039AN,SUD/MAT PROGRAM,AMPLA HEALTH,680 COHASSET ROAD,,,CHICO,CA,95926,Butte County,04,(530) 751-3755,NON,false,false,true,2028-03-31,false,0,0,1.1,CO-ED,false,false,39.752288,-121.846204
040039BN,SUD/MAT PROGRAM,AMPLA HEALTH,2800 LINCOLN BLVD.,,,OROVILLE,CA,95965,Butte County,04,(530) 534-7500,NON,false,false,true,2028-03-31,false,0,0,1.1,CO-ED,false,false,39.501598,-121.55141
050002AN,CHANGING ECHOES,"CHANGING ECHOES, INC.",7632 POOL STATION ROAD,,,ANGELS CAMP,CA,95222,Calaveras County,05,(209) 785-3667,RES,true,true,true,2027-09-30,false,20,20,1.1,CO-ED,false,false,38.09763,-120.659861
050005AP,THE LAKES TREATMENT CENTER,"THE LAKES TREATMENT CENTER, INC.",7260 O'BYRNES FERRY ROAD,,,COPPEROPOLIS,CA,95228,Calaveras County,05,(209) 325-8526,RES,true,true,true,2028-07-31,false,76,80,1.1,CO-ED,true,false,37.896222,-120.573779
050006AP,TURNING POINT,"TURNING POINT OF ARNOLD, LLC",1194 CEDAR STREET,,,ARNOLD,CA,95223,Calaveras County,05,(209) 822-3117,RES,false,true,true,2027-12-31,false,12,12,1.1,CO-ED,false,false,38.257296,-120.351146
050007AN,"HEALTH AND HUMAN SERVICES AGENCY, SUBSTANCE ABUSE PROGRAM",COUNTY OF CALAVERAS,590 TOYANZA DRIVE,,,SAN ANDREAS,CA,95249,Calaveras County,05,(209) 754-6555,NON,false,false,true,2026-10-31,false,0,0,1.1,CO-ED,false,false,38.188498,-120.674044
060002AN,COLUSA COUNTY BEHAVIORAL HEALTH,COLUSA COUNTY BEHAVIORAL HEALTH,162 E CARSON STREET,SUITE A,,COLUSA,CA,95932,Colusa County,06,(530) 458-0520,NON,false,false,true,2026-12-31,false,0,0,1.1,CO-ED,false,false,39.204859,-122.001478
070001AFN,A CHANCE FOR FREEDOM,BI-BETT,560 LENNON LANE,SUITE 200,,WALNUT CREEK,CA,94598,Contra Costa County,07,(925) 685-7418,NON,false,false,true,2026-12-31,false,0,0,1.1,CO-ED,false,false,37.929544,-122.031658
070001AN,DIABLO VALLEY RANCH,BI-BETT,11540 MARSH CREEK ROAD,,,CLAYTON,CA,94517,Contra Costa County,07,(925) 672-5700,RES,false,true,true,2028-03-31,false,58,59,1.2,MEN ONLY,true,false,37.900323,-121.865249
070001CN,PUEBLOS DEL SOL,BI-BETT,2090 COMMERCE AVENUE,,,CONCORD,CA,94520,Contra Costa County,07,(925) 676-2580,RES,true,true,true,2028-04-30,false,20,20,1.2,MEN ONLY,true,false,37.975326,-122.046317
070001KN,FREDERIC OZANAM CENTER,BI-BETT,2931 PROSPECT AVENUE,,2950 PROSPECT AVENUE & 1390 SANTA CLARA AVENUE,CONCORD,CA,94518,Contra Costa County,07,(925) 676-4840,RES,true,true,false,2026-10-31,false,16,16,1.3,WOMEN ONLY,false,false,37.971693,-122.026216
070001ZN,EAST COUNTY WOMEN'S RECOVERY CENTER/EAST COUNTY WOLLAM,BI-BETT,2 DAVI AVENUE,,"4, 12, 14, 22, AND 24 DAVI AVENUE",PITTSBURG,CA,94565,Contra Costa County,07,(925) 427-1384,RES,true,true,false,2027-02-28,false,27,33,1.4,WOMEN/CHILDREN,true,false,38.024259,-121.89119
070007AP,ALHAMBRA VALLEY RETREAT,"ALHAMBRA VALLEY RETREAT, LLC",77 QUAIL LANE,,,MARTINEZ,CA,94553,Contra Costa County,07,(925) 286-7342,RES,false,true,true,2028-05-31,false,6,6,1.2,MEN ONLY,false,false,37.960922,-122.133707
070008AN,THE RECTORY WOMEN'S RECOVERY CENTER,UJIMA FAMILY RECOVERY SERVICES,1901 CHURCH LANE,,,SAN PABLO,CA,94806,Contra Costa County,07,(510) 236-3134,RES,false,true,true,2027-02-28,false,12,21,1.4,WOMEN/CHILDREN,true,false,37.957296,-122.341612
070008BN,LA CASA UJIMA,UJIMA FAMILY RECOVERY SERVICES,904 MELLUS STREET,,,MARTINEZ,CA,94553,Contra Costa County,07,(925) 229-0230,RES,false,true,true,2027-02-28,false,12,18,1.4,WOMEN/CHILDREN,false,false,38.015897,-122.132866
070008CN,UJIMA WEST OUTPATIENT TREATMENT PROGRAM,UJIMA FAMILY RECOVERY SERVICES,12960 SAN PABLO AVENUE,,,RICHMOND,CA,94805,Contra Costa County,07,(510) 215-2280,NON,false,false,true,2027-02-28,false,0,0,1.3,WOMEN ONLY,false,false,37.948719,-122.331429
070008EN,UJIMA EAST INTENSIVE DAY TREATMENT PROGRAM,UJIMA FAMILY RECOVERY SERVICES,535 MARINA BLVD,,,PITTSBURG,CA,94565,Contra Costa County,07,(925) 427-9100,NON,false,false,true,2027-02-28,false,0,0,1.1,CO-ED,false,false,38.032445,-121.8854
070008HN,THE RECTORY WOMEN'S RECOVERY CENTER,UJIMA FAMILY RECOVERY SERVICES,1916 CHURCH LANE,,,SAN PABLO,CA,94806,Contra Costa County,07,(510) 236-3134,RES,false,true,true,2027-02-28,false,3,6,1.1,CO-ED,false,false,37.95743,-122.341408
070008LN,UJIMA CENTRAL OUTPATIENT PROGRAM (AKA UJIMA CENTRAL MOTHERS' PROGRAM),UJIMA FAMILY RECOVERY SERVICES,2975 TREAT BLVD,SUITE B-5,,CONCORD,CA,94518,Contra Costa County,07,(925) 691-5083,NON,false,false,true,2026-12-31,false,0,0,1.1,CO-ED,false,false,37.938046,-122.02642
070012BN,DISCOVERY HOUSE,CONTRA COSTA COUNTY HEALTH SERVICES DEPARTMENT,4645 PACHECO BOULEVARD,,,MARTINEZ,CA,94553,Contra Costa County,07,(925) 646-9270,RES,false,true,true,2027-10-31,false,40,40,1.2,MEN ONLY,false,false,38.003657,-122.084794
070024CN,REACH PROJECT,R.E.A.C.H. PROJECT,3385 MAIN STREET,SUITE B,,OAKLEY,CA,94561,Contra Costa County,07,(925) 754-3673,NON,false,false,true,2028-05-31,false,0,0,1.1,CO-ED,false,false,37.997738,-121.715356
070024EN,R.E.A.C.H. PROJECT,R.E.A.C.H. PROJECT,1915 D STREET,,,ANTIOCH,CA,94509-2571,Contra Costa County,07,(925) 754-3673,NON,false,false,true,2028-07-31,false,0,0,1.1,CO-ED,false,false,38.00385,-121.810002
070024FN,REACH PROJECT BRENTWOOD FACILITY,R.E.A.C.H. PROJECT,9100 BRENTWOOD BOULEVARD,,,BRENTWOOD,CA,94513,Contra Costa County,07,(925) 666-8460,NON,false,false,true,2026-10-31,false,0,0,1.1,CO-ED,false,false,37.919031,-121.684595
070034AP,"J. COLE RECOVERY HOMES, INC.","J. COLE RECOVERY HOMES, INC.",1408 A STREET,,18 WEST 15TH STREET,ANTIOCH,CA,94509,Contra Costa County,07,(925) 978-2873,RES,false,true,true,2028-03-31,false,22,23,1.2,MEN ONLY,false,false,38.007752,-121.806044
070046AP,DIABLO VALLEY DRUG AND ALCOHOL SERVICES,DIABLO VALLEY DRUG AND ALCOHOL SERVICES INC.,111 DEERWOOD ROAD,#235,,SAN RAMON,CA,94583,Contra Costa County,07,(925) 289-1430,NON,true,false,true,2027-06-30,false,0,0,1.1,CO-ED,false,false,37.774057,-121.988349
070046BP,MAGNOLIA RECOVERY,DIABLO VALLEY DRUG AND ALCOHOL SERVICES INC.,2059 MAGNOLIA WAY,,,WALNUT CREEK,CA,94595,Contra Costa County,07,(925) 289-1430,RES,true,true,false,2027-06-30,false,6,6,1.1,CO-ED,true,false,37.883291,-122.070554
070048AP,NEW START RECOVERY SOLUTIONS,SIERRA HEALTH AND WELLNESS CENTERS LLC,2449 PACHECO STREET,,2118 AND 2150 EAST STREET,CONCORD,CA,94520,Contra Costa County,07,(530) 854-4119,RES,true,true,true,2028-02-29,false,29,29,1.1,CO-ED,true,false,37.980192,-122.031574
070049AN,"WESTCARE CALIFORNIA, INC.","WESTCARE CALIFORNIA, INC.",208 23RD STREET,,,RICHMOND,CA,94804,Contra Costa County,07,(559) 251-4800,RES,true,true,true,2028-07-31,false,25,25,1.2,MEN ONLY,false,false,37.934459,-122.347528
070050AN,ELDA,ELDA,2334 BUCHANAN ROAD,#2356,,ANTIOCH,CA,94509,Contra Costa County,07,(925) 303-7310,NON,false,false,true,2027-03-31,false,0,0,1.1,CO-ED,false,false,37.998699,-121.839392
070051AP,ANTIOCH REHAB LLC,ANTIOCH REHAB LLC,3720 SUNSET LN.,SUITE B,,ANTIOCH,CA,94509,Contra Costa County,07,(714) 609-9300,NON,false,false,true,2027-10-31,false,0,0,1.1,CO-ED,false,false,37.984192,-121.804238
070052BN,STARLIGHT HOME,CALIFORNIA PORTSMOUTH SQUARE ASSOCIATION,686 HUMBOLDT STREET,,,RICHMOND,CA,94805,Contra Costa County,07,(510) 236-3388,RES,false,true,false,2028-05-31,false,15,20,1.14,WOMEN/CHILD/DUAL,false,false,37.941055,-122.323243
070054AN,DESTINY BEHAVIORAL HEALTH,DESTINY BEHAVIORAL HEALTH,2250 CAMINO RAMON,,,SAN RAMON,CA,94583,Contra Costa County,07,(925) 275-1600,NON,false,false,true,2027-11-30,false,0,0,1.1,CO-ED,false,false,37.777623,-121.967901
070056AN,EAST COUNTY CHILDRENS BEHAVIORAL HEALTH,CONTRA COSTA COUNTY,2335 COUNTRY HILLS DR,,,ANTIOCH,CA,94531,Contra Costa County,07,(925) 608-8700,NON,false,false,true,2026-12-31,false,0,0,1.10,CO-ED/YOUTH,false,false,37.970193,-121.78417
070056BN,WEST COUNTY ADULT MENTAL HEALTH,CONTRA COSTA COUNTY,13585 SAN PABLO AVENUE,2ND FLOOR,,SAN PABLO,CA,94806,Contra Costa County,07,(925) 431-2600,NON,false,false,true,2026-12-31,false,0,0,1.1,CO-ED,false,false,37.956464,-122.337156
070056CN,EAST COUNTY ADULT MENTAL HEALTH,CONTRA COSTA COUNTY,2311 LOVERIDGE RD,2ND FLOOR,,PITTSBURG,CA,94565,Contra Costa County,07,(925) 431-2600,NON,false,false,true,2026-12-31,false,0,0,1.1,CO-ED,false,false,38.007297,-121.871101
070056DN,CENTRAL COUNTY ADULT MENTAL HEALTH SERVICES,CONTRA COSTA COUNTY,1420 WILLOW PASS RD,2ND FLOOR,,CONCORD,CA,94520,Contra Costa County,07,(925) 646-5622,NON,false,false,true,2026-12-31,false,0,0,1.1,CO-ED,false,false,37.969668,-122.050531
070056EN,CENTRAL COUNTY CHILDREN'S MENTAL HEALTH SERVICES,CONTRA COSTA COUNTY,2425 BISSO LN,SUITE 200,,CONCORD,CA,94520,Contra Costa County,07,(925) 648-5468,NON,false,false,true,2026-12-31,false,0,0,1.10,CO-ED/YOUTH,false,false,37.984451,-122.046959
070056FN,WEST COUNTY CHILDRENS BEHAVIORAL HEALTH,CONTRA COSTA COUNTY,13585 SAN PABLO AVE,1ST FLOOR,,SAN PABLO,CA,94806,Contra Costa County,07,(510) 942-4700,NON,false,false,true,2026-12-31,false,0,0,1.10,CO-ED/YOUTH,false,false,37.956464,-122.337156
070057AN,OPTIONS RECOVERY SERVICES,OPTIONS RECOVERY SERVICES,1470 CIVIC COURT,SUITE 100,,CONCORD,CA,94520,Contra Costa County,07,(510) 666-9552,NON,false,false,true,2026-12-31,false,0,0,1.1,CO-ED,false,false,37.971916,-122.049408
070058AP,BAY AREA RECOVERY LLC,BAY AREA RECOVERY LLC,17 CAMINO ENCINAS,,,ORINDA,CA,94563,Contra Costa County,07,(415) 996-3965,RES,true,true,false,2027-01-31,false,6,6,1.1,CO-ED,true,false,37.876362,-122.179942
070059AN,ELDAHOUSE,ELDAHOUSE,2334 BUCHANNAN ROAD,SUITE 2334 AND 2352,,ANTIOCH,CA,94509,Contra Costa County,07,(510) 759-1970,NON,false,false,true,2027-04-30,false,0,0,1.5,YOUTH/ADOLESCENT,false,false,37.998699,-121.839392
070060AP,PATHWAY HUMANITY MENTAL ILLNESS TREATMENT AND SUBSTANCE DISORDER SUPPORT,"PATHWAY HUMANITY PERSONNEL, SPC",1320 WILLOW PASS ROAD,SUITE 624,,CONCORD,CA,94520,Contra Costa County,07,(888) 710-7760,NON,true,false,true,2027-08-31,false,0,0,1.1,CO-ED,false,false,37.968822,-122.051806
070061AP,HOLISTIC PATHWAYS,VENORD ENTERPRISE INC.,801 E. 18TH STREET,,,ANTIOCH,CA,94509,Contra Costa County,07,(909) 714-3672,NON,false,false,true,2028-02-29,false,0,0,1.1,CO-ED,false,false,38.004923,-121.79145
070062AP,CATALYST CARES EMPOWERMENT CENTER,"CATALYST CARES EMPOWERMENT CENTER, LLC",3223 BLUME DRIVE,FLR 2,,RICHMOND,CA,94806,Contra Costa County,07,(510) 390-5467,NON,false,false,true,2028-04-30,false,0,0,1.1,CO-ED,false,false,37.982573,-122.322748
070063AP,BAY AREA REHAB LLC,BAY AREA REHAB LLC,11 DUNCAN HILL CT.,,,SAN RAMON,CA,95483,Contra Costa County,07,(510) 766-6625,RES,true,true,true,2028-05-31,false,6,6,1.1,CO-ED,true,false,37.74143,-121.958102
080005AN,DHHS BEHAVIORAL HEALTH BRANCH,COUNTY OF DEL NORTE,455 K STREET,,,CRESCENT CITY,CA,95531,Del Norte County,08,(707) 464-7224,NON,false,false,true,2026-12-31,false,0,0,1.1,CO-ED,false,false,41.754608,-124.196074
090002AN,PROGRESS HOUSE MEN'S FACILITY,"PROGRESS HOUSE, INC.",838 BEACH COURT,,,LOTUS,CA,95651,El Dorado County,09,(530) 863-5863,RES,false,true,true,2028-05-31,false,24,26,1.2,MEN ONLY,true,false,38.80794,-120.906951
090002BN,PROGRESS HOUSE MEN'S FACILITY II,"PROGRESS HOUSE, INC.",5607 MOUNT MURPHY ROAD,,,GARDEN VALLEY,CA,95633,El Dorado County,09,(530) 863-5863,RES,false,true,true,2028-05-31,false,20,22,1.2,MEN ONLY,true,false,38.835274,-120.876051
090002FN,PROGRESS HOUSE PERINATAL FACILITY,"PROGRESS HOUSE, INC.",5494 PONY EXPRESS TRAIL,"HOUSE 1, 2, 3, 4 AND 5",,CAMINO,CA,95709,El Dorado County,09,(530) 863-5863,RES,false,true,true,2028-05-31,false,16,32,1.4,WOMEN/CHILDREN,true,false,38.749742,-120.616567
090002KN,GREEN VALLEY,"PROGRESS HOUSE, INC.",7161 GREEN VALLEY RD,SUITE A & B,,PLACERVILLE,CA,95667,El Dorado County,09,(530) 626-9240,RES,false,true,true,2027-03-31,false,20,20,1.2,MEN ONLY,true,false,38.722859,-120.850137
090007BP,RECOVERY IN ACTION,SHAMANIC LIVING CENTER,484 PLEASANT VALLEY RD,ROOM 4 AND 6,,DIAMOND SPRINGS,CA,95619,El Dorado County,09,(530) 344-7633,NON,false,false,true,2026-12-31,false,0,0,1.1,CO-ED,false,false,38.693823,-120.817971
090025BP,CAMERON PARK REHAB LLC,CAMERON PARK REHAB LLC,4120 CAMERON PARK DR.,SUITE 403,,CAMERON PARK,CA,95682,El Dorado County,09,(714) 609-9300,NON,false,false,true,2027-10-31,false,0,0,1.1,CO-ED,false,false,38.655343,-120.968989
090027AP,FIRST STEPS RECOVERY,"TRUE NORTH DETOX, LLC",6271 MR MAGPIE CT,,,SHINGLE SPRINGS,CA,95682,El Dorado County,09,(844) 244-7837,RES,true,true,true,2027-03-31,false,16,16,1.1,CO-ED,true,false,38.592068,-120.970115
090027BP,FIRST STEPS RECOVERY,"TRUE NORTH DETOX, LLC",3820 EL DORADO HILLS BLVD,SUITE 401,,EL DORADO HILLS,CA,95762,El Dorado County,09,(844) 244-7837,NON,true,false,true,2026-12-31,false,0,0,1.1,CO-ED,false,false,38.659252,-121.071792
090028AN,EL DORADO COUNTY SUBSTANCE USE DISORDER SERVICES - SPRING ST.,COUNTY OF EL DORADO,929 SPRING ST,,,PLACERVILLE,CA,95667,El Dorado County,09,(530) 621-6207,NON,false,false,true,2026-12-31,false,0,0,1.1,CO-ED,false,false,38.732373,-120.801463
090028BN,ALCOHOL AND DRUG PROGRAM - CCC PROGRAM,COUNTY OF EL DORADO,3974 DUROCK ROAD,"SUITE 205, ROOMS 113,114,116,118",,SHINGLE SPRINGS,CA,95682,El Dorado County,09,(530) 621-6290,NON,false,false,true,2026-12-31,false,0,0,1.1,CO-ED,false,false,38.660305,-120.942881
090028CN,ALCOHOL AND DRUG PROGRAM - SOUTH LAKE TAHOE,COUNTY OF EL DORADO,1900 LAKE TAHOE BLVD,,,SOUTH LAKE TAHOE,CA,96150,El Dorado County,09,(530) 621-6290,NON,false,false,true,2026-12-31,false,0,0,1.1,CO-ED,false,false,38.911704,-120.008329
090029AN,MOUNTAIN HIGH RECOVERY CENTER,MOUNTAIN HIGH RECOVERY CENTER,2494 LAKE TAHOE BLVD.,ROOM B7,,SOUTH LAKE TAHOE,CA,96150,El Dorado County,09,(530) 600-6505,NON,false,false,true,2027-10-31,false,0,0,1.1,CO-ED,false,false,38.924087,-119.988061
090030AP,SACRAMENTO WELLNESS,SACRAMENTO ADDICTION REHAB LLC,2011 KAILA WAY,,,EL DORADO HILLS,CA,95762,El Dorado County,09,(858) 342-9151,RES,true,true,true,2027-11-30,false,11,11,1.1,CO-ED,true,false,38.726507,-121.072877
100002DP,MY TIME RECOVERY,"MY TIME RECOVERY, LLC",5260 N BRYN MAWR DR,,5236 N BRYN MAWR DR,FRESNO,CA,93711,Fresno County,10,(559) 550-2809,RES,true,true,true,2027-06-30,false,12,12,1.1,CO-ED,true,false,36.812967,-119.831472
100002EP,MY TIME RECOVERY,"MY TIME RECOVERY, LLC",83 E SHAW AVENUE,"SUITE 200, 202, 203, 204, AND 250",,FRESNO,CA,93710,Fresno County,10,(702) 419-2592,NON,true,false,true,2026-12-31,false,0,0,1.1,CO-ED,false,false,36.808428,-119.788514
100002FP,MY TIME RECOVERY,"MY TIME RECOVERY, LLC",1015 E INDIANAPOLIS AVE,,,FRESNO,CA,93704,Fresno County,10,(559) 550-2809,RES,true,true,true,2027-06-30,false,6,6,1.1,CO-ED,true,false,36.79947,-119.798169
100003BN,COMPREHENSIVE ADDICTION PROGRAMS,"COMPREHENSIVE ADDICTION PROGRAMS, INCORPORATED",2445 W WHITESBRIDGE AVE,,,FRESNO,CA,93706,Fresno County,10,(559) 264-5096,RES,true,true,true,2027-09-30,false,85,85,1.1,CO-ED,false,false,36.73569,-119.839174
100006AN,NUESTRA CASA RECOVERY HOME,"FRESNO COUNTY HISPANIC COMMISSION ON ALCOHOL AND DRUG ABUSE SERVICES, INC.",1414 WEST KEARNEY BOULEVARD,,,FRESNO,CA,93706,Fresno County,10,(559) 485-0501,RES,false,true,true,2028-02-28,false,12,12,1.2,MEN ONLY,false,false,36.728684,-119.82799
100007AN,TURTLE LODGE,"SIERRA TRIBAL CONSORTIUM, INC.",610 WEST MCKINLEY AVENUE,,,FRESNO,CA,93728,Fresno County,10,(559) 445-2691,RES,true,true,true,2027-05-31,false,22,37,1.1,CO-ED,false,false,36.76481,-119.819134
100007BN,TURTLE LODGE,"SIERRA TRIBAL CONSORTIUM, INC.",31985 LODGE ROAD,SUITE 102,,AUBERRY,CA,93602,Fresno County,10,(559) 272-0691,NON,false,false,true,2026-11-30,false,0,0,1.1,CO-ED,false,false,37.045423,-119.472888
100008AP,ASCEND BEHAVIORAL HEALTH,CENTRAL VALLEY BEHAVIORAL HEALTH PSCHOLOGY CORPORATION,1781 EAST FIR AVENUE,SUITE 101,,FRESNO,CA,93720,Fresno County,10,(559) 593-9801,NON,false,false,true,2027-12-31,false,0,0,1.5,YOUTH/ADOLESCENT,false,false,36.839127,-119.750311
100010FN,WESTCARE CALIFORNIA,"WESTCARE CALIFORNIA, INC.",2772 SOUTH MARTIN LUTHER KING BOULEVARD,,,FRESNO,CA,93706,Fresno County,10,(559) 265-4800,RES,true,true,true,2028-01-31,false,198,223,1.1,CO-ED,false,false,36.700262,-119.799855
100010IN,"WESTCARE CALIFORNIA, INC.","WESTCARE CALIFORNIA, INC.",611 EAST BELMONT,,,FRESNO,CA,93701,Fresno County,10,(559) 251-3420,NON,false,false,true,2026-11-30,false,0,0,1.1,CO-ED,false,false,36.750417,-119.803744
100011AP,SIERRA MEADOWS BEHAVIORAL HEALTH,"SIERRA MEADOWS BEHAVIORAL HEALTH, A PROFESSIONAL PSYCHOLOGY CORPORATION",1781 EAST FIR AVENUE,SUITE 102,,FRESNO,CA,93720,Fresno County,10,(559) 326-7775,NON,false,false,true,2027-12-31,false,0,0,1.1,CO-ED,false,false,36.839127,-119.750311
100011BP,SIERRA MEADOWS,"SIERRA MEADOWS BEHAVIORAL HEALTH, A PROFESSIONAL PSYCHOLOGY CORPORATION",7247 N LAVAL AVE,,,FRESNO,CA,93720,Fresno County,10,(559) 326-7775,RES,true,true,true,2028-06-30,false,6,6,1.1,CO-ED,true,false,36.841256,-119.741789
100026HN,KINGS VIEW,KINGS VIEW,1410 F STREET,SUITE 101,,FRESNO,CA,93706,Fresno County,10,(559) 457-2302,NON,false,false,true,2026-12-31,false,0,0,1.1,CO-ED,false,false,36.734898,-119.799761
100028EN,QUEST HOUSE,"TURNING POINT OF CENTRAL CALIFORNIA, INC.",2731 WEST OLIVE AVENUE,,,FRESNO,CA,93728,Fresno County,10,(559) 233-5096,RES,false,true,true,2027-02-28,false,26,26,1.1,CO-ED,false,false,36.757403,-119.84285
100028HN,FIRST STREET CENTER OUTPATIENT PROGRAM,"TURNING POINT OF CENTRAL CALIFORNIA, INC.",3636 NORTH FIRST STREET,SUITE 135 AND 154,,FRESNO,CA,93726-6818,Fresno County,10,(559) 225-1464,NON,false,false,true,2027-07-31,false,0,0,1.1,CO-ED,false,false,36.783229,-119.772407
100039BN,FRESNO NEW CONNECTIONS,"FRESNO NEW CONNECTION, INC.",4411 NORTH CEDAR,SUITE 108,,FRESNO,CA,93726,Fresno County,10,(559) 248-1548,NON,false,false,true,2026-12-31,false,0,0,1.10,CO-ED/YOUTH,false,false,36.797989,-119.75434
100042CN,FRESNO FIRST,"MENTAL HEALTH SYSTEMS, INC.",2550 WEST CLINTON AVENUE,,,FRESNO,CA,93705-4201,Fresno County,10,(559) 365-9665,RES,true,true,true,2026-09-30,false,95,120,1.3,WOMEN ONLY,false,false,36.772032,-119.841602
100042DN,FAMILY & YOUTH ALTERNATIVES,"MENTAL HEALTH SYSTEMS, INC.",2550 W. CLINTON AVENUE,BUILDING B 128-138,,FRESNO,CA,93705,Fresno County,10,(858) 573-2600,NON,false,false,true,2028-04-30,false,0,0,1.1,CO-ED,false,false,36.772032,-119.841602
100042GN,FRESNO IMPACT,"MENTAL HEALTH SYSTEMS, INC.",2550 W. CLINTON AVENUE,"BUILDING A, ROOM 116",,FRESNO,CA,93705,Fresno County,10,(559) 570-0388,NON,false,false,true,2026-12-31,false,0,0,1.1,CO-ED,false,false,36.772032,-119.841602
100042HN,RISE,"MENTAL HEALTH SYSTEMS, INC.",2550 W. CLINTON AVENUE,"BUILDINGS G, H, I, J, K, L, M",,FRESNO,CA,93705,Fresno County,10,(559) 264-7521,RES,false,true,false,2028-04-30,false,110,110,1.1,CO-ED,false,false,36.772032,-119.841602
100043CN,PROMESA BEHAVIORIAL HEALTH,PROMESA BEHAVIORAL HEALTH,7120 N. MARKS AVENUE,SUITE 110,,FRESNO,CA,93711,Fresno County,10,(559) 439-5437,NON,false,false,true,2028-07-31,false,0,0,1.1,CO-ED,false,false,36.838729,-119.847365
100066BP,"UNIVERSAL HEALTH NETWORK AND SYSTEMS, INC.","UNIVERSAL HEALTH NETWORK AND SYSTEMS, INC.",625 EAST KEATS AVENUE,,627 EAST KEATS AVENUE,FRESNO,CA,93710-7000,Fresno County,10,(559) 252-5150,RES,true,true,true,2027-05-31,false,12,12,1.9,CO-ED/CHILDREN,false,false,36.810333,-119.776032
100076BP,TOUCHSTONE RECOVERY CENTER,"TOUCHSTONE RECOVERY CENTER, INC.",1781 EAST FIR AVENUE,SUITE 201,,FRESNO,CA,93720,Fresno County,10,(559) 298-6711,NON,true,false,true,2027-03-31,false,0,0,1.1,CO-ED,false,false,36.839127,-119.750311
100076CP,TOUCHSTONE RECOVERY CENTER,"TOUCHSTONE RECOVERY CENTER, INC.",1784 GRAYBARK AVENUE,,"2850 SAN JOSE AVENUE, CLOVIS, CA 93611",CLOVIS,CA,93619,Fresno County,10,(559) 298-6711,RES,true,true,true,2026-09-30,false,12,12,1.1,CO-ED,true,false,36.810577,-119.64751
100082AN,"DELTA CARE, INC.","DELTA CARE, INC.",4705 N SONORA AVENUE,SUITE 113A,,FRESNO,CA,93722,Fresno County,10,(559) 289-6785,NON,false,false,true,2027-05-31,false,0,0,1.1,CO-ED,false,false,36.806102,-119.865967
100087BN,CENTRAL CALIFORNIA RECOVERY,"CENTRAL CALIFORNIA RECOVERY, INCORPORATED",1204 W. SHAW AVENUE,SUITE 102,,FRESNO,CA,93711,Fresno County,10,(559) 681-1947,NON,false,false,true,2027-07-31,false,0,0,1.1,CO-ED,false,false,36.80846,-119.813094
100094DP,FIRST STEPS RECOVERY,"TRUE NORTH DETOX, LLC",22051 OAK HILL LANE,,"21877 OAK HILL LANE, 10428 AND 10422 N. ARMSTRONG AVE.",CLOVIS,CA,93619,Fresno County,10,(844) 244-7837,RES,true,true,true,2028-03-31,false,58,58,1.1,CO-ED,true,false,36.967816,-119.46204
100094EP,FIRST STEPS RECOVERY,"TRUE NORTH DETOX, LLC",2121 HERNDON AVE,SUITE 102,,CLOVIS,CA,93611,Fresno County,10,(844) 244-7837,NON,true,false,true,2028-03-31,false,0,0,1.1,CO-ED,false,false,36.837525,-119.677258
100096BP,ZION HEALING CENTERS,"CALIFORNIA INTEGRATIVE RECOVERY CENTERS, LLC",5765 N FRESNO ST,SUITE 101,,FRESNO,CA,93710,Fresno County,10,(559) 389-0622,NON,false,false,true,2026-12-31,false,0,0,1.1,CO-ED,false,false,36.822186,-119.78137
100097BP,ASPIRE COUNSELING SERVICES LLC,ASPIRE COUNSELING SERVICES LLC,7498 N. REMINGTON AVENUE,SUITE 102,,FRESNO,CA,93711,Fresno County,10,(888) 585-7373,NON,false,false,true,2026-09-30,false,0,0,1.1,CO-ED,false,false,36.846114,-119.803256
100098CN,A NEW AWAKENING OF THE SAN JOAQUIN,A NEW AWAKENING OF THE SAN JOAQUIN,4576 E SHIELDS AVE,,,FRESNO,CA,93726,Fresno County,10,(559) 579-0935,RES,true,true,true,2027-01-31,false,6,6,1.2,MEN ONLY,false,false,36.779492,-119.746525
100100AN,TOTAL LIFE CHANGE,"TOTAL LIFE CHANGE, INC",1300 E SHAW AVE,,,FRESNO,CA,93710,Fresno County,10,(559) 475-9779,NON,false,false,true,2027-03-31,false,0,0,1.8,DUAL DIAGNOSIS,false,false,36.80868,-119.765981
100103AP,SEQUOIA RECOVERY CENTER,SEQUOIA RECOVERY CENTER,2371 S ROGERS LN,,,FRESNO,CA,93727,Fresno County,10,(559) 818-0702,RES,true,true,false,2027-10-31,false,6,6,1.1,CO-ED,true,false,36.715954,-119.700603
100105AP,SHINE MENTAL HEALTH,MY TIME A PROFESSIONAL PSYCHOLOGY CORPORATION,7045 N. FRUIT AVENUE,,,FRESNO,CA,93711,Fresno County,10,(559) 379-3141,NON,false,false,true,2028-05-31,false,0,0,1.1,CO-ED,false,false,36.837899,-119.817431
100106AP,"NEW LIFE RECOVERY, LLC","NEW LIFE RECOVERY, LLC",207 N. BROADWAY ST.,,221 N. BROADWAY ST.,FRESNO,CA,93701,Fresno County,10,(559) 455-8006,RES,true,true,false,2028-03-31,false,16,16,1.1,CO-ED,true,false,36.746034,-119.803004
100106BP,"NEW LIFE RECOVERY, LLC","NEW LIFE RECOVERY, LLC",203 NORTH BROADWAY STREET,,,FRESNO,CA,93701,Fresno County,10,(559) 455-8006,NON,false,false,true,2026-12-31,false,0,0,1.1,CO-ED,false,false,36.746053,-119.803004
100107AN,SUNCROSS FOUNDATION,HOME SHELTER COMMUNITY SERVICES,2329 E. ASHLAN AVENUE,,,FRESNO,CA,93726,Fresno County,10,(559) 981-2144,NON,false,false,true,2026-10-31,false,0,0,1.1,CO-ED,false,false,36.794155,-119.783037
100108AP,"VITALIZE, A PROFESSIONAL PSYCHOLOGY CORPORATION","VITALIZE, A PROFESSIONAL PSYCHOLOGY CORPORATION",155 EAST SHAW AVENUE,#100 AND #201,,FRESNO,CA,93710,Fresno County,10,(559) 492-1560,NON,false,false,true,2028-05-31,false,0,0,1.1,CO-ED,false,false,36.808437,-119.786605
100109AN,PATHWAYS TO RECOVERY,COUNTY OF FRESNO,4452 E KINGS CANYON RD,,,FRESNO,CA,93702,Fresno County,10,(559) 600-6069,NON,false,false,true,2026-12-31,false,0,0,1.1,CO-ED,false,false,36.732352,-119.749739
100109BN,URGENT CARE WELLNESS CENTER,COUNTY OF FRESNO,1925 EAST DAKOTA AVENUE,,,FRESNO,CA,93726,Fresno County,10,(559) 600-6853,NON,false,false,true,2028-02-29,false,0,0,1.1,CO-ED,false,false,36.786838,-119.787912
100110AP,HER HARBOR RECOVERY CENTER,HER HARBOR LLC,6435 N PALM AVENUE,SUITE 104,,FRESNO,CA,93704,Fresno County,10,(559) 481-8318,NON,true,false,true,2026-10-31,false,0,0,1.3,WOMEN ONLY,false,false,36.830228,-119.808419
100111AP,PRODIGY HEALTHCARE INC.,PRODIGY HEALTHCARE INC.,311 E. MERCED STREET,,,FOWLER,CA,93625,Fresno County,10,(559) 892-9452,NON,false,false,true,2026-12-31,false,0,0,1.10,CO-ED/YOUTH,false,false,36.631501,-119.677443
100112AP,AUBERRY SOUTH,"MUIR WOOD, LLC",12820 AUBERRY ROAD,,,CLOVIS,CA,93619,Fresno County,10,(310) 903-1155,DSS,false,false,true,2026-12-31,false,0,0,1.5,YOUTH/ADOLESCENT,false,false,36.922513,-119.71073
100112BP,AUBERRY NORTH,"MUIR WOOD, LLC",18685 AUBERRY ROAD,,,CLOVIS,CA,93619,Fresno County,10,(310) 903-1155,DSS,false,false,true,2026-12-31,false,0,0,1.5,YOUTH/ADOLESCENT,false,false,36.964464,-119.647699
100112CP,MUIR WOOD ADOLESCENT & FAMILY SERVICES OUTPATIENT,"MUIR WOOD, LLC",8441 N MILLBROOK AVE,SUITE 102 & 104,,FRESNO,CA,93720,Fresno County,10,(855) 684-7966,NON,false,false,true,2027-06-30,false,0,0,1.7,FAMILIES,false,false,36.858205,-119.765813
100113AP,LIT SOBER LIVING AND TRANSFORMATION CENTER LLC,LIT SOBER LIVING AND TRANSFORMATION CENTER LLC,4759 E OLIVE AVE,SUITE 102,,FRESNO,CA,93702,Fresno County,10,(559) 538-0251,NON,false,false,true,2028-07-31,false,0,0,1.1,CO-ED,false,false,36.757751,-119.738237
110003AN,GLENN COUNTY SUBSTANCE USE PROGRAM,COUNTY OF GLENN,1187 E. SOUTH ST,,,ORLAND,CA,95963,Glenn County,11,(530) 865-6459,NON,false,false,true,2026-10-31,false,0,0,1.1,CO-ED,false,false,39.735758,-122.16738
110003BN,GLENN COUNTY SUBSTANCE USE PROGRAM,COUNTY OF GLENN,604 E. WALKER ST,,,ORLAND,CA,95963,Glenn County,11,(530) 865-6106,NON,true,false,true,2026-10-31,false,0,0,1.1,CO-ED,false,false,39.747252,-122.174694
110003CN,GLENN COUNTY SUBSTANCE USE PROGRAM,COUNTY OF GLENN,242 N. VILLA AVE,,,WILLOWS,CA,95988,Glenn County,11,(530) 934-6582,NON,false,false,true,2026-10-31,false,0,0,1.1,CO-ED,false,false,39.522451,-122.208154
120001AN,HUMBOLDT RECOVERY CENTER,"HUMBOLDT RECOVERY CENTER, INCORPORATED",1116 9TH STREET,,"1120 9TH STREET, 1219 10TH STREET, 1303 11TH STREET, 905 L STREET,  944 AND 1024 N STREET",EUREKA,CA,95501,Humboldt County,12,(707) 443-4237,RES,true,true,true,2027-10-31,false,57,62,1.1,CO-ED,false,false,40.799583,-124.158324
120005AN,CROSSROADS,NORTH COAST SUBSTANCE ABUSE COUNCIL,1205 MYRTLE AVENUE,,1210 MYRTLE AVENUE,EUREKA,CA,95501,Humboldt County,12,(707) 601-6932,RES,false,true,true,2028-01-31,false,20,22,1.1,CO-ED,false,false,40.798682,-124.14671
120009AN,WATERFRONT RECOVERY SERVICES,"ALCOHOL/DRUG CARE SERVICE'S, INC.",2413 2ND STREET,,,EUREKA,CA,95501,Humboldt County,12,(707) 269-9590,RES,true,true,true,2027-06-30,false,56,56,1.1,CO-ED,true,false,40.806323,-124.145604
120011CN,HEALTHY MOMS PROGRAM,COUNTY OF HUMBOLDT,2910 H STREET,,,EUREKA,CA,95501,Humboldt County,12,(707) 441-5220,NON,false,false,true,2026-12-31,false,0,0,1.14,WOMEN/CHILD/DUAL,false,false,40.781801,-124.161375
120011DN,HUMBOLDT COUNTY PROGRAMS FOR RECOVERY,COUNTY OF HUMBOLDT,231 SECOND STREET,FIRST AND THIRD FLOORS,,EUREKA,CA,95501,Humboldt County,12,(707) 441-3773,NON,false,false,true,2026-12-31,false,0,0,1.10,CO-ED/YOUTH,false,false,40.804109,-124.168926
120021AP,REDWOOD RECOVERY CENTER LLC,REDWOOD RECOVERY CENTER LLC,4 7TH ST,SUITE B,,EUREKA,CA,95501,Humboldt County,12,(707) 601-2969,NON,false,false,true,2027-12-31,false,0,0,1.1,CO-ED,false,false,40.79954,-124.170733
130004CN,ADULT CALEXICO SUBSTANCE USE DISORDER TREATMENT PROGRAM,COUNTY OF IMPERIAL,25 EAST 3RD STREET,,,CALEXICO,CA,92231,Imperial County,13,(442) 265-6200,NON,true,false,true,2028-07-31,false,0,0,1.1,CO-ED,false,false,32.667782,-115.497814
130004DN,ADOLESCENT EL CENTRO SUBSTANCE USE DISORDER TREATMENT PROGRAM,COUNTY OF IMPERIAL,315 S. WATERMAN AVE,,,EL CENTRO,CA,92243,Imperial County,13,(442) 265-7270,NON,true,false,true,2028-07-31,false,0,0,1.1,CO-ED,false,false,32.791202,-115.574118
130004EN,ADOLESCENT CALEXICO SUBSTANCE USE DISORDER TREATMENT PROGRAM,COUNTY OF IMPERIAL,101 HACIENDA DRIVE,SUITE B,,CALEXICO,CA,92231,Imperial County,13,(442) 265-6410,NON,true,false,true,2028-07-31,false,0,0,1.1,CO-ED,false,false,32.682526,-115.500499
130005AN,EL CENTRO ADULT SUBSTANCE USE DISORDER TREATMENT PROGRAM,COUNTY OF IMPERIAL,2695 S. 4TH STREET,SUITE A,,EL CENTRO,CA,92243,Imperial County,13,(442) 265-7650,NON,true,false,true,2026-11-30,false,0,0,1.1,CO-ED,false,false,32.767849,-115.551997
140001AP,ALPINE RECOVERY CENTER,ROBERT B. DIBBLE,375 EAST LINE STREET,,,BISHOP,CA,93514,Inyo County,14,(760) 873-4357,NON,false,false,true,2027-12-31,false,0,0,1.1,CO-ED,false,false,37.361566,-118.389681
140004AN,CROSSROADS RECOVERY CENTER,CROSSROADS RECOVERY CENTER,536 W. LINE STREET,,,BISHOP,CA,93514,Inyo County,14,(661) 859-8318,NON,false,false,true,2027-12-31,false,0,0,1.1,CO-ED,false,false,37.361331,-118.399876
150003HN,LA VIDA NUEVA,KERN COUNTY HISPANIC COMMISSION ON ALCOHOL AND DRUG ABUSE SERVICES,4540 CALIFORNIA AVENUE,SUITE 560,,BAKERSFIELD,CA,93309,Kern County,15,(661) 634-9877,NON,false,false,true,2027-04-30,false,0,0,1.1,CO-ED,false,false,35.366323,-119.052689
150004AN,JASON'S RETREAT/CAPISTRANO COMMUNITY FOR WOMEN,BAKERSFIELD RECOVERY SERVICES INC.,600 BERNARD STREET,,2000 BAKER STREET,BAKERSFIELD,CA,93305,Kern County,15,(661) 325-1817,RES,true,true,true,2027-02-28,false,54,59,1.1,CO-ED,false,false,35.390291,-118.988895
150004GN,CAPISTRANO LINCOLN STREET RETREAT,BAKERSFIELD RECOVERY SERVICES INC.,708 LINCOLN STREET,,,BAKERSFIELD,CA,93305,Kern County,15,(661) 869-1795,RES,false,true,false,2027-09-30,false,14,26,1.4,WOMEN/CHILDREN,false,false,35.387166,-118.988546
150004HN,JASONS RETREAT IOP,BAKERSFIELD RECOVERY SERVICES INC.,531 KNOTTS STREET,,,BAKERSFIELD,CA,93305,Kern County,15,(661) 237-8200,NON,false,false,true,2026-12-31,false,0,0,1.1,CO-ED,false,false,35.391266,-118.989472
150011BN,BROTHERHOOD CENTER,"COMMUNITY SERVICES ORGANIZATION, BEHAVIORAL HEALTH PROGRAMS",1124 BAKER STREET,,,BAKERSFIELD,CA,93305,Kern County,15,(661) 327-9376,NON,false,false,true,2028-07-31,false,0,0,1.1,CO-ED,false,false,35.3806,-118.991584
150013BN,KEN KENNEMER SUBSTANCE ABUSE TREATMENT CENTER,"TURNING POINT OF CENTRAL CALIFORNIA, INC.",1100 UNION AVENUE,,,BAKERSFIELD,CA,93307,Kern County,15,(661) 861-6111,RES,false,true,true,2027-01-31,false,80,80,1.1,CO-ED,false,false,35.367568,-119.002803
150029AN,"WESTCARE CALIFORNIA, INC.","WESTCARE CALIFORNIA, INC.",2901 SOUTH H STREET,,,BAKERSFIELD,CA,93304,Kern County,15,(661) 251-4800,RES,false,true,false,2028-01-31,false,41,41,1.1,CO-ED,false,false,35.328474,-119.021362
150029DN,WESTCARE BAKERSFIELD OUTPATIENT,"WESTCARE CALIFORNIA, INC.",2909 SOUTH H STREET,,,BAKERSFIELD,CA,93304,Kern County,15,(661) 398-4303,NON,false,false,true,2026-12-31,false,0,0,1.1,CO-ED,false,false,35.328683,-119.021403
150031GN,COLLEGE COMMUNITY SERVICES DBA CLARVIDA- TEHACHAPI SUD,COLLEGE COMMUNITY SERVICES,1121 WEST VALLEY BLVD,SUITE B-C,,TEHACHAPI,CA,93561,Kern County,15,(661) 750-8290,NON,false,false,true,2026-12-31,false,0,0,1.1,CO-ED,false,false,35.124337,-118.468579
150031HN,COLLEGE COMMUNITY SERVICES DBA CLARVIDA - WASCO SUD,COLLEGE COMMUNITY SERVICES,928 F STREET,,,WASCO,CA,93280,Kern County,15,(661) 674-3378,NON,false,false,true,2026-12-31,false,0,0,1.1,CO-ED,false,false,35.591124,-119.333763
150031IN,COLLEGE COMMUNITY SERVICES DBA CLARVIDA - TAFT SUD,COLLEGE COMMUNITY SERVICES,1021 4TH STREET,SUITE B,,TAFT,CA,93268,Kern County,15,(661) 770-9158,NON,false,false,true,2026-12-31,false,0,0,1.1,CO-ED,false,false,35.149083,-119.453548
150031JN,COLLEGE COMMUNITY SERVICES DBA CLARVIDA - LAKE ISABELLA SUD,COLLEGE COMMUNITY SERVICES,2731 NUGGET AVE.,SUITE A,,LAKE ISABELLA,CA,93240,Kern County,15,(760) 379-3412,NON,false,false,true,2026-12-31,false,0,0,1.1,CO-ED,false,false,35.626574,-118.473192
150031KN,COLLEGE COMMUNITY SERVICES DBA CLARVIDA - MOJAVE SUD,COLLEGE COMMUNITY SERVICES,16940 HWY 14,SUITE C-J,,MOJAVE,CA,93501,Kern County,15,(661) 824-5020,NON,false,false,true,2026-12-31,false,0,0,1.1,CO-ED,false,false,35.069162,-118.17457
150031LN,COLLEGE COMMUNITY SERVICES DBA CLARVIDA - RIDGECREST SUD,COLLEGE COMMUNITY SERVICES,1400 NORTH NORMA ST,SUITE 133,,RIDGECREST,CA,93555,Kern County,15,(760) 677-4159,NON,false,false,true,2026-12-31,false,0,0,1.1,CO-ED,false,false,35.646527,-117.678754
150036FN,KERN BEHAVIORAL HEALTH AND RECOVERY SERVICES,COUNTY OF KERN,1401 L STREET,,,BAKERSFIELD,CA,93301,Kern County,15,(661) 868-6100,NON,false,false,true,2028-06-30,false,0,0,1.10,CO-ED/YOUTH,false,false,35.37068,-119.016483
150036GN,KERN BEHAVIORAL HEALTH AND RECOVERY SERVICES,COUNTY OF KERN,300 E. TRUXTUN AVENUE,,,BAKERSFIELD,CA,93305,Kern County,15,(661) 868-6100,NON,false,false,true,2028-06-30,false,0,0,1.5,YOUTH/ADOLESCENT,false,false,35.373385,-118.99939
150036IN,KERN BEHAVIORAL HEALTH AND RECOVERY SERVICES,COUNTY OF KERN,3300 TRUXTUN AVENUE,SUITE 320,,BAKERSFIELD,CA,93309,Kern County,15,(866) 266-4898,NON,false,false,true,2027-06-30,false,0,0,1.1,CO-ED,false,false,35.373597,-119.039439
150036JN,KERN BEHAVIORAL HEALTH AND RECOVERY SERVICES,COUNTY OF KERN,5121 STOCKDALE HIGHWAY,SUITE 150 A,,BAKERSFIELD,CA,93309,Kern County,15,(866) 266-4898,NON,false,false,true,2027-06-30,false,0,0,1.1,CO-ED,false,false,35.354105,-119.058903
150060DN,CASA AURORA,"MENTAL HEALTH SYSTEMS, INC.",1932 JESSE STREET,,,BAKERSFIELD,CA,93305,Kern County,15,(661) 447-4666,RES,false,true,false,2028-04-30,false,75,75,1.3,WOMEN ONLY,false,false,35.384843,-118.971898
150062BP,"ACTION FAMILY COUNSELING, INC.","ACTION FAMILY COUNSELING, INC.",407 HELEN WAY,,9301 OPAL STREET,BAKERSFIELD,CA,93307,Kern County,15,(800) 367-8336,RES,true,true,false,2028-04-30,false,22,22,1.1,CO-ED,false,false,35.270833,-119.008617
150070BN,BAKERSFIELD AMERICAN INDIAN HEALTH PROJECT,BAKERSFIELD AMERICAN INDIAN HEALTH PROJECT,501 40TH STREET,,,BAKERSFIELD,CA,93301,Kern County,15,(661) 327-4030,NON,false,false,true,2026-12-31,false,0,0,1.1,CO-ED,false,false,35.396104,-119.007225
150072BN,CORNERSTONE CENTER FOR SUBSTANCE ABUSE TREATMENT,"CORNERSTONE CENTER FOR COUNSELING AND DISCIPLESHIP, INC.",401 SOUTH MILL STREET,,,TEHACHAPI,CA,93561,Kern County,15,(661) 750-0438,NON,true,false,true,2026-12-31,false,0,0,1.1,CO-ED,false,false,35.128933,-118.453055
150076AP,ASPIRE COUNSELING SERVICES LLC,ASPIRE COUNSELING SERVICES LLC,9830 BRIMHALL ROAD,SUITE 100,,BAKERSFIELD,CA,93312,Kern County,15,(661) 829-7300,NON,false,false,true,2027-07-31,false,0,0,1.1,CO-ED,false,false,35.370464,-119.111592
150077BP,BAKERSFIELD REHAB LLC,BAKERSFIELD REHAB LLC,2828 H STREET,SUITE H,,BAKERSFIELD,CA,93301,Kern County,15,(323) 403-5422,NON,false,false,true,2028-07-31,false,0,0,1.1,CO-ED,false,false,35.385452,-119.021153
150078AN,EBONY SUD,CLINICA SIERRA VISTA,3117 WILSON ROAD,,,BAKERSFIELD,CA,93304-5319,Kern County,15,(661) 324-4756,NON,false,false,true,2028-06-30,false,0,0,1.1,CO-ED,false,false,35.330872,-119.037815
150078BN,LAMONT SUD,CLINICA SIERRA VISTA,8787 HALL ROAD,MODULAR DR #2,,LAMONT,CA,93241-1953,Kern County,15,(661) 324-4756,NON,false,false,true,2028-06-30,false,0,0,1.1,CO-ED,false,false,35.259708,-118.908066
150078CN,DELANO SUD,CLINICA SIERRA VISTA,355 DOVER PARKWAY,BUILDING B,,DELANO,CA,93215-3440,Kern County,15,(661) 725-2788,NON,false,false,true,2028-06-30,false,0,0,1.1,CO-ED,false,false,35.757696,-119.251303
150078EN,FRAZIER SUD,CLINICA SIERRA VISTA,704 LEBEC ROAD,,,LEBEC,CA,93243,Kern County,15,(661) 245-0250,NON,false,false,true,2028-03-31,false,0,0,1.1,CO-ED,false,false,34.820879,-118.884305
150079AN,STEPS OUTPATIENT DRUG FREE SERVICES,"SPECIAL TREATMENT, EDUCATION & PREVENTION SERVICES, INC.",3533 MT. VERNON AVENUE,,,BAKERSFIELD,CA,93306,Kern County,15,(661) 871-3353,NON,false,false,true,2026-10-31,false,0,0,1.1,CO-ED,false,false,35.405715,-118.967491
150080AP,DESERT OASIS RECOVERY,NEXT HORIZON RECOVERY LLC,424 CHRISTOPHER COURT,,,RIDGECREST,CA,93555,Kern County,15,(760) 428-6389,RES,false,true,true,2027-06-30,false,6,6,1.1,CO-ED,false,false,35.604321,-117.678625
150081AP,BAKERSFIELD RECOVERY CENTER,"VISALIA RECOVERY CENTER, INC.",3703 BRAE BURN DR,,,BAKERSFIELD,CA,93306,Kern County,15,(559) 298-6711,RES,true,true,true,2027-06-30,false,6,6,1.1,CO-ED,true,false,35.385829,-118.941559
150082AP,NATURE REHAB INC.,NATURE REHAB INC.,6267 BEAR CT,,,FRAZIER PARK,CA,93255,Kern County,15,(323) 434-5081,RES,true,true,false,2027-08-31,false,6,6,1.1,CO-ED,true,false,34.821636,-118.990511
150083AP,FREEDOM RECOVERY LLC.,FREEDOM RECOVERY LLC,1326 H STREET,SUITE 21,,BAKERSFIELD,CA,93301,Kern County,15,(323) 406-1019,NON,false,false,true,2028-03-31,false,0,0,1.1,CO-ED,false,false,35.370167,-119.021148
150084AP,"REGGIE'S RECOVERY II, LLC","REGGIE'S RECOVERY II, LLC",37403 GORMAN POST ROAD,,,LEBEC,CA,93243,Los Angeles County,15,(818) 940-6697,RES,true,true,false,2028-04-30,false,6,6,1.1,CO-ED,false,false,34.777211,-118.788738
150085AP,ADVANCED WELLNESS DETOX CENTER,ASCENT DETOX CENTER INC,3717 PINEHURST DR,,,BAKERSFIELD,CA,93306,Kern County,15,(818) 235-6928,RES,true,true,false,2028-01-31,false,6,6,1.1,CO-ED,true,false,35.38776,-118.943886
150086AP,BAKERSFIELD RECOVERY STATION,TELECARE CORPORATION,312 KENTUCKY STREET,,,BAKERSFIELD,CA,93305,Kern County,15,(661) 336-6400,NON,false,false,true,2028-04-30,false,0,0,1.1,CO-ED,false,false,35.380268,-118.997953
150087AP,SUNRISE RECOVERY,SUNRISE RECOVERY LLC,3145 LEBEC OAKS RD,,,LEBEC,CA,93243,Kern County,15,,RES,true,true,false,2028-06-30,false,6,6,1.1,CO-ED,true,false,34.857366,-118.887586
150088AP,ASCEND BEHAVIORAL HEALTH,"SEQUOIA BEHAVIORAL HEALTH, A PROFESSIONAL PSYCHOLOGY CORPORATION, INC.",15663 AZALEA SPRINGS AVE,,,BAKERSFIELD,CA,93314,Kern County,15,(661) 788-4325,DSS,false,false,true,2028-05-31,false,0,0,1.1,CO-ED,false,false,35.366056,-119.176827
160001AP,NEW PERCEPTIONS NORTH,NEW PERCEPTIONS NORTH LLC,13565 GRANGEVILLE BLVD.,,,HANFORD,CA,93230,Kings County,16,(818) 741-8837,RES,true,true,false,2026-07-31,true,6,6,1.1,CO-ED,true,false,36.342595,-119.701177
160001CP,"NEW PERCEPTIONS NORTH, LLC",NEW PERCEPTIONS NORTH LLC,351 MALL DRIVE,,,HANFORD,CA,93230,Kings County,16,(559) 388-8273,NON,false,false,true,2027-04-30,false,0,0,1.10,CO-ED/YOUTH,false,false,36.327042,-119.668476
160005AN,"CHAMPIONS RECOVERY ALTERNATIVE PROGRAMS, INC.","CHAMPIONS RECOVERY ALTERNATIVE PROGRAMS, INC.",311 NORTH DOUTY STREET,,,HANFORD,CA,93230-3951,Kings County,16,(559) 583-9300,NON,false,false,true,2027-08-31,false,0,0,1.5,YOUTH/ADOLESCENT,false,false,36.328109,-119.645967
160005BN,HANNAH'S HOUSE,"CHAMPIONS RECOVERY ALTERNATIVE PROGRAMS, INC.",222 WEST KEITH STREET,,,HANFORD,CA,93230,Kings County,16,(559) 583-7800,RES,true,true,false,2028-07-31,false,15,20,1.4,WOMEN/CHILDREN,false,false,36.337672,-119.648782
160005CN,SAMUEL'S HOUSE,"CHAMPIONS RECOVERY ALTERNATIVE PROGRAMS, INC.",11517 15TH AVENUE,,,LEMOORE,CA,93245,Kings County,16,(559) 583-7800,RES,true,true,false,2027-02-28,false,20,34,1.2,MEN ONLY,false,false,36.306182,-119.727042
160005GN,CHAMPIONS RECOVERY OUTPATIENT,"CHAMPIONS RECOVERY ALTERNATIVE PROGRAMS, INC.",228 E. KINGS ST.,ROOM E,,AVENAL,CA,93239,Kings County,16,(559) 583-9300,NON,false,false,true,2027-11-30,false,0,0,1.5,YOUTH/ADOLESCENT,false,false,36.002513,-120.135352
160006CN,WESTCARE,"WESTCARE CALIFORNIA, INC.",410 EAST 7TH STREET,"SUITES 5, 7 & 9",,HANFORD,CA,93230,Kings County,16,(559) 584-8100,NON,false,false,true,2028-05-31,false,0,0,1.5,YOUTH/ADOLESCENT,false,false,36.327462,-119.640536
160007AP,RECOVER MEDICAL GROUP P.C.,RECOVER MEDICAL GROUP P.C.,1220 JEPSEN AVENUE,,,CORCORAN,CA,93212,Kings County,16,(858) 208-0121,NON,false,false,true,2027-07-31,false,0,0,1.1,CO-ED,false,false,36.096693,-119.563352
170002BN,CLEARLAKE CLINIC,LAKE COUNTY ALCOHOL AND OTHER DRUG SERVICES,9055 HIGHWAY 53,,,LOWER LAKE,CA,95457,Lake County,17,(707) 994-7090,NON,false,false,true,2026-11-30,false,0,0,1.1,CO-ED,false,false,38.917313,-122.612281
170002CN,LAKE COUNTY DIVISION OF ALCOHOL AND OTHE DRUG SERVICES (LUCERNE CLINIC),LAKE COUNTY ALCOHOL AND OTHER DRUG SERVICES,6302 13TH AVENUE,,,LUCERNE,CA,95458,Lake County,17,(707) 274-9101,NON,false,false,true,2027-08-31,false,0,0,1.1,CO-ED,false,false,39.087746,-122.792711
170011AN,HILLTOP RECOVERY SERVICES,HILLTOP RECOVERY SERVICES,14715 E STATE HIGHWAY 20,,14725 CATHOLIC CHURCH ROAD,CLEARLAKE OAKS,CA,95423,Lake County,17,(707) 998-1800,RES,false,true,true,2027-05-31,false,48,60,1.1,CO-ED,false,false,39.013278,-122.633417
170011DN,HILLTOP RECOVERY INTENSIVE OUTPATIENT PROGRAM,HILLTOP RECOVERY SERVICES,6316 EAST HIGHWAY 20,,,LUCERNE,CA,95458,Lake County,17,(707) 274-5610,NON,false,false,true,2028-05-31,false,0,0,1.1,CO-ED,false,false,39.086041,-122.792107
170014AN,HEALTHY OPPORTUNITIES FOR MOTHERING EXPERIENCES - HOME TULE HOUSE,"REDWOOD COMMUNITY SERVICES, INC.",675 FIRST STREET,,,UPPER LAKE,CA,95485,Lake County,17,(707) 275-8776,RES,false,true,true,2028-02-29,false,8,15,1.4,WOMEN/CHILDREN,false,false,39.164256,-122.903191
170014BN,HEALTHY OPPORTUNITIES FOR MOTHERING EXPERIENCES (HOME),"REDWOOD COMMUNITY SERVICES, INC.",154 S MAIN ST,,,LAKEPORT,CA,95453,Lake County,17,(707) 263-0372,NON,false,false,true,2026-12-31,false,0,0,1.4,WOMEN/CHILDREN,false,false,39.041531,-122.915132
180003AN,LASSEN COUNTY BEHAVIORAL HEALTH,LASSEN COUNTY BEHAVIORAL HEALTH,545 HOSPITAL LANE,,"555 HOSPITAL LANE, 557 HOSPITAL LANE",SUSANVILLE,CA,96130,Lassen County,18,(530) 251-8108,NON,false,false,true,2026-12-31,false,0,0,1.1,CO-ED,false,false,40.407509,-120.661966
190002AN,ALCOHOLISM CENTER FOR WOMEN,ALCOHOLISM CENTER FOR WOMEN,1147 SOUTH ALVARADO STREET,,,LOS ANGELES,CA,90006,Los Angeles County,19,(213) 381-8500,NON,false,false,true,2027-02-28,false,0,0,1.1,CO-ED,false,false,34.048962,-118.281637
190002BN,ALCOHOLISM CENTER FOR WOMEN,ALCOHOLISM CENTER FOR WOMEN,1135 SOUTH ALVARADO STREET,,,LOS ANGELES,CA,90006,Los Angeles County,19,(213) 381-8500,RES,true,true,true,2027-02-28,false,32,32,1.3,WOMEN ONLY,true,false,34.049258,-118.281447
190003AP,SAN FERNANDO RECOVERY CENTER,SAN FERNANDO RECOVERY CENTER,732 GRISWOLD AVENUE,,"734, AND 762 GRISWOLD AVENUE",SAN FERNANDO,CA,91340-2105,Los Angeles County,19,(818) 809-8868,RES,true,true,true,2027-12-31,false,42,42,1.2,MEN ONLY,true,false,34.287995,-118.428241
190003BP,SAN FERNANDO RECOVERY CENTER OUTPATIENT,SAN FERNANDO RECOVERY CENTER,1024 N MACLAY AVE,SUITE G & N,,LOS ANGELES,CA,91340,Los Angeles County,19,(747) 500-9405,NON,true,false,true,2028-04-30,false,0,0,1.1,CO-ED,false,false,34.294194,-118.42636
190004AP,"RISE LUXURY REHAB, LLC","RISE LUXURY REHAB, LLC",26901 SEA VISTA DRIVE,,,MALIBU,CA,90265,Los Angeles County,19,(213) 265-4560,RES,true,true,false,2028-11-30,false,6,6,1.1,CO-ED,true,false,34.029887,-118.758184
190005BP,COMFORT RECOVERY TREATMENT CENTERS LLC,COMFORT RECOVERY IOP LLC,30851 AGOURA ROAD,SUITE 102,,AGOURA HILLS,CA,91301,Los Angeles County,19,(818) 579-9687,NON,true,false,true,2027-12-31,false,0,0,1.1,CO-ED,false,false,34.145505,-118.792869
190006AN,BEACON HOUSE,THE BEACON HOUSE ASSOCIATION OF SAN PEDRO,132 W 10 STREET,,101 W 11TH STREET,SAN PEDRO,CA,90731,Los Angeles County,19,(310) 514-4940,RES,true,true,true,2028-03-31,false,28,28,1.2,MEN ONLY,true,false,33.735125,-118.280926
190006HN,THE BEACON HOUSE ASSOCIATION OF SAN PEDRO,THE BEACON HOUSE ASSOCIATION OF SAN PEDRO,103 W 11TH ST,,,SAN PEDRO,CA,90731,Los Angeles County,19,(310) 514-4940,NON,false,false,true,2026-12-31,false,0,0,1.2,MEN ONLY,false,false,33.734177,-118.280734
190006IN,THE BEACON HOUSE ASSOCIATION OF SAN PEDRO,THE BEACON HOUSE ASSOCIATION OF SAN PEDRO,411 W 10TH ST,,,SAN PEDRO,CA,90731,Los Angeles County,19,(310) 514-4940,NON,false,false,true,2026-12-31,false,0,0,1.2,MEN ONLY,false,false,33.735092,-118.286092
190006JN,THE BEACON HOUSE ASSOCIATION OF SAN PEDRO,THE BEACON HOUSE ASSOCIATION OF SAN PEDRO,126 W 10TH ST,,,SAN PEDRO,CA,90731,Los Angeles County,19,(310) 514-4940,NON,false,false,true,2026-12-31,false,0,0,1.2,MEN ONLY,false,false,33.735125,-118.280942
190007AN,BHS HOLLYWOOD RECOVERY CENTER,"BEHAVIORAL HEALTH SERVICES, INC.",6838 WEST SUNSET BOULEVARD,,,HOLLYWOOD,CA,90028,Los Angeles County,19,(323) 461-3161,NON,false,false,true,2027-09-30,false,0,0,1.1,CO-ED,false,false,34.097952,-118.340031
190007CN,WILMINGTON COMMUNITY RECOVERY CENTER,"BEHAVIORAL HEALTH SERVICES, INC.",1318A NORTH AVALON BOULEVARD,,1314B NORTH AVALON BOULEVARD,WILMINGTON,CA,90744,Los Angeles County,19,(310) 549-2710,NON,false,false,true,2027-09-30,false,0,0,1.1,CO-ED,false,false,33.789441,-118.263151
190007FN,PATTERNS,"BEHAVIORAL HEALTH SERVICES, INC.",12917 CERISE AVENUE,,,HAWTHORNE,CA,90250,Los Angeles County,19,(310) 675-4431,RES,true,true,true,2027-09-30,false,35,35,1.4,WOMEN/CHILDREN,true,false,33.914789,-118.332514
190007GN,PACIFICA HOUSE,"BEHAVIORAL HEALTH SERVICES, INC.",2501 WEST EL SEGUNDO BOULEVARD,,,HAWTHORNE,CA,90250,Los Angeles County,19,(323) 754-2816,RES,true,true,true,2027-09-30,false,58,68,1.1,CO-ED,true,false,33.916477,-118.320662
190007HN,SOUTH BAY FAMILY RECOVERY CENTER,"BEHAVIORAL HEALTH SERVICES, INC.",15519 CRENSHAW BOULEVARD,,,GARDENA,CA,90249,Los Angeles County,19,(310) 679-9031,NON,true,false,true,2027-09-30,false,0,0,1.1,CO-ED,false,false,33.88994,-118.326555
190007IN,AMERICAN RECOVERY CENTER,"BEHAVIORAL HEALTH SERVICES, INC.",2180 WEST VALLEY BOULEVARD,FLOOR 200,,POMONA,CA,91768,Los Angeles County,19,(909) 865-2336,DPH,true,false,true,2027-09-30,false,0,0,1.1,CO-ED,false,false,34.061301,-117.790599
190007JN,BHS BOYLE HEIGHTS FAMILY RECOVERY CENTER,"BEHAVIORAL HEALTH SERVICES, INC.",3421 E. OLYMPIC BOULEVARD,,,LOS ANGELES,CA,90023,Los Angeles County,19,(323) 262-1786,NON,false,false,true,2027-09-30,false,0,0,1.1,CO-ED,false,false,34.018809,-118.204263
190007KN,LINCOLN HEIGHTS FAMILY RECOVERY CENTER,"BEHAVIORAL HEALTH SERVICES, INC.",4099 NORTH MISSION ROAD,UNIT A,,LOS ANGELES,CA,90032,Los Angeles County,19,(323) 221-1746,NON,false,false,true,2027-09-30,false,0,0,1.1,CO-ED,false,false,34.076309,-118.194949
190007LN,REDGATE MEMORIAL RECOVERY CENTER,"BEHAVIORAL HEALTH SERVICES, INC.",1775 CHESTNUT AVENUE,,,LONG BEACH,CA,90813,Los Angeles County,19,(562) 599-8444,DPH,true,false,true,2026-12-31,false,0,0,1.1,CO-ED,false,false,33.789368,-118.19639
190007MN,AMERICAN RECOVERY CENTER,"BEHAVIORAL HEALTH SERVICES, INC.",2180 WEST VALLEY BOULEVARD,"FLOORS 100, 300 & 400",,POMONA,CA,91768,Los Angeles County,19,(909) 865-2336,RES,true,true,true,2027-02-28,false,123,123,1.1,CO-ED,true,false,34.061301,-117.790599
190007ON,AMERICAN RECOVERY CENTER OUTPATIENT PROGRAM,"BEHAVIORAL HEALTH SERVICES, INC.",2180 WEST VALLEY BOULEVARD,,,POMONA,CA,91768,Los Angeles County,19,(310) 679-9126,NON,false,false,true,2027-09-30,false,0,0,1.1,CO-ED,false,false,34.061301,-117.790599
190007QN,JOINT EFFORTS,"BEHAVIORAL HEALTH SERVICES, INC.",590 WEST 8TH STREET,,,SAN PEDRO,CA,90731,Los Angeles County,19,(310) 831-2358,NON,false,false,true,2027-04-30,false,0,0,1.1,CO-ED,false,false,33.736981,-118.289959
190007RN,NATIONAL COUNCIL ON ALCOHOLISM & DRUG DEPENDENCE OF THE SOUTH BAY,"BEHAVIORAL HEALTH SERVICES, INC.",1334 POST AVENUE,,,TORRANCE,CA,90501,Los Angeles County,19,(310) 328-1460,NON,false,false,true,2027-11-30,false,0,0,1.1,CO-ED,false,false,33.835081,-118.317708
190007SN,FLOSSIE LEWIS CENTER,"BEHAVIORIAL HEALTH SERVICES, INC.",341 EAST 6TH STREET,,351 EAST 6TH STREET AND 615 ELM AVENUE,LONG BEACH,CA,90802,Los Angeles County,19,(562) 435-7350,RES,false,true,true,2028-07-31,false,27,33,1.3,WOMEN ONLY,true,false,33.774154,-118.188219
190007VN,LONG BEACH FAMILY RECOVERY CENTER,"BEHAVIORAL HEALTH SERVICES, INC.",514 W. PACIFIC COAST HIGHWAY,,,LONG BEACH,CA,90806-5237,Los Angeles County,19,(562) 432-0713 X4106,NON,false,false,true,2028-07-31,false,0,0,1.1,CO-ED,false,false,33.789825,-118.198518
190007XN,BHS RESPITE & RECOVERY CENTER AT MLK CAMPUS,"BEHAVIORAL HEALTH SERVICES, INC.",12021 S. WILMINGTON AVENUE,"BLDG 18, SUITE 101",,LOS ANGELES,CA,90059,Los Angeles County,19,(424) 454-6001,RES,true,true,true,2026-09-30,false,18,18,1.1,CO-ED,true,false,33.923522,-118.239203
190009AN,THE BISHOP GOODEN HOME,THE GOODEN CENTER,191 NORTH EL MOLINO AVENUE,,,PASADENA,CA,91101,Los Angeles County,19,(626) 356-0078,RES,false,true,false,2028-03-31,false,19,19,1.1,CO-ED,false,false,34.149202,-118.136935
190009BN,THE GOODEN CENTER OUTPATIENT PROGRAM,THE GOODEN CENTER,918 E GREEN STREET,SUITE 200,,PASADENA,CA,91101,Los Angeles County,19,(626) 356-0078,NON,false,false,true,2026-12-31,false,0,0,1.1,CO-ED,false,false,34.144519,-118.131464
190010AP,FOCUS ON TODAY,FOCUS ON TODAY,290 EAST VERDUGO AVENUE,SUITE 105,,BURBANK,CA,91502,Los Angeles County,19,(805) 341-2482,NON,false,false,true,2027-12-31,false,0,0,1.1,CO-ED,false,false,34.17976,-118.304561
190011AAN,DRUG AND ALCOHOL COUNSELING SERVICES,"SOUTHERN CALIFORNIA ALCOHOL AND DRUG PROGRAMS, INC.",11500 PARAMOUNT BOULEVARD,,,DOWNEY,CA,90241,Los Angeles County,19,(562) 923-4545,NON,false,false,true,2028-05-31,false,0,0,1.1,CO-ED,false,false,33.940249,-118.139669
190011AFN,POSITIVE STEPS,"SOUTHERN CALIFORNIA ALCOHOL AND DRUG PROGRAMS, INC.",8332 IOWA STREET,,11501 DOLAN AVENUE,DOWNEY,CA,90241,Los Angeles County,19,(562) 923-7894,RES,true,true,true,2028-04-30,false,47,47,1.2,MEN ONLY,true,false,33.937124,-118.133471
190011ON,LA CASITA DE LAS MAMAS OF DOWNEY,"SOUTHERN CALIFORNIA ALCOHOL AND DRUG PROGRAMS, INC.",10603 DOWNEY AVENUE,,"10607, 10615 AND 10621 DOWNEY AVENUE",DOWNEY,CA,90241,Los Angeles County,19,(562) 622-2268,RES,true,true,false,2028-03-31,false,24,32,1.4,WOMEN/CHILDREN,true,false,33.946156,-118.129589
190011VN,ANGEL STEP TOO,"SOUTHERN CALIFORNIA ALCOHOL AND DRUG PROGRAMS, INC.",16314 CORNUTA AVENUE,,"16316, 16316-1/2, 16318, 16318-1/2, 16322, 16322-1/2AND 16322-7/8 CORNUTA AVENUE",BELLFLOWER,CA,90706,Los Angeles County,19,(562) 461-9272,RES,true,true,true,2027-11-30,false,30,35,1.4,WOMEN/CHILDREN,true,false,33.885512,-118.118702
190012BN,CASA TREATMENT CENTER,CASA TREATMENT CENTER,169 N. OAK KNOLL AVENUE,,171 N. OAK KNOLL AVENUE,PASADENA,CA,91101,Los Angeles County,19,(626) 792-2770,NON,false,false,true,2028-06-30,false,0,0,1.8,DUAL DIAGNOSIS,false,false,34.148916,-118.135396
190012CN,CASA TREATMENT CENTER,CASA TREATMENT CENTER,160 NORTH EL MOLINO AVENUE,,173 NORTH OAK KNOLL AVENUE,PASADENA,CA,91101,Los Angeles County,19,(626) 792-2770,RES,false,true,false,2028-03-31,false,22,22,1.3,WOMEN ONLY,false,false,34.148761,-118.136557
190016LN,PICO OUTPATIENT,CLARE | MATRIX,1002 PICO BOULEVARD,,,SANTA MONICA,CA,90405,Los Angeles County,19,(310) 314-6200,NON,false,false,true,2027-05-31,false,0,0,1.1,CO-ED,false,false,34.013334,-118.480851
190016PN,HEALING HAVEN,CLARE | MATRIX,1865 9TH STREET,,"1869 & 1871 9TH STREET& 844, 907 & 909 PICO BLVD., SANTA MONICA, CA 90405",SANTA MONICA,CA,90404,Los Angeles County,19,(310) 314-6200 X3426,RES,true,true,true,2028-07-31,false,104,104,1.1,CO-ED,true,false,34.013486,-118.48187
190022AN,"GRANDVIEW FOUNDATION, INC. - RESIDENTIAL","GRANDVIEW FOUNDATION, INC.",1230 NORTH MARENGO AVENUE,,"225 GRANDVIEW STREET, PASADENA, CA 91103",PASADENA,CA,91104,Los Angeles County,19,(626) 797-1124,RES,true,true,true,2027-03-31,false,33,37,1.2,MEN ONLY,true,false,34.167032,-118.146095
190022GN,GRANDVIEW FOUNDATION,"GRANDVIEW FOUNDATION, INC.",898 NORTH FAIR OAKS,SUITE A,,PASADENA,CA,91103,Los Angeles County,19,(626) 797-1124,NON,false,false,true,2026-09-30,false,0,0,1.2,MEN ONLY,false,false,34.160973,-118.150578
190023AN,HOPE HARBOR CENTER,THE SALVATION ARMY,3107 SOUTH GRAND AVENUE,,,LOS ANGELES,CA,90007,Los Angeles County,19,(213) 744-8186 X202,RES,false,true,false,2028-04-30,false,56,56,1.2,MEN ONLY,false,false,34.022224,-118.275001
190023CN,THE SALVATION ARMY BELL SHELTER--WELLNESS CENTER,THE SALVATION ARMY,5600 RICKENBACKER ROAD,BLDG 2A-B,,BELL,CA,90201,Los Angeles County,19,(323) 263-1206,RES,false,true,true,2027-08-31,false,75,75,1.1,CO-ED,false,false,33.989737,-118.165027
190025AN,HOUSE OF HOPE,"HOUSE OF HOPE FOUNDATION, INC.",221 WEST 9TH STREET,,"223, 225, 227, 229, 235, AND 236 WEST 9TH STREET",SAN PEDRO,CA,90731,Los Angeles County,19,(310) 521-9209,RES,true,true,true,2028-03-31,false,26,26,1.3,WOMEN ONLY,false,false,33.735995,-118.281886
190025GN,"HOUSE OF HOPE FOUNDATION, INC.","HOUSE OF HOPE FOUNDATION, INC.",205 WEST 9TH STREET,,,SAN PEDRO,CA,90731,Los Angeles County,19,(310) 521-9209,NON,false,false,true,2027-07-31,false,0,0,1.3,WOMEN ONLY,false,false,33.735991,-118.281628
190027BN,VOA OF CENTRAL CITY RECOVERY SERVICES,VOLUNTEERS OF AMERICA OF LOS ANGELES,2521 LONG BEACH AVENUE,,,LOS ANGELES,CA,90058,Los Angeles County,19,(562) 399-5452,RES,true,true,true,2028-02-29,false,60,60,1.2,MEN ONLY,false,false,34.013909,-118.243262
190027JN,LA CIENEGA RECOVERY,VOLUNTEERS OF AMERICA OF LOS ANGELES,1765 S LA CIENEGA BLVD.,,,LOS ANGELES,CA,90035,Los Angeles County,19,(310) 204-0690,RES,true,true,true,2028-02-29,false,50,50,1.2,MEN ONLY,true,false,34.045291,-118.376674
190029AN,LITTLE HOUSE,LITTLE HOUSE,9718 HARVARD STREET,,,BELLFLOWER,CA,90706-3699,Los Angeles County,19,(562) 925-2777,RES,false,true,true,2027-09-30,false,28,28,1.3,WOMEN ONLY,false,false,33.8876,-118.12698
190029BN,LITTLE HOUSE OUTPATIENT,LITTLE HOUSE,9928 FLOWER ST.,SUITE 101,,LOS ANGELES,CA,90706,Los Angeles County,19,(562) 925-2777,NON,false,false,true,2026-12-31,false,0,0,1.1,CO-ED,false,false,33.882074,-118.122051
190040AN,PALM HOUSE RECOVERY HOME,"PALM HOUSE, INCORPORATED",2515 EAST JEFFERSON STREET,,,CARSON,CA,90810,Los Angeles County,19,(310) 830-7803,RES,false,true,true,2028-07-31,false,16,16,1.2,MEN ONLY,false,false,33.834007,-118.224339
190042AP,SANCTUARY TREATMENT CENTER,"EXECUTIVE RECOVERY GROUP, LLC",19233 WHITE STONE COURT,,"19241 AND 19249 WHITE STONE COURT AND 19236, 19240 & 19246 CAMMIE LANE",TARZANA,CA,91356,Los Angeles County,19,(917) 374-4215,RES,true,true,true,2028-02-28,false,36,36,1.1,CO-ED,true,false,34.176841,-118.552634
190042CP,THE LAKE IOP,"EXECUTIVE RECOVERY GROUP, LLC",17167 VENTURA BOULEVARD,SUITE 200,,ENCINO,CA,91316,Los Angeles County,19,(805) 302-3651,NON,false,false,true,2027-07-31,false,0,0,1.1,CO-ED,false,false,34.16056,-118.507532
190042DP,ERG 2,"EXECUTIVE RECOVERY GROUP, LLC",15613 VENTURA BLVD,,,ENCINO,CA,91436,Los Angeles County,19,(917) 374-4215,NON,false,false,true,2027-07-31,false,0,0,1.1,CO-ED,false,false,34.155098,-118.474013
190048AP,LVX RECOVERY,"LVX RECOVERY, INC.",23931 JENSEN DRIVE,,,WEST HILLS,CA,91304,Los Angeles County,19,(818) 312-4306,RES,true,true,false,2028-05-31,false,6,6,1.1,CO-ED,true,false,34.223083,-118.648091
190049AN,NATIONAL COUNCIL ON ALCOHOLISM AND DRUG DEPENDENCE OF THE SAN FERNANDO VALLEY,NATIONAL COUNCIL ON ALCOHOLISM AND DRUG DEPENDENCE OF THE SAN FERNANDO VALLEY,6166 VESPER AVENUE,,,VAN NUYS,CA,91411,Los Angeles County,19,(818) 997-0414,NON,false,false,true,2028-04-30,false,0,0,1.1,CO-ED,false,false,34.182205,-118.450864
190049CN,NATIONAL COUNCIL ON ALCOHOLISM AND DRUG DEPENDENCE OF THE SAN FERNANDO VALLEY,NATIONAL COUNCIL ON ALCOHOLISM AND DRUG DEPENDENCE OF THE SAN FERNANDO VALLEY,24458 1/4 LYONS AVENUE,,24460 LYONS AVENUE,SANTA CLARITA,CA,91321,Los Angeles County,19,(661) 253-9400,NON,false,false,true,2027-02-28,false,0,0,1.1,CO-ED,false,false,34.378276,-118.561981
190051AP,SAFE HAVEN RECOVERY,"SAFE HAVEN RECOVERY, INC.",1690 COLDWATER CANYON DRIVE,,,BEVERLY HILLS,CA,90210,Los Angeles County,19,(424) 777-2270,RES,true,true,true,2027-09-30,false,6,6,1.1,CO-ED,true,false,34.101658,-118.406118
190053AP,THE MEADOWS MALIBU,"BEHAVIORAL HEALTH SOLUTIONS OF MALIBU, LLC",31213 BAILARD ROAD,,31217 BAILARD ROAD,MALIBU,CA,90265,Los Angeles County,19,(424) 346-8445,RES,true,true,false,2026-08-31,false,12,12,1.1,CO-ED,true,false,34.036594,-118.851674
190056AP,"IRIS HEALING CENTER, LLC","IRIS HEALING CENTER, LLC",20300 VENTURA BOULEVARD,SUITE 300,,WOODLAND HILLS,CA,91364,Los Angeles County,19,(818) 564-4307,NON,false,false,true,2027-12-31,false,0,0,1.8,DUAL DIAGNOSIS,false,false,34.16931,-118.575389
190063AP,ATLAS RECOVERY CENTER,REFLECTION AND RECOVERY INC.,19687 LOS ALIMOS STREET,,,CHATSWORTH,CA,91311-1935,Los Angeles County,19,(323) 829-5556,RES,true,true,false,2028-05-31,false,6,6,1.1,CO-ED,true,false,34.268539,-118.563208
190068AP,CLIFFSIDE MALIBU,CLIFFSIDE MALIBU,7214 BIRDVIEW AVE,,,MALIBU,CA,90265,Los Angeles County,19,(424) 644-1273,RES,true,true,true,2028-06-30,false,6,6,1.1,CO-ED,true,false,34.006599,-118.810255
190071AN,RED DOOR LIFE,EVERGREEN FUND,8484 WILSHIRE BOULEVARD,SUITE 407,,"BEVERLY HILLS,",CA,90211,Los Angeles County,19,(424) 242-2760,NON,false,false,true,2027-06-30,false,0,0,1.1,CO-ED,false,false,34.064943,-118.375334
190073AP,CLIFFSIDE MALIBU II,CLIFFSIDE MALIBU II,5853 BUSCH DRIVE,,,MALIBU,CA,90265,Los Angeles County,19,(424) 781-4723,RES,true,true,true,2028-06-30,false,6,6,1.1,CO-ED,true,false,34.027773,-118.820583
190077AHN,SAFE REFUGE,SAFE REFUGE,3111 EAST 7TH ST.,,"3113, 3115, 3119, 3125, AND 3131 EAST 7TH ST. APTS 1, 3, 4, 5, 6; 719 APTS 1-10, 727 & 729 OBISPO AVE; AND 718, 728, 728A, 728 1/2 FREEMAN AV",LONG BEACH,CA,90804,Los Angeles County,19,(562) 987-5722,RES,false,true,true,2028-10-31,false,89,89,1.1,CO-ED,false,false,33.775362,-118.155359
190077CN,SAFE REFUGE,SAFE REFUGE,3125 E. 7TH STREET,,3137 AND 3139 E. 7TH STREET,LONG BEACH,CA,90804,Los Angeles County,19,(562) 987-5722,NON,false,false,true,2027-05-31,false,0,0,1.1,CO-ED,false,false,33.775361,-118.155062
190077RN,SAFE REFUGE,SAFE REFUGE,1046 REDONDO AVENUE,,,LONG BEACH,CA,90804,Los Angeles County,19,(562) 987-5722,NON,false,false,true,2028-07-31,false,0,0,1.1,CO-ED,false,false,33.779854,-118.152393
190080AP,RECOVERY CORPS HEALTH GROUP,"RECOVERY CORPS HEALTH GROUP, LLC",,,,,,,,19,(562) 346-4835,RES,true,true,false,2028-06-30,false,6,6,1.1,CO-ED,true,false,,
190081AN,THE RIVER COMMUNITY,"SOCIAL MODEL RECOVERY SYSTEMS, INC.",23701 EAST FORK ROAD,,,AZUSA,CA,91702,Los Angeles County,19,(626) 250-3300,RES,false,true,true,2028-03-31,false,38,38,1.8,DUAL DIAGNOSIS,true,false,34.232455,-117.797848
190081BN,RIVER COMMUNITY DAY TREATMENT,"SOCIAL MODEL RECOVERY SYSTEMS, INC.",510 SOUTH SECOND AVENUE,SUITE 6 & 7,,COVINA,CA,91723-3017,Los Angeles County,19,(626) 974-8123,NON,false,false,true,2027-10-31,false,0,0,1.1,CO-ED,false,false,34.080586,-117.887865
190081EN,SOCIAL MODEL RECOVERY SYSTEMS (PCADD),"SOCIAL MODEL RECOVERY SYSTEMS, INC.",44 SOUTH MENTOR AVENUE,SUITE B,,PASADENA,CA,91106,Los Angeles County,19,(626) 773-4364,NON,false,false,true,2026-10-31,false,0,0,1.1,CO-ED,false,false,34.145012,-118.130812
190081FN,OMNI CENTER,"SOCIAL MODEL RECOVERY SYSTEMS, INC.",3426 COGSWELL ROAD,,3430 COGSWELL ROAD,EL MONTE,CA,91732,Los Angeles County,19,(626) 453-3406,RES,true,true,true,2028-02-29,false,38,38,1.2,MEN ONLY,true,false,34.067121,-118.016786
190081GN,MARIPOSA RECOVERY HOME,"SOCIAL MODEL RECOVERY SYSTEMS, INC.",453 SOUTH INDIANA STREET,,,LOS ANGELES,CA,90063,Los Angeles County,19,(323) 266-7726,RES,false,true,true,2026-10-31,false,13,15,1.4,WOMEN/CHILDREN,true,false,34.030629,-118.19237
190081HN,MID VALLEY OUTPATIENT SERVICES,"SOCIAL MODEL RECOVERY SYSTEMS, INC.",11046 MAIN STREET,,,EL MONTE,CA,91731,Los Angeles County,19,(626) 636-2370,NON,false,false,true,2027-03-31,false,0,0,1.10,CO-ED/YOUTH,false,false,34.07307,-118.034266
190081IN,STEPPING STONES HOME I & II,"SOCIAL MODEL RECOVERY SYSTEMS, INC.",17719 EAST CYPRESS STREET,,17727 EAST CYPRESS STREET,COVINA,CA,91722,Los Angeles County,19,(626) 967-2677,RES,true,true,true,2028-01-31,false,18,21,1.4,WOMEN/CHILDREN,true,false,34.095915,-117.903295
190081JN,ROYAL PALMS RECOVERY HOME,"SOCIAL MODEL RECOVERY SYSTEMS, INC.",360 SOUTH WESTLAKE AVENUE,,,LOS ANGELES,CA,90057,Los Angeles County,19,(213) 483-9202,RES,false,true,true,2027-12-31,false,115,115,1.1,CO-ED,true,false,34.06086,-118.272415
190081LN,BIMINI RECOVERY CENTER,"SOCIAL MODEL RECOVERY SYSTEMS, INC.",155 SOUTH BIMINI PLACE,,,LOS ANGELES,CA,90004,Los Angeles County,19,(213) 388-5423,RES,false,true,true,2027-07-31,false,84,84,1.1,CO-ED,true,false,34.071475,-118.290543
190081NN,NATIONAL COUNCIL ON ALCOHOLISM AND DRUG DEPENDENCE COVINA,"SOCIAL MODEL RECOVERY SYSTEMS, INC.",4626 NORTH GRAND AVENUE,,,COVINA,CA,91724,Los Angeles County,19,(626) 331-5316,NON,false,false,true,2028-07-31,false,0,0,1.1,CO-ED,false,false,34.09645,-117.872455
190081ON,NATIONAL COUNCIL ON ALCOHOLISM AND DRUG DEPENDENCE POMONA,"SOCIAL MODEL RECOVERY SYSTEMS, INC.",656 NORTH PARK AVENUE,,,POMONA,CA,91768,Los Angeles County,19,(909) 629-4084,NON,false,false,true,2028-07-31,false,0,0,1.1,CO-ED,false,false,34.064132,-117.75471
190085AAN,TARZANA TREATMENT CENTERS,"TARZANA TREATMENT CENTERS, INC.",44505 90TH STREET WEST,,,LANCASTER,CA,93536,Los Angeles County,19,(818) 996-1051,RES,true,true,true,2027-04-30,false,60,60,1.1,CO-ED,true,false,34.691271,-118.289229
190085ABN,"TARZANA TREATMENT CENTERS, INC.","TARZANA TREATMENT CENTERS, INC.",44447 10TH STREET WEST,BLDG D.,,LANCASTER,CA,93534,Los Angeles County,19,(818) 654-3815,NON,true,false,true,2027-05-31,false,0,0,1.1,CO-ED,false,false,34.690996,-118.149084
190085AN,"TARZANA TREATMENT CENTERS, INC.","TARZANA TREATMENT CENTERS, INC.",18646 OXNARD ST,"ROOMS 143,150-155,158,177,181,183,185,187,189,195,221,301,302,305,306,308,312,314,316,318,319,322-332,334,336,338,340,342,343,344,346",,TARZANA,CA,91356,Los Angeles County,19,(818) 654-3815,RES,true,true,true,2027-11-30,false,168,170,1.1,CO-ED,true,true,34.179931,-118.539764
190085BN,"TARZANA TREATMENT CENTERS, INC.","TARZANA TREATMENT CENTERS, INC.",2101 MAGNOLIA AVENUE,,,LONG BEACH,CA,90806,Los Angeles County,19,(818) 654-3815,RES,true,true,true,2027-11-30,false,90,109,1.1,CO-ED,true,true,33.795668,-118.198103
190085CN,"TARZANA TREATMENT CENTERS, INC.","TARZANA TREATMENT CENTERS, INC.",6022 VARIEL AVENUE,,,WOODLAND HILLS,CA,91367,Los Angeles County,19,(818) 654-3815,NON,false,false,true,2027-09-30,false,0,0,1.1,CO-ED,false,false,34.179887,-118.592756
190085DN,"TARZANA TREATMENT CENTERS, INC.","TARZANA TREATMENT CENTERS, INC.",18646 OXNARD STREET,"DETOX UNIT/ROOMS 129-130,135-136,139-142,171,201-206,208-216, 218-220, 222,225-229, 231-239",,TARZANA,CA,91356,Los Angeles County,19,(818) 654-3815,DPH,true,false,true,2027-11-30,false,0,0,1.1,CO-ED,false,false,34.179931,-118.539764
190085FN,"TARZANA TREATMENT CENTERS, INC.","TARZANA TREATMENT CENTERS, INC.",18646 OXNARD STREET,"OUTPATIENT SERVICES, OFFICES/ROOMS A101-A104, A108-A111, A115-A134",,TARZANA,CA,91356,Los Angeles County,19,(818) 654-3815,NON,true,false,true,2027-11-30,false,0,0,1.1,CO-ED,false,false,34.179931,-118.539764
190085GN,"TARZANA TREATMENT CENTERS, INC.","TARZANA TREATMENT CENTERS, INC.",44447 NORTH 10TH STREET WEST,BUILDING A,,LANCASTER,CA,93534,Los Angeles County,19,(818) 654-3815,NON,true,false,true,2027-06-30,false,0,0,1.1,CO-ED,false,false,34.690996,-118.149084
190085HN,"TARZANA TREATMENT CENTERS, INC","TARZANA TREATMENT CENTERS, INC.",18700 OXNARD STREET,,,TARZANA,CA,91356,Los Angeles County,19,(818) 654-3815,NON,false,false,true,2027-03-31,false,0,0,1.1,CO-ED,false,false,34.180133,-118.5411
190085JN,"TARZANA TREATMENT CENTERS, INC.","TARZANA TREATMENT CENTERS, INC.",44443 NORTH 10TH STREET WEST,,,LANCASTER,CA,93535,Los Angeles County,19,(818) 654-3815,NON,true,false,true,2027-03-31,false,0,0,1.1,CO-ED,false,false,34.690171,-118.112716
190085KN,"TARZANA TREATMENT CENTERS, INC.","TARZANA TREATMENT CENTERS, INC.",7101 BAIRD AVENUE,,,RESEDA,CA,91335,Los Angeles County,19,(818) 654-3815,NON,true,false,true,2027-05-31,false,0,0,1.1,CO-ED,false,false,34.199494,-118.537377
190085LN,"TARZANA TREATMENT CENTERS, INC.","TARZANA TREATMENT CENTERS, INC.",44447 NORTH 10TH STREET WEST,BUILDING 1 AND 2,,LANCASTER,CA,93534,Los Angeles County,19,(818) 654-3815,RES,true,true,true,2027-10-31,false,68,74,1.1,CO-ED,true,true,34.690996,-118.149084
190085NN,"TARZANA TREATMENT CENTERS, INC.","TARZANA TREATMENT CENTERS, INC.",5190 ATLANTIC AVENUE,,,LONG BEACH,CA,90806,Los Angeles County,19,(818) 654-3815,NON,true,false,true,2026-12-31,false,0,0,1.10,CO-ED/YOUTH,false,false,33.85078,-118.184813
190085ON,"TARZANA TREATMENT CENTERS, INC.","TARZANA TREATMENT CENTERS, INC.",44459 NORTH 10TH STREET WEST,,,LANCASTER,CA,93534,Los Angeles County,19,(818) 654-3815,NON,false,false,true,2028-02-29,false,0,0,1.1,CO-ED,false,false,34.691162,-118.14806
190085PN,"TARZANA TREATMENT CENTERS, INC.","TARZANA TREATMENT CENTERS, INC.",44447 NORTH 10TH STREET WEST,BUILDING C,,LANCASTER,CA,93534,Los Angeles County,19,(818) 654-3815,DSS,false,false,true,2027-03-31,false,0,0,1.1,CO-ED,false,false,34.690996,-118.149084
190085RN,"TARZANA TREATMENT CENTERS , INC.","TARZANA TREATMENT CENTERS, INC.",8330 RESEDA BOULEVARD,,,NORTHRIDGE,CA,91324,Los Angeles County,19,(818) 654-3815,NON,true,false,true,2026-09-30,false,0,0,1.1,CO-ED,false,false,34.221748,-118.536058
190085SN,"TARZANA TREATMENT CENTERS, INC.","TARZANA TREATMENT CENTERS, INC.",907 W. LANCASTER BOULEVARD,,,LANCASTER,CA,93534,Los Angeles County,19,(818) 654-3815,NON,true,false,true,2026-09-30,false,0,0,1.11,MEN/YOUTH,false,false,34.697353,-118.147229
190085TN,"TARZANA TREATMENT CENTERS, INC.","TARZANA TREATMENT CENTERS, INC.",320 E. PALMDALE BLVD,,,PALMDALE,CA,93550,Los Angeles County,19,(818) 654-3815,NON,true,false,true,2027-01-31,false,0,0,1.1,CO-ED,false,false,34.579514,-118.124097
190085UN,"TARZANA TREATMENT CENTERS, INC.","TARZANA TREATMENT CENTERS, INC.",44421 10TH STREET WEST,,,LANCASTER,CA,93534,Los Angeles County,19,(818) 654-3815,NON,false,false,true,2028-01-31,false,0,0,1.8,DUAL DIAGNOSIS,false,false,34.690133,-118.148054
190085WN,"TARZANA TREATMENT CENTERS, INC","TARZANA TREATMENT CENTERS, INC.",6005 YOLANDA AVE,,,TARZANA,CA,91356,Los Angeles County,19,(818) 654-3815,NON,false,false,true,2028-03-31,false,0,0,1.1,CO-ED,false,false,34.179055,-118.540777
190085XN,"TARZANA TREATMENT CENTERS, INC.","TARZANA TREATMENT CENTERS, INC.",5178 ATLANIC AVE.,,,LONG BEACH,CA,90805,Los Angeles County,19,(818) 654-3815,NON,true,false,true,2028-05-31,false,0,0,1.1,CO-ED,false,false,33.850236,-118.184809
190085YN,"TARZANA TREATMENT CENTERS, INC.","TARZANA TREATMENT CENTERS, INC.",12021 S. WILMINGTON AVENUE,"BLDG 18, SUITE  301",,LOS ANGELES,CA,90059,Los Angeles County,19,(818) 654-3815,NON,true,false,true,2026-09-30,false,0,0,1.1,CO-ED,false,false,33.923522,-118.239203
190085ZN,"TARZANA TREATMENT CENTERS, INC.","TARZANA TREATMENT CENTERS, INC.",1037 EAST PALMDALE BLVD,,,PALMDALE,CA,93550,Los Angeles County,19,(818) 654-3815,NON,false,false,true,2027-06-30,false,0,0,1.1,CO-ED,false,false,34.579662,-118.110435
190087CN,CHABAD RESIDENTIAL TREATMENT CENTER,CHABAD OF CALIFORNIA,5675 WEST OLYMPIC BOULEVARD,,,LOS ANGELES,CA,90036,Los Angeles County,19,(323) 965-1365,RES,false,true,true,2027-03-31,false,44,44,1.2,MEN ONLY,true,false,34.057412,-118.353262
190087DN,CHABAD RECOVERY OUTPATIENT CENTER,CHABAD OF CALIFORNIA,1750 SOUTH LA CIENEGA BLVD,,,LOS ANGELES,CA,90035,Los Angeles County,19,(323) 965-1365 X105,NON,false,false,true,2028-01-31,false,0,0,1.1,CO-ED,false,false,34.045607,-118.376525
190088AP,FIRST RESPONDERS FIRST OUTPATIENT,"LAKE HUGHES RECOVERY O.P., INC.",49713-B GORMAN POST ROAD,,,GORMAN,CA,93243,Los Angeles County,19,(661) 724-0001,NON,false,false,true,2028-06-30,false,0,0,1.1,CO-ED,false,false,34.796243,-118.85176
190092AN,DIDI HIRSCH MENTAL HEALTH SERVICES,DIDI HIRSCH PSYCHIATRIC SERVICE,11643 GLENOAKS BOULEVARD,,,PACOIMA,CA,91331,Los Angeles County,19,(818) 897-2609,RES,true,true,true,2028-07-31,false,40,60,1.4,WOMEN/CHILDREN,true,false,34.2814,-118.419887
190092FN,DIDI HIRSCH MENTAL HEALTH SERVICES- SEPULVEDA SITE,DIDI HIRSCH PSYCHIATRIC SERVICE,4760 SEPULVEDA BOULEVARD,,,CULVER CITY,CA,90230,Los Angeles County,19,(310) 895-2344,NON,false,false,true,2028-07-31,false,0,0,1.1,CO-ED,false,false,34.001429,-118.404162
190092GN,DIDI HIRSCH MENTAL HEALTH SERVICES - GLENDALE SITE,DIDI HIRSCH PSYCHIATRIC SERVICE,1540 EAST COLORADO STREET,,,GLENDALE,CA,91205,Los Angeles County,19,(818) 244-7257,NON,false,false,true,2026-10-31,false,0,0,1.1,CO-ED,false,false,34.142741,-118.230197
190092HN,DIDI HIRSCH MENTAL HEALTH SERVICES - INGLEWOOD SITE,DIDI HIRSCH PSYCHIATRIC SERVICE,323 NORTH PRAIRIE AVENUE,"SUITE 150, 350, 450",,INGLEWOOD,CA,90301,Los Angeles County,19,(310) 677-7808,NON,false,false,true,2026-11-30,false,0,0,1.1,CO-ED,false,false,33.966286,-118.343986
190093AP,NUVIEW TREATMENT CENTER,"NUVU, LLC",2370 S. ROBERTSON BOULEVARD,,,LOS ANGELES,CA,90034,Los Angeles County,19,(484) 894-5764,NON,false,false,true,2026-11-30,false,0,0,1.1,CO-ED,false,false,34.039822,-118.387948
190094AN,"PRINCIPLES, INC. DBA IMPACT","PRINCIPLES, INC.",1680 NORTH FAIR OAKS AVENUE,,,PASADENA,CA,91103,Los Angeles County,19,(626) 798-0884,RES,true,true,true,2027-10-31,false,130,130,1.1,CO-ED,true,false,34.175001,-118.150697
190094GN,IMPACT OUTPATIENT/AFTERCARE PROGRAM,"PRINCIPLES, INC.",1450 NORTH LAKE AVENUE,SUITE 200,,PASADENA,CA,91104,Los Angeles County,19,(626) 564-4240,NON,false,false,true,2027-07-31,false,0,0,1.1,CO-ED,false,false,34.17108,-118.132124
190094HN,"PRINCIPLES, INC., D.B.A. IMPACT","PRINCIPLES, INC.",3217 NORTH EASTERN AVENUE,SUITES 101-103,,LOS ANGELES,CA,90032,Los Angeles County,19,(213) 625-5009,NON,false,false,true,2028-09-30,false,0,0,1.1,CO-ED,false,false,34.082416,-118.178071
190095AN,"CRI-HELP, PFLEGER RESIDENTIAL","CRI-HELP, INC.",11027 BURBANK BOULEVARD,,5624 & 5626 CASE AVENUE,NORTH HOLLYWOOD,CA,91601,Los Angeles County,19,(818) 985-8323,RES,true,true,true,2027-12-31,false,165,165,1.1,CO-ED,true,false,34.172511,-118.371588
190095MN,SOCORRO,"CRI-HELP, INC.",4439 BURNS AVENUE,,"4445, & 4455 BURNS AVENUE",LOS ANGELES,CA,90029,Los Angeles County,19,(323) 222-1440,RES,true,true,true,2027-05-31,false,75,75,1.1,CO-ED,true,false,34.087725,-118.290956
190095ON,LINCOLN HEIGHTS RECOVERY CAMPUS,"CRI-HELP, INC.",3619 NORTH MISSION ROAD,,,LOS ANGELES,CA,90031,Los Angeles County,19,(818) 985-8323,RES,true,true,true,2028-05-31,false,78,78,1.2,MEN ONLY,true,false,34.068323,-118.201414
190095PN,LINCOLN HEIGHTS RECOVERY CAMPUS,"CRI-HELP, INC.",2029 KEITH ST,,,LOS ANGELES,CA,90031,Los Angeles County,19,(818) 985-8323,NON,false,false,true,2028-07-31,false,0,0,1.1,CO-ED,false,false,34.069019,-118.201289
190099EN,BROWN SCAPULAR PROGRAM,"CANON HUMAN SERVICES CENTERS, INC.",9705 HOLMES AVENUE,,,LOS ANGELES,CA,90002,Los Angeles County,19,(323) 249-9097,RES,false,true,false,2028-02-29,false,43,43,1.2,MEN ONLY,false,false,33.947956,-118.240807
190100BN,L.A. CADA,LOS ANGELES CENTERS FOR ALCOHOL AND DRUG ABUSE,11015 BLOOMFIELD AVENUE,,,SANTA FE SPRINGS,CA,90670-4601,Los Angeles County,19,(562) 906-2676,NON,false,false,true,2028-01-31,false,0,0,1.1,CO-ED,false,false,33.931284,-118.064056
190100EN,L.A. CADA,LOS ANGELES CENTERS FOR ALCOHOL AND DRUG ABUSE,426 S. SAN PEDRO STREET,,305 AND 307 S. CENTRAL AVENUE,LOS ANGELES,CA,90013,Los Angeles County,19,(213) 626-6411,NON,false,false,true,2028-01-31,false,0,0,1.1,CO-ED,false,false,34.044935,-118.243445
190100IN,ALLEN HOUSE,LOS ANGELES CENTERS FOR ALCOHOL AND DRUG ABUSE,11111 BLOOMFIELD AVENUE,,,SANTA FE SPRINGS,CA,90670,Los Angeles County,19,(562) 906-2685,RES,true,true,true,2026-11-30,false,60,60,1.1,CO-ED,true,false,33.930739,-118.064003
190100LN,ALICE'S HOUSE,LOS ANGELES CENTERS FOR ALCOHOL AND DRUG ABUSE,14100 GLENGYLE STREET,,"14100 1/4, 14100 1/2 GLENGYLE STREET",WHITTIER,CA,90604,Los Angeles County,19,(562) 777-1222,RES,false,true,true,2026-08-31,false,18,19,1.4,WOMEN/CHILDREN,false,false,33.937882,-118.033885
190100NN,L.A. CADA - OUTPATIENT,LOS ANGELES CENTERS FOR ALCOHOL AND DRUG ABUSE,10210 ORR AND DAY ROAD,SUITE B,,SANTA FE SPRINGS,CA,90670,Los Angeles County,19,(562) 348-0083,NON,false,false,true,2027-05-31,false,0,0,1.1,CO-ED,false,false,33.94437,-118.090356
190100ON,LOS ANGELES CENTERS FOR ALCOHOL AND DRUG ABUSE,LOS ANGELES CENTERS FOR ALCOHOL AND DRUG ABUSE,5861 CHERRY AVENUE,,,LONG BEACH,CA,90805,Los Angeles County,19,(562) 676-4259,NON,false,false,true,2028-03-31,false,0,0,1.1,CO-ED,false,false,33.861307,-118.168651
190100PN,LOS ANGELES CENTERS FOR ALCOHOL AND DRUG ABUSE,LOS ANGELES CENTERS FOR ALCOHOL AND DRUG ABUSE,8919/8921 CALIFORNIA AVENUE,,,SOUTH GATE,CA,90280,Los Angeles County,19,(323) 487-5126,RES,true,true,true,2027-02-28,false,45,45,1.1,CO-ED,true,false,33.953569,-118.206212
190100QN,LOS ANGELES CENTERS FOR ALCOHOL AND DRUG ABUSE,LOS ANGELES CENTERS FOR ALCOHOL AND DRUG ABUSE,10924 MAIN ST,SUITE A,,LOS ANGELES,CA,90061,Los Angeles County,19,(323) 880-8159,NON,false,false,true,2027-11-30,false,0,0,1.1,CO-ED,false,false,33.936709,-118.273846
190100RN,LOS ANGELES CENTERS FOR ALCOHOL AND DRUG ABUSE,LOS ANGELES CENTERS FOR ALCOHOL AND DRUG ABUSE,1084 NEW YORK DR.,,1092 NEW YORK DR.,ALTADENA,CA,91001,Los Angeles County,19,(626) 421-6031,RES,false,true,false,2028-01-31,false,18,18,1.1,CO-ED,true,false,34.178395,-118.128213
190100TN,LOS ANGELES CENTERS FOR ALCOHOL AND DRUG ABUSE,LOS ANGELES CENTERS FOR ALCOHOL AND DRUG ABUSE,9300 SANTA FE SPRINGS ROAD,,,SANTA FE SPRINGS,CA,90670,Los Angeles County,19,(562) 309-4372,NON,false,false,true,2028-06-30,false,0,0,1.1,CO-ED,false,false,33.95567,-118.053945
190100UN,LOS ANGELES CENTERS FOR ALCOHOL AND DRUG ABUSE,LOS ANGELES CENTERS FOR ALCOHOL AND DRUG ABUSE,1410 N. GAREY AVENUE,,,POMONA,CA,91767,Los Angeles County,19,(562) 777-7500 X562,NON,false,false,true,2027-11-30,false,0,0,1.1,CO-ED,false,false,34.072045,-117.75215
190100VN,LOS ANGELES CENTERS FOR ALCOHOL AND DRUG ABUSE,LOS ANGELES CENTERS FOR ALCOHOL AND DRUG ABUSE,7639 SOUTH PAINTER AVENUE,,,WHITTIER,CA,90602,Los Angeles County,19,,NON,false,false,true,2028-05-31,false,0,0,1.1,CO-ED,false,false,33.973016,-118.032691
190108CP,NO MATTER WHAT RECOVERY,"LOS ANGELES RECOVERY CENTERS, LLC",3409 W TEMPLE STREET,,,LOS ANGELES,CA,90026,Los Angeles County,19,(323) 797-5464,NON,false,false,true,2026-12-31,false,0,0,1.1,CO-ED,false,false,34.076269,-118.283355
190111AN,VAN NESS RECOVERY HOUSE,VAN NESS RECOVERY HOUSE,1919 NORTH BEACHWOOD DRIVE,,,LOS ANGELES,CA,90068,Los Angeles County,19,(323) 463-4266,RES,false,true,false,2026-10-31,false,20,20,1.1,CO-ED,false,false,34.10621,-118.321527
190112AN,ASIAN AMERICAN DRUG ABUSE PROGRAM,"ASIAN AMERICAN DRUG ABUSE PROGRAM, INC.",5318 CRENSHAW BOULEVARD,,,LOS ANGELES,CA,90043,Los Angeles County,19,(323) 293-6291,RES,false,true,true,2028-01-31,false,35,39,1.1,CO-ED,true,false,33.994412,-118.330212
190112EN,"ASIAN AMERICAN DRUG ABUSE PROGRAM, INC.","ASIAN AMERICAN DRUG ABUSE PROGRAM, INC.",13931 VAN NESS AVENUE,,,GARDENA,CA,90249,Los Angeles County,19,(323) 293-6284,NON,false,false,true,2027-10-31,false,0,0,1.1,CO-ED,false,false,33.905097,-118.317857
190112HN,ASIAN AMERICAN DRUG ABUSE PROGRAM OUTPATIENT PROGRAM,"ASIAN AMERICAN DRUG ABUSE PROGRAM, INC.",1733 E. ANAHEIM ST.,,,LONG BEACH,CA,90813,Los Angeles County,19,(562) 218-9530,NON,false,false,true,2027-10-31,false,0,0,1.1,CO-ED,false,false,33.782623,-118.170193
190112IN,"ASIAN AMERICAN DRUG ABUSE PROGRAM, INC.","ASIAN AMERICAN DRUG ABUSE PROGRAM, INC.",520 NORTH LA BREA,,,INGLEWOOD,CA,90302,Los Angeles County,19,(323) 293-6284,NON,false,false,true,2028-03-31,false,0,0,1.1,CO-ED,false,false,33.969565,-118.356135
190113BP,CROSSPOINTE RECOVERY,CROSSPOINTE RECOVERY,14888 VALLEY VISTA BLVD,,,SHERMAN OAKS,CA,91403,Los Angeles County,19,(818) 414-9438,RES,true,true,false,2026-11-30,false,6,6,1.1,CO-ED,true,false,34.146921,-118.459145
190114AP,FIRST RESPONDERS FIRST,"LAKE HUGHES RECOVERY ESTATES, INC",28963 PINE CANYON ROAD,,28765  PINE CANYON ROAD,LAKE HUGHES,CA,93532,Los Angeles County,19,(661) 724-0440,RES,true,true,true,2026-12-31,false,9,9,1.1,CO-ED,true,false,34.73486,-118.640056
190115AN,PHOENIX HOUSE - VENICE,"PHOENIX HOUSES OF LOS ANGELES, INC.",503 OCEAN FRONT WALK,,,VENICE,CA,90291,Los Angeles County,19,(310) 392-3070,RES,true,true,true,2027-12-31,false,53,53,1.2,MEN ONLY,true,false,33.993131,-118.479119
190115CN,PHOENIX HOUSE: OUTPATIENT SERVICES,"PHOENIX HOUSES OF LOS ANGELES, INC.",517 OCEAN FRONT WALK,SUITE 8,,VENICE,CA,90291,Los Angeles County,19,(310) 392-3070,NON,false,false,true,2027-12-31,false,0,0,1.2,MEN ONLY,false,false,33.992813,-118.47884
190115EN,PHOENIX HOUSE OUTPATIENT CENTER,"PHOENIX HOUSES OF LOS ANGELES, INC.",11600 ELDRIDGE AVENUE,,,LAKE VIEW TERRACE,CA,91342,Los Angeles County,19,(818) 686-3000,NON,false,false,true,2027-10-31,false,0,0,1.1,CO-ED,false,false,34.280585,-118.38404
190116AP,WARNER PARK RECOVERY CENTER,"WARNER PARK RECOVERY CENTER, LLC",22011 VENTURA BOULEVARD,,,WOODLAND HILLS,CA,91364,Los Angeles County,19,(818) 916-6869,NON,false,false,true,2026-08-31,false,0,0,1.1,CO-ED,false,false,34.16854,-118.606405
190119AP,GRATITUDE LODGE,GRATITUDE LODGE LLC,3849 CHATWIN AVENUE,,,LONG BEACH,CA,90808,Los Angeles County,19,(562) 354-6115,RES,true,true,false,2026-10-31,false,6,6,1.1,CO-ED,true,false,33.829125,-118.12361
190119BP,GRATITUDE LODGE LLC,GRATITUDE LODGE LLC,3010 E. 1ST STREET,,,LONG BEACH,CA,90803,Los Angeles County,19,(562) 354-6115,RES,true,true,false,2028-05-31,false,6,6,1.1,CO-ED,true,false,33.763308,-118.157222
190123CP,NEW SPIRIT RECOVERY LLC,NEW SPIRIT RECOVERY LLC,17856 CATHEDRAL PLACE,,"3914 BRAEWOOD CT, TARZANA, CA 91356, 17516 RAYMER ST, SHERWOOD FOREST 91325",ENCINO,CA,91316,Los Angeles County,19,(424) 317-9319,RES,true,true,false,2028-07-31,false,18,18,1.1,CO-ED,true,false,34.149352,-118.522519
190130AP,FAITH RECOVERY CENTER,FAITH RECOVERY CENTER INC.,2200 COLDWATER CANYON DRIVE,,,BEVERLY HILLS,CA,90210,Los Angeles County,19,(818) 220-3089,RES,true,true,false,2026-11-30,false,6,6,1.1,CO-ED,true,false,34.112005,-118.404375
190132AN,"KOREATOWN YOUTH AND COMMUNITY CENTER, INC.","KOREATOWN YOUTH AND COMMUNITY CENTER, INC.",3727 W. 6TH STREET,SUITE 411,,LOS ANGELES,CA,90020,Los Angeles County,19,(213) 365-7400,NON,false,false,true,2027-01-31,false,0,0,1.1,CO-ED,false,false,34.063581,-118.303817
190135CN,FRED BROWN'S RECOVERY SERVICES,"FRED BROWN'S RECOVERY SERVICES, INC.",270 WEST 14TH STREET,,276 AND 278 WEST 14TH STREET,SAN PEDRO,CA,90731,Los Angeles County,19,(310) 519-8723,RES,false,true,true,2026-11-30,false,24,24,1.2,MEN ONLY,true,false,33.731512,-118.282838
190135EN,FRED BROWN'S RECOVERY SERVICES,"FRED BROWN'S RECOVERY SERVICES, INC.",852 WEST 19TH STREET,,856 WEST 19TH STREET,SAN PEDRO,CA,90731,Los Angeles County,19,(310) 519-8723,RES,false,true,true,2027-11-30,false,16,16,1.2,MEN ONLY,true,false,33.727027,-118.295869
190135PN,"FRED BROWN'S RECOVERY SERVICES, INC.","FRED BROWN'S RECOVERY SERVICES, INC.",505 S PACIFIC AVENUE,"SUITE 103, 104, 105, 106, 203, 204, 205, 206",,SAN PEDRO,CA,90731,Los Angeles County,19,(310) 519-8723,NON,false,false,true,2027-04-30,false,0,0,1.1,CO-ED,false,false,33.739413,-118.287941
190136AN,TESSIE CLEVELAND COMMUNITY SERVICES CORPORATION,TESSIE CLEVELAND COMMUNITY SERVICES CORPORATION,8019 COMPTON AVENUE,,,LOS ANGELES,CA,90001,Los Angeles County,19,(323) 586-7333,NON,false,false,true,2027-05-31,false,0,0,1.1,CO-ED,false,false,33.966037,-118.247694
190136AP,CNV DETOX,"CNV DETOX, INC.",5919 WEST 74TH STREET,,,LOS ANGELES,CA,90045,Los Angeles County,19,(310) 431-4829,RES,true,true,false,2026-12-31,false,6,6,1.1,CO-ED,true,false,33.97402,-118.38696
190141AP,VALLEY RECOVERY CENTER OF AGUA DULCE,AIM RECOVERY CENTERS,32237 AGUA DULCE CANYON ROAD,,,AGUA DULCE,CA,91390,Los Angeles County,19,(818) 571-9841,RES,true,true,true,2026-12-31,false,6,6,1.1,CO-ED,true,false,34.479191,-118.330927
190147AN,S. H. A. W. L. HOUSE,SUPPORT FOR HARBOR AREA WOMEN'S LIVES,936 SOUTH CENTRE STREET,,,SAN PEDRO,CA,90731,Los Angeles County,19,(310) 521-9310,RES,false,true,false,2027-06-30,false,13,13,1.12,WOMEN/YOUTH,false,false,33.735406,-118.283524
190182EN,DARE U TO CARE OUTREACH MINISTRY,DARE U TO CARE OUTREACH MINISTRY,316 WEST 120TH STREET,,,LOS ANGELES,CA,90061,Los Angeles County,19,(323) 777-2372,RES,false,true,true,2027-09-30,false,20,21,1.1,CO-ED,false,false,33.923695,-118.278987
190184AP,NEW FOUND LIFE,"NEW FOUND LIFE, INC.",2211 EAST OCEAN BOULEVARD,,"2213, 2217, 2135 AND 2137 EAST OCEAN BOULEVARD",LONG BEACH,CA,90803-2440,Los Angeles County,19,(562) 434-4060,RES,false,true,true,2027-12-31,false,26,26,1.1,CO-ED,true,false,33.763998,-118.165617
190184BP,NEW FOUND LIFE,"NEW FOUND LIFE, INC.",370 JUNIPERO AVENUE,SUITE 104 - 105,,LONG BEACH,CA,90814,Los Angeles County,19,(562) 434-4060,NON,false,false,true,2026-12-31,false,0,0,1.1,CO-ED,false,false,33.77101,-118.16456
190188AN,WESTSIDE RESIDENCE HALL,UNITED STATES VETERANS INITIATIVE,733 SOUTH HINDRY AVENUE,"SUITES 103, 207, 208, 209, 210, 211, AND MULTIPURPOSE ROOM",,INGLEWOOD,CA,90301,Los Angeles County,19,(310) 744-6522,RES,false,true,false,2028-04-30,false,40,40,1.2,MEN ONLY,false,false,33.953287,-118.373581
190205AN,CROSSROADS,"CROSSROADS, INCORPORATED",1269 NORTH HARVARD AVENUE,,"615 SAN JOSE AVE.; AND 250 W. 1ST ST., SUITE 254",CLAREMONT,CA,91711-0015,Los Angeles County,19,(909) 493-9897,RES,false,true,false,2027-09-30,false,12,14,1.3,WOMEN ONLY,false,false,34.10661,-117.716725
190209CN,NEW DIRECTIONS FOR VETERANS,"NEW DIRECTIONS, INC.",11303 WILSHIRE BOULEVARD,VA BUILDING 116,,LOS ANGELES,CA,90073,Los Angeles County,19,(310) 914-4045,RES,false,true,true,2026-12-31,false,30,30,1.2,MEN ONLY,false,false,34.053651,-118.457713
190210GN,SSG HOP-ICS,"SPECIAL SERVICE FOR GROUPS, INC.",5715 S. BROADWAY,,,LOS ANGELES,CA,90037,Los Angeles County,19,(323) 948-0444,NON,false,false,true,2026-12-31,false,0,0,1.1,CO-ED,false,false,33.990249,-118.278327
190236CN,OUTPATIENT AND INTENSIVE OUTPATIENT TREATMENT ALCOHOL AND OR OTHER DRUG SERVICES,"EL PROYECTO DEL BARRIO, INC.",9140 VAN NUYS BLVD.,"SUITE 104-107, 201, 203 AND 208-211",,PANORAMA CITY,CA,91402,Los Angeles County,19,(818) 895-2206,NON,false,false,true,2027-11-30,false,0,0,1.1,CO-ED,false,false,34.236625,-118.450222
190238CN,SHIELDS FOR FAMILIES,SHIELDS FOR FAMILIES,11705 DEPUTY YAMAMOTO PLACE,SUITE A,,LYNWOOD,CA,90262,Los Angeles County,19,(323) 357-6930,NON,false,false,true,2027-03-31,false,0,0,1.1,CO-ED,false,false,33.926954,-118.228415
190238DN,SHIELDS FOR FAMILIES,SHIELDS FOR FAMILIES,2620 INDUSTRY WAY,SUITES E-F,,LYNWOOD,CA,90262,Los Angeles County,19,(323) 242-5000,NON,false,false,true,2027-03-31,false,0,0,1.7,FAMILIES,false,false,33.923364,-118.225111
190238FN,SHIELDS FOR FAMILIES,SHIELDS FOR FAMILIES,2620 INDUSTRY WAY,SUITE A,,LYNWOOD,CA,90262,Los Angeles County,19,(323) 242-5000,NON,false,false,true,2027-03-31,false,0,0,1.7,FAMILIES,false,false,33.923364,-118.225111
190239AN,AMERICAN INDIAN CHANGING SPIRITS,AMERICAN INDIAN CHANGING SPIRITS,2120 W. WILLIAMS STREET,"BUILDING 1, 2 AND 3",,LONG BEACH,CA,90810,Los Angeles County,19,(562) 625-3523,RES,false,true,false,2028-03-31,false,46,46,1.1,CO-ED,true,false,33.793039,-118.220933
190240BN,GATEWAYS OUTPATIENT HEALING AND ADDICTION RECOVERY,GATEWAYS HOSPITAL AND MENTAL HEALTH CENTER,1891 EFFIE STREET,,,LOS ANGELES,CA,90026,Los Angeles County,19,(323) 644-2000,NON,false,false,true,2028-06-30,false,0,0,1.1,CO-ED,false,false,34.084525,-118.256967
190241CN,"NATIONAL COUNCIL ON ALCOHOLISM & DRUG DEPENDENCE OF EAST SAN GABRIEL & POMONA VALLEYS, INCORPORATED","NATIONAL COUNCIL ON ALCOHOLISM AND DRUG DEPENDENCE OF EAST SAN GABRIEL AND POMONA VALLEYS, INCORPORA",4626 NORTH GRAND AVENUE,,,COVINA,CA,91724,Los Angeles County,19,(626) 331-5316,NON,false,false,true,2028-03-31,false,0,0,1.1,CO-ED,false,false,34.09645,-117.872455
190246AN,INTEGRATED TREATMENT PROGRAM FOR CO-OCCURRING DISORDERS,HOMELESS HEALTH CARE LOS ANGELES,2330 BEVERLY BOULEVARD,,,LOS ANGELES,CA,90057,Los Angeles County,19,(213) 744-0724,NON,false,false,true,2026-09-30,false,0,0,1.1,CO-ED,false,false,34.068136,-118.273779
190247BN,SPIRITT FAMILY SERVICES,SPIRITT FAMILY SERVICES,8000 PAINTER AVENUE,,,WHITTIER,CA,90602,Los Angeles County,19,(562) 903-7000,NON,false,false,true,2026-12-31,false,0,0,1.10,CO-ED/YOUTH,false,false,33.967876,-118.032658
190247FN,SPIRITT FAMILY SERVICES,SPIRITT FAMILY SERVICES,2000 TYLER AVE.,,,SOUTH EL MONTE,CA,91733,Los Angeles County,19,(626) 442-1400,NON,false,false,true,2027-05-31,false,0,0,1.1,CO-ED,false,false,34.05235,-118.03613
190247GN,SPIRITT FAMILY SERVICES,SPIRITT FAMILY SERVICES,7208 GARFIELD AVE,,,BELL GARDENS,CA,90201,Los Angeles County,19,(323) 407-8011,NON,false,false,true,2026-10-31,false,0,0,1.1,CO-ED,false,false,33.966008,-118.151132
190252DN,SUD PROGRAM,TRI-CITY MENTAL HEALTH AUTHORITY,2008 GAREY AVE,,,POMONA,CA,91767,Los Angeles County,19,(909) 623-6131,NON,false,false,true,2028-07-31,false,0,0,1.1,CO-ED,false,false,34.082941,-117.752788
190252EN,SUD PROGRAM,TRI-CITY MENTAL HEALTH AUTHORITY,1900 ROYALTY DR,SUITE 180,,PONOMA,CA,91767,Los Angeles County,19,(909) 623-6131,NON,false,false,true,2028-07-31,false,0,0,1.1,CO-ED,false,false,34.07761,-117.74633
190254ON,PACIFIC CLINICS,PACIFIC CLINICS,11721 TELEGRAPH RD,SUITE A,,SANTA FE SPRINGS,CA,90670,Los Angeles County,19,(562) 949-8455,NON,false,false,true,2027-08-31,false,0,0,1.1,CO-ED,false,false,33.946381,-118.083544
190259AN,AMITY FOUNDATION-AMISTAD DE LOS ANGELES,EPIDAURUS,3735 SOUTH GRAND AVENUE,,"3739, 3745 & 3750 SUITE B SOUTH GRAND AVENUE",LOS ANGELES,CA,90007,Los Angeles County,19,(323) 572-5566,RES,false,true,true,2027-05-31,false,184,184,1.2,MEN ONLY,false,false,34.015612,-118.27909
190259CN,AMITY FOUNDATION,EPIDAURUS,3750 SOUTH GRAND AVENU,SUITE A,,LOS ANGELES,CA,90007,Los Angeles County,19,(323) 572-5566,NON,false,false,true,2027-01-31,false,0,0,1.1,CO-ED,false,false,34.015505,-118.279096
190259FN,LA ENTRADA,EPIDAURUS,2756 JAMES M. WOOD BLVD.,,,LOS ANGELES,CA,90006,Los Angeles County,19,(213) 523-3100,RES,false,true,false,2027-10-31,false,60,60,1.3,WOMEN ONLY,false,false,34.055871,-118.288224
190279DP,MARIPOSA HOUSE,"SADLER HEALTHCARE, INC.",225 N. MARIPOSA AVENUE,,220 N. NORMANDIE AVENUE,LOS ANGELES,CA,90004,Los Angeles County,19,(213) 736-5578,RES,true,true,false,2027-03-31,false,48,49,1.2,MEN ONLY,true,false,34.076054,-118.299451
190279GP,MENLO HOUSE RESIDENTIAL,"SADLER HEALTHCARE, INC.",1730 S. VERMONT AVENUE,,1731 MENLO AVENUE,LOS ANGELES,CA,90006,Los Angeles County,19,(310) 780-6911,RES,true,true,false,2028-07-31,false,30,30,1.2,MEN ONLY,true,false,34.04182,-118.291551
190283AP,PASSAGES,GRASSHOPPER HOUSE LLC,6428 MEADOWS COURT,,,MALIBU,CA,90265,Los Angeles County,19,(310) 589-2880,RES,true,true,true,2027-07-31,false,6,6,1.1,CO-ED,true,false,34.026926,-118.767764
190283CP,PASSAGES C,GRASSHOPPER HOUSE LLC,6439 SYCAMORE MEADOWS DRIVE,,,MALIBU,CA,90265,Los Angeles County,19,(310) 589-2880,RES,true,true,false,2027-08-31,false,6,6,1.1,CO-ED,true,false,34.027492,-118.766201
190283FP,PASSAGES,GRASSHOPPER HOUSE LLC,6447 SYCAMORE MEADOWS DRIVE,,,MALIBU,CA,90265,Los Angeles County,19,(310) 589-2880,RES,true,true,false,2027-05-31,false,6,6,1.1,CO-ED,false,false,34.027435,-118.766161
190289BP,"POSITIVE STEPS, INC.","POSITIVE STEPS, INC.",5230 NORTH CLARK AVENUE,SUITE 18,,LAKEWOOD,CA,90712,Los Angeles County,19,(562) 804-2700,NON,false,false,true,2027-11-30,false,0,0,1.1,CO-ED,false,false,33.853038,-118.133739
190290AP,TWIN TOWN TREATMENT CENTERS - TORRANCE,TWIN TOWN CORPORATION,3828 CARSON STREET,SUITE100,,TORRANCE,CA,90503,Los Angeles County,19,(310) 787-1335,NON,false,false,true,2027-02-28,false,0,0,1.1,CO-ED,false,false,33.831278,-118.354011
190290BP,TWIN TOWN TREATMENT CENTERS - SHERMAN OAKS,TWIN TOWN CORPORATION,4940 VAN NUYS BOULEVARD,SUITE 201,,SHERMAN OAKS,CA,91403,Los Angeles County,19,(818) 985-0560,NON,false,false,true,2027-02-28,false,0,0,1.1,CO-ED,false,false,34.160439,-118.448678
190290CP,"TWIN TOWN TREATMENT CENTERS, WEST HOLLYWOOD",TWIN TOWN CORPORATION,8739 SANTA MONICA BOULEVARD,,,WEST HOLLYWOOD,CA,90069,Los Angeles County,19,(310) 623-1477,NON,false,false,true,2027-05-31,false,0,0,1.1,CO-ED,false,false,34.086968,-118.381136
190321AN,CRI-HELP OUTPATIENT,"I-ADARP, INC.",8330 LANKERSHIM BOULEVARD,,,NORTH HOLLYWOOD,CA,91605,Los Angeles County,19,(818) 252-1400,NON,false,false,true,2027-10-31,false,0,0,1.10,CO-ED/YOUTH,false,false,34.222026,-118.387321
190326AN,BEIT T'SHUVAH,BEIT T'SHUVAH,8831 VENICE BOULEVARD,SUITE 100 AND 200,"8847 VENICE BOULEVARD, SUITE A",LOS ANGELES,CA,90034,Los Angeles County,19,(310) 204-5200,RES,false,true,true,2027-12-31,false,98,98,1.1,CO-ED,true,false,34.030678,-118.386114
190326CN,BEIT T'SHUVAH,BEIT T'SHUVAH,8847 VENICE BLVD.,SUITE B,,LOS ANGELES,CA,90034,Los Angeles County,19,(310) 204-5200,NON,false,false,true,2028-05-31,false,0,0,1.1,CO-ED,false,false,34.030486,-118.386456
190358CN,CAMBODIAN ASSOCIATION OF AMERICA,CAMBODIAN ASSOCIATION OF AMERICA,2501 ATLANTIC AVENUE,"SUITE 2501, 2505, & 2507",,LONG BEACH,CA,90806,Los Angeles County,19,(562) 424-6105,NON,false,false,true,2028-06-30,false,0,0,1.1,CO-ED,false,false,33.802733,-118.185058
190364CN,ROBERT SUNDANCE FAMILY WELLNESS CENTER,"UNITED AMERICAN INDIAN INVOLVEMENT, INC.",1453 W TEMPLE ST,,,LOS ANGELES,CA,90026,Los Angeles County,19,(213) 202-3970,NON,false,false,true,2026-11-30,false,0,0,1.1,CO-ED,false,false,34.067578,-118.257972
190368DN,CLINICA MSR. OSCAR A. ROMERO,CLINICA MSR. OSCAR A ROMERO,123 SOUTH ALVARADO STREET,,,LOS ANGELES,CA,90057,Los Angeles County,19,(213) 201-2755,NON,false,false,true,2026-12-31,false,0,0,1.1,CO-ED,false,false,34.066051,-118.270732
190368EN,CLINICA MSR. OSCAR A. ROMERO,CLINICA MSR. OSCAR A ROMERO,2032 MARENGO STREET,SUITE B,,LOS ANGELES,CA,90033,Los Angeles County,19,(213) 201-2755,NON,false,false,true,2026-12-31,false,0,0,1.1,CO-ED,false,false,34.056575,-118.207338
190377BN,HOUSE OF UHURU,WATTS HEALTHCARE CORPORATION,8005 SOUTH FIGUEROA STREET,,,LOS ANGELES,CA,90003,Los Angeles County,19,(323) 568-5400,NON,false,false,true,2027-03-31,false,0,0,1.1,CO-ED,false,false,33.966467,-118.28278
190386AN,HELPLINE YOUTH COUNSELING,"HELPLINE YOUTH COUNSELING, INC.",14181 TELEGRAPH ROAD,WEST WING,,WHITTIER,CA,90604,Los Angeles County,19,(562) 273-0722,NON,false,false,true,2028-05-31,false,0,0,1.1,CO-ED,false,false,33.928609,-118.02949
190386BN,HELPLINE YOUTH COUNSELING,"HELPLINE YOUTH COUNSELING, INC.",5400 E. OLYMPIC BLVD.,SUITE 225,,COMMERCE,CA,90023,Los Angeles County,19,(213) 226-0969,NON,false,false,true,2026-12-31,false,0,0,1.1,CO-ED,false,false,34.015666,-118.155619
190386CN,HELPLINE YOUTH COUNSELING,"HELPLINE YOUTH COUNSELING, INC.",12440 E. FIRESTONE BLVD,SUITE 316,,NORWALK,CA,90650,Los Angeles County,19,(562) 864-3722,NON,false,false,true,2026-12-31,false,0,0,1.1,CO-ED,false,false,33.905297,-118.068257
190386DN,HELPLINE YOUTH COUNSELING,"HELPLINE YOUTH COUNSELING, INC.",3605 LONG BEACH BOULEVARD,SUITE 210,,LONG BEACH,CA,90802,Los Angeles County,19,(562) 380-0261,NON,false,false,true,2026-12-31,false,0,0,1.1,CO-ED,false,false,33.822738,-118.189372
190438EP,CLEARVIEW TREATMENT PROGRAMS,"CLEARVIEW CENTERS, LLC",2432 WALNUT AVENUE,,,VENICE,CA,90291,Los Angeles County,19,(310) 448-8822,RES,true,true,false,2028-05-31,false,6,6,1.1,CO-ED,true,false,33.994472,-118.449435
190442AN,CENTER FOR INTEGRATED FAMILY AND HEALTH SERVICES (THE FAMILY CENTER),"CENTER FOR INTEGRATED FAMILY AND HEALTH SERVICES, INCORPORATED",540 SOUTH EREMLAND DRIVE,SUITES A-D,,COVINA,CA,91723,Los Angeles County,19,(626) 966-1577,NON,false,false,true,2028-07-31,false,0,0,1.1,CO-ED,false,false,34.080032,-117.88631
190459AN,C&FC PATHWAYS TO RECOVERY,CHILD & FAMILY CENTER,21545 CENTRE POINTE PARKWAY,,,SANTA CLARITA,CA,91350,Los Angeles County,19,(661) 259-9439,NON,false,false,true,2027-02-28,false,0,0,1.1,CO-ED,false,false,34.412459,-118.514303
190473AN,"SUBSTANCE USE PREVENTION AND TREATMENT PROGRAM, DIVISION OF ADOLESCENT MEDICINE, CHLA",CHILDREN'S HOSPITAL LOS ANGELES,3250 WILSHIRE BOULEVARD,SUITE 300,,LOS ANGELES,CA,90010,Los Angeles County,19,(323) 361-2463,NON,false,false,true,2027-05-31,false,0,0,1.4,WOMEN/CHILDREN,false,false,34.061704,-118.293385
190504AN,"NEW HOPE DRUG AND ALCOHOL TREATMENT PROGRAM, INC.","NEW HOPE DRUG AND ALCOHOL TREATMENT PROGRAM, INC.",1837 WEST IMPERIAL HIGHWAY,,1841 AND 1841 1/2 WEST IMPERIAL HIGHWAY,LOS ANGELES,CA,90047,Los Angeles County,19,(323) 750-2850,NON,false,false,true,2028-02-29,false,0,0,1.1,CO-ED,false,false,33.931059,-118.310512
190511CP,COASTAL COMPREHENSIVE TREATMENT CENTER,"TRANSCULTURAL HEALTH DEVELOPMENT, INC.",117 EAST HARRY BRIDGES BOULEVARD,,,WILMINGTON,CA,90744,Los Angeles County,19,(310) 549-8383,NON,true,false,true,2027-03-31,false,0,0,1.1,CO-ED,false,false,33.771343,-118.260969
190516AP,PASSAGES EAST,FEDERAL RECOVERY SYSTEMS LLC,6439 (B) SYCAMORE MEADOWS DRIVE,,,MALIBU,CA,90265,Los Angeles County,19,(310) 589-2880,RES,true,true,false,2027-12-31,false,5,5,1.1,CO-ED,true,false,34.027492,-118.766201
190516BP,PASSAGES NORTHEAST,FEDERAL RECOVERY SYSTEMS LLC,6428 - B MEADOWS COURT,,,MALIBU,CA,90265,Los Angeles County,19,(310) 589-2880,RES,true,true,false,2027-12-31,false,6,6,1.1,CO-ED,true,false,34.026926,-118.767764
190541AN,WEINGART CENTER ASSOCIATION/EPIC,WEINGART CENTER ASSOCIATION,554 SOUTH SAN PEDRO STREET,,"566 SOUTH SAN PEDRO STREET, 8TH FLOOR",LOS ANGELES,CA,90013,Los Angeles County,19,(213) 627-9000,RES,false,true,false,2027-01-31,false,35,35,1.1,CO-ED,false,false,34.042791,-118.244835
190551AP,CHARTER OAK RECOVERY CENTER,"AURORA CHARTER OAK - LOS ANGELES, LLC",1161 EAST COVINA BOULEVARD,BUILDING C,,COVINA,CA,91724,Los Angeles County,19,(626) 859-5207,RES,false,true,true,2026-11-30,false,12,12,1.1,CO-ED,false,false,34.09945,-117.867092
190577EP,CASA PALMERA LOS ANGELES,"AUTHENTIC RECOVERY, LLC",2203 OVERLAND AVENUE,,,LOS ANGELES,CA,90064,Los Angeles County,19,(424) 781-4705,RES,true,true,true,2027-10-31,false,6,6,1.1,CO-ED,true,false,34.045859,-118.42808
190577HP,CASA PALMERA LOS ANGELES,"AUTHENTIC RECOVERY, LLC",10700 CUSHDON AVENUE,,,LOS ANGELES,CA,90064,Los Angeles County,19,(562) 395-4802,RES,true,true,true,2027-10-31,false,6,6,1.1,CO-ED,true,false,34.039506,-118.423317
190604AN,"DIVINE HEALTHCARE SERVICES, INC.","DIVINE HEALTHCARE SERVICES, INC.",405 WEST MANCHESTER BOULEVARD,SUITE A AND 4,,INGLEWOOD,CA,90301,Los Angeles County,19,(310) 672-3820,NON,false,false,true,2028-05-31,false,0,0,1.10,CO-ED/YOUTH,false,false,33.961727,-118.362138
190612CP,SUMMIT MALIBU LOWER,"MALIBU LIGHTHOUSE TREATMENT CENTER, LLC",27026 SEA VISTA DRIVE,,,MALIBU,CA,90265,Los Angeles County,19,(310) 457-9977,RES,true,true,false,2026-09-30,false,6,6,1.1,CO-ED,true,false,34.028689,-118.761585
190649AP,"MILESTONES 1, THE RANCH MALIBU VENTURE 1",THE RANCH MALIBU VENTURE 1,200 VERA CANYON ROAD,,203 & 221 VERA CANYON ROAD,MALIBU,CA,90265,Los Angeles County,19,(818) 879-9110,RES,false,true,false,2027-04-30,false,12,15,1.1,CO-ED,false,false,34.092444,-118.819021
190650AP,PASSAGES 8,6390 MEADOWS COURT LLC,6390 MEADOWS COURT,,,MALIBU,CA,90265,Los Angeles County,19,(310) 589-2880,RES,true,true,false,2028-09-30,false,6,6,1.1,CO-ED,true,false,34.02904,-118.768261
190652AP,PASSAGES 9,6390A MEADOWS COURT LLC,6390-B MEADOWS COURT,REAR GUEST HOUSE,,MALIBU,CA,90265,Los Angeles County,19,(310) 589-2880,RES,true,true,false,2026-09-30,false,5,5,1.1,CO-ED,false,false,34.02904,-118.768261
190656AN,YOU CAN ALCOHOL AND DRUG COUNSELING AND EDUCATION PROGRAM,YOU CAN HEALTH SERVICES,600 WEST MANCHESTER AVENUE,SUITE 5,,LOS ANGELES,CA,90044,Los Angeles County,19,(310) 349-9778,NON,false,false,true,2028-09-30,false,0,0,1.5,YOUTH/ADOLESCENT,false,false,33.959985,-118.284586
190685CN,NOHO RECOVERY,"HOLY ADDICTION CARE, INC.",5437 LAUREL CANYON BLVD,FLOOR 2,,VALLEY VILLAGE,CA,91607,Los Angeles County,19,(424) 405-4741,NON,false,false,true,2027-06-30,false,0,0,1.1,CO-ED,false,false,34.169792,-118.396534
190695AP,SEASONS IN MALIBU,SEASONS RECOVERY CENTERS LLC,7055 BIRDVIEW AVENUE,,,MALIBU,CA,90265,Los Angeles County,19,(424) 234-2060,RES,true,true,false,2028-05-31,false,6,6,1.1,CO-ED,true,false,34.00939,-118.813567
190695CP,SEASONS IN MALIBU II,SEASONS RECOVERY CENTERS LLC,6437 MEADOWS COURT,,,MALIBU,CA,90265,Los Angeles County,19,(424) 234-2060,RES,true,true,false,2026-09-30,false,6,6,1.1,CO-ED,true,false,34.026866,-118.768251
190713AN,"MELA COUNSELING SERVICES CENTER, INC.","MELA COUNSELING SERVICES CENTER, INC.",420 N MONTEBELLO BLVD,SUITE 100,,MONTEBELLO,CA,90640,Los Angeles County,19,(323) 721-6855,NON,false,false,true,2027-03-31,false,0,0,1.10,CO-ED/YOUTH,false,false,34.016299,-118.105954
190716BN,EGGLESTON SUBSTANCE ABUSE AND EDUCATION PROGRAM,"EGGLESTON YOUTH CENTERS, INC.",13001 RAMONA BOULEVARD,SUITES E & J,,IRWINDALE,CA,91706,Los Angeles County,19,(626) 472-6000,NON,false,false,true,2027-10-31,false,0,0,1.5,YOUTH/ADOLESCENT,false,false,34.08015,-117.987467
190718AN,MINI HOUSE RESIDENTIAL TREATMENT,"JWCH INSTITUTE, INC.",303 EAST 52ND STREET,,,LOS ANGELES,CA,90011,Los Angeles County,19,(323) 813-0200,RES,false,true,true,2027-04-30,false,31,41,1.3,WOMEN ONLY,false,false,33.995285,-118.26986
190718DN,SOLUTION FAMILY RESOURCE CENTER,"JWCH INSTITUTE, INC.",1218 EAST COMPTON BLVD,,,COMPTON,CA,90221,Los Angeles County,19,(310) 608-1505,NON,false,false,true,2027-03-31,false,0,0,1.1,CO-ED,false,false,33.895953,-118.20979
190721BP,"SPENCER RECOVERY CENTERS, INC.","SPENCER RECOVERY CENTERS, INC.",2530 HYPERION AVE,,,LOS ANGELES,CA,90027,Los Angeles County,19,(800) 334-0394,NON,false,false,true,2026-11-30,false,0,0,1.1,CO-ED,false,false,34.105136,-118.272924
190725AP,LA FUENTE HOLLYWOOD TREATMENT CENTER LLC,LA FUENTE HOLLYWOOD TREATMENT CENTER LLC,5718 FOUNTAIN AVENUE,,5718 1/2 FOUNTAIN AVENUE,LOS ANGELES,CA,90028,Los Angeles County,19,(323) 464-2947,RES,true,true,true,2027-09-30,false,10,10,1.1,CO-ED,true,false,34.09471,-118.314309
190725BP,LA FUENTE HOLLYWOOD TREATMENT CENTER,LA FUENTE HOLLYWOOD TREATMENT CENTER LLC,1601 NORTH GOWER STREET,SUITE 101 & 201,,LOS ANGELES,CA,90028,Los Angeles County,19,(323) 464-2947,NON,false,false,true,2027-05-31,false,0,0,1.1,CO-ED,false,false,34.099998,-118.322358
190728BN,HEALTHRIGHT 360,HEALTHRIGHT 360,2307 WEST 6TH STREET,,,LOS ANGELES,CA,90057,Los Angeles County,19,(213) 351-2800,RES,false,true,false,2026-09-30,false,200,200,1.2,MEN ONLY,false,false,34.06062,-118.277255
190728CN,HEALTHRIGHT 360,HEALTHRIGHT 360,145 WEST 22ND STREET,,,LOS ANGELES,CA,90007,Los Angeles County,19,(213) 351-2832,NON,false,false,true,2027-07-31,false,0,0,1.1,CO-ED,false,false,34.029033,-118.267992
190728DN,PROTOTYPES OUTPATIENT BEHAVIORAL HEALTH SERVICES CENTER,HEALTHRIGHT 360,2650 EAST FOOTHILL BOULEVARD,,,PASADENA,CA,91107,Los Angeles County,19,(626) 577-2261,NON,false,false,true,2028-02-28,false,0,0,1.8,DUAL DIAGNOSIS,false,false,34.149863,-118.095611
190728EN,"PROTOTYPES OUTPATIENT BEHAVIORAL HEALTH SERVICES CENTER, POMONA",HEALTHRIGHT 360,831 E. ARROW HIGHWAY,,,POMONA,CA,91767,Los Angeles County,19,(909) 398-4383,NON,false,false,true,2028-01-31,false,0,0,1.8,DUAL DIAGNOSIS,false,false,34.090313,-117.735322
190728GN,PROTOTYPES WOMEN'S CENTER,HEALTHRIGHT 360,845 E. ARROW HIGHWAY,,,POMONA,CA,91767,Los Angeles County,19,(909) 624-1233,RES,true,true,false,2026-07-31,true,164,254,1.4,WOMEN/CHILDREN,true,false,34.090324,-117.734712
190728HN,MLK JR. BEHAVIORAL HEALTH CENTER,HEALTHRIGHT 360,12021 SOUTH WILMINGTON AVENUE,"BUILDING 18, SUITE 300",,LOS ANGELES,CA,90059,Los Angeles County,19,(424) 454-6042,RES,true,true,false,2026-09-30,false,99,99,1.1,CO-ED,true,false,33.923522,-118.239203
190728IN,HEALTHRIGHT 360,HEALTHRIGHT 360,11227 VALLEY BLVD,,,EL MONTE,CA,91731,Los Angeles County,19,(626) 444-0705,NON,false,false,true,2026-12-31,false,0,0,1.1,CO-ED,false,false,34.071359,-118.031283
190729FP,INSPIRE MALIBU,"MALIBU CALIFORNIA MODEL DRUG TREATMENT CENTER, INC.",3875 KANAN ROAD,,3701 KANAN ROAD,AGOURA HILLS,CA,91301,Los Angeles County,19,(818) 532-6243,RES,true,true,false,2027-05-31,false,12,12,1.1,CO-ED,false,false,34.130671,-118.76223
190730AN,FFC SPIRITUAL AND BEHAVIORAL HEALTH CENTER,FAMILIES FOR CHILDREN INC.,2504 W. MANCHESTER BOULEVARD,,,INGLEWOOD,CA,90305,Los Angeles County,19,(323) 750-5855,NON,false,false,true,2027-11-30,false,0,0,1.1,CO-ED,false,false,33.959889,-118.321195
190732BP,PAX HOUSE,"PAX HOUSE, INC.",2465 EAST WALNUT STREET,,,PASADENA,CA,91107,Los Angeles County,19,(626) 380-4366,NON,false,false,true,2028-04-30,false,0,0,1.1,CO-ED,false,false,34.148049,-118.098863
190736BP,"ADVANCES IN MENTAL HEALTH AND ADDICTIONS TREATMENT, INC.","ADVANCES IN MENTAL HEALTH AND ADDICTIONS TREATMENT, INC.",5199 E. PACIFIC COAST HIGHWAY,SUITE 330N,,LONG BEACH,CA,90804,Los Angeles County,19,(562) 365-2020,NON,false,false,true,2027-03-31,false,0,0,1.1,CO-ED,false,false,33.782921,-118.132781
190746AP,THE CANYON AT SANTA MONICA,"THE CANYON AT SANTA MONICA, LLC",12304 SANTA MONICA BOULEVARD,SUITE 112,,LOS ANGELES,CA,90025,Los Angeles County,19,(424) 832-7368,NON,false,false,true,2028-04-30,false,0,0,1.1,CO-ED,false,false,34.039537,-118.465612
190751AN,"MOTIVATIONAL RECOVERY SERVICES, INC.","MOTIVATIONAL RECOVERY SERVICES, INC.",2116 S. CENTRAL AVENUE,,2118 S. CENTRAL AVENUE,LOS ANGELES,CA,90011,Los Angeles County,19,(213) 493-4664,NON,false,false,true,2028-07-31,false,0,0,1.1,CO-ED,false,false,34.021973,-118.252771
190753AP,"HOPE ALIVE COUNSELING CENTERS, LLC","HOPE ALIVE COUNSELING CENTERS, LLC",4242 LAVINIA AVENUE,,,LYNWOOD,CA,90262,Los Angeles County,19,(562) 381-2334,RES,false,true,true,2028-08-31,false,6,6,1.1,CO-ED,false,false,33.91377,-118.194495
190753BP,"HOPE ALIVE COUNSELING CENTERS, LLC","HOPE ALIVE COUNSELING CENTERS, LLC",1301 E. COMPTON BOULEVARD,SUITES 202 & 203,,COMPTON,CA,90221,Los Angeles County,19,(310) 710-2280,NON,false,false,true,2028-08-31,false,0,0,1.1,CO-ED,false,false,33.896122,-118.209182
190760BP,INTENSIVE OUTPATIENT PROGRAM,"VISIONS TREATMENT CENTERS, LLC",4505 LAS VIRGENES ROAD,SUITE 217,,CALABASAS,CA,91302,Los Angeles County,19,(310) 476-0033,NON,false,false,true,2027-06-30,false,0,0,1.1,CO-ED,false,false,34.140089,-118.700262
190764AP,THE DISCOVERY HOUSE RESIDENTIAL TREATMENT,"THE DISCOVERY HOUSE, LLC",6957 ENFIELD AVENUE,,6956 BERTRAND AVENUE AND 6953 ENFIELD AVENUE,RESEDA,CA,91335,Los Angeles County,19,(818) 654-4907,RES,true,true,false,2027-01-31,false,30,30,1.1,CO-ED,true,false,34.19726,-118.523462
190764EP,DISCOVERY TRANSITIONS OUTPATIENT,DISCOVERY TRANSITIONS OUTPATIENT,17635 VANOWEN STREET,,,VAN NUYS,CA,91406,Los Angeles County,19,(818) 357-2382,NON,false,false,true,2027-02-28,false,0,0,1.1,CO-ED,false,false,34.193909,-118.517852
190769AP,ELIJAH'S HOUSE TREATMENT CENTER,ELIJAH'S HOUSE TX CORP.,1408 NORTH HILL AVENUE,,,PASADENA,CA,91104,Los Angeles County,19,(833) 805-4544,RES,true,true,false,2027-01-31,false,6,6,1.1,CO-ED,true,false,34.170326,-118.121522
190769DP,ELIJAH'S HOUSE IOP CENTER,ELIJAH'S HOUSE TX CORP.,155 NORTH LAKE AVENUE,SUITE 807,,"PASADENA,",CA,91101,Los Angeles County,19,(877) 557-4477,NON,false,false,true,2027-10-31,false,0,0,1.1,CO-ED,false,false,34.148679,-118.132391
190773BP,THE POINTE MALIBU OUTPATIENT CENTER,"JAMES & BENTZ, INC.",23410 CIVIC CENTER WAY,SUITE E-4A,,MALIBU,CA,90265,Los Angeles County,19,(310) 924-0780,NON,false,false,true,2027-06-30,false,0,0,1.8,DUAL DIAGNOSIS,false,false,34.036819,-118.686154
190773CP,THE POINTE MALIBU RECOVERY,"JAMES & BENTZ, INC.",31450 BROAD BEACH ROAD,,31454 BROAD BEACH ROAD,MALIBU,CA,90265,Los Angeles County,19,(310) 924-0780,RES,true,true,true,2026-08-31,false,12,12,1.1,CO-ED,true,false,34.036013,-118.859368
190774BP,"EXODUS RECOVERY, INC.","EXODUS RECOVERY, INC.",1902 MARENGO ST.,SUITE 200A,,LOS ANGELES,CA,90033,Los Angeles County,19,(310) 945-8815,NON,false,false,true,2026-12-31,false,0,0,1.1,CO-ED,false,false,34.057788,-118.210131
190780BN,CORNERSTONE,"SAN FERNANDO VALLEY COMMUNITY MENTAL HEALTH CENTER, INCORPORATED",16650 SHERMAN WAY,SUITE 102,,VAN NUYS,CA,91406,Los Angeles County,19,(818) 901-4836,NON,false,false,true,2026-09-30,false,0,0,1.1,CO-ED,false,false,34.201077,-118.496239
190785AN,"COMPATIOR, INC.","COMPATIOR, INC.",4363 TWEEDY BLVD.,,,SOUTH GATE,CA,90280,Los Angeles County,19,(323) 378-2009,NON,false,false,true,2028-05-31,false,0,0,1.1,CO-ED,false,false,33.943097,-118.19524
190786DP,"ACADIA MALIBU, INC.","ACADIA MALIBU, INC.",3743 S. BARRINGTON AVENUE,,3743 1/2 AND 3744 S. BARRINGTON AVENUE,LOS ANGELES,CA,90066,Los Angeles County,19,(866) 984-1348,RES,true,true,false,2028-04-30,false,18,18,1.1,CO-ED,true,false,34.008301,-118.427528
190786EP,"ACADIA MALIBU, INC.","ACADIA MALIBU, INC.",28955 PACIFIC COAST HIGHWAY,UNIT 210,,MALIBU,CA,90265,Los Angeles County,19,(866) 984-1348,NON,false,false,true,2027-04-30,false,0,0,1.1,CO-ED,false,false,34.021685,-118.802943
190788AP,BREATHE LIFE HEALING CENTER,"BREATHE WEHO TREATMENT SERVICES, LLC",8060 MELROSE AVENUE,3RD FLOOR,,LOS ANGELES,CA,90046,Los Angeles County,19,(800) 929-5904,NON,false,false,true,2027-09-30,false,0,0,1.1,CO-ED,false,false,34.083728,-118.365246
190788BP,BREATHE WEHO TREATMENT SERVICES,"BREATHE WEHO TREATMENT SERVICES, LLC",8001 JOVENITA CANYON DRIVE,,"8003, 8006, AND 8020 JOVENITA CANYON DRIVE",LOS ANGELES,CA,90046,Los Angeles County,19,(424) 302-2014,RES,false,true,true,2027-12-31,false,24,24,1.1,CO-ED,false,false,34.114088,-118.371329
190795AP,DESIGN FOR CHANGE,DESIGN FOR CHANGE,1066 EAST AVENUE J,,44319 11TH STREET EAST,LANCASTER,CA,93535,Los Angeles County,19,(661) 942-1026,RES,true,true,true,2028-06-30,false,12,12,1.1,CO-ED,true,false,34.689274,-118.110265
190795BP,DESIGN FOR CHANGE,DESIGN FOR CHANGE,44501 16TH STREET WEST,SUITE 101,,LANCASTER,CA,93534,Los Angeles County,19,(661) 942-1026,NON,false,false,true,2028-09-30,false,0,0,1.1,CO-ED,false,false,34.691202,-118.158511
190798IP,MUSE TREATMENT,"A NEW START TREATMENT AND RECOVERY CENTER, LLC",4111 MILTON AVE,,"4113, 4115, 4117 MILTON AVE",Culver City,CA,90232,Los Angeles County,19,(855) 485-0050,RES,true,true,false,2026-12-31,false,24,24,1.1,CO-ED,true,false,34.010442,-118.408722
190798JP,MUSE TREATMENT,"A NEW START TREATMENT AND RECOVERY CENTER, LLC",1251 WESTWOOD BLVD,,,LOS ANGELES,CA,90024,Los Angeles County,19,(800) 426-1818,NON,false,false,true,2026-11-30,false,0,0,1.1,CO-ED,false,false,34.057739,-118.443346
190807BP,THE VILLA TREATMENT CENTER,"THE VILLA TREATMENT CENTER, LLC",5051 HOOD DRIVE,,"18125 LAKE ENCINO DRIVE, ENCINO, CA 91316",WOODLAND HILLS,CA,91364,Los Angeles County,19,(747) 226-0187,RES,true,true,true,2026-09-30,false,12,12,1.1,CO-ED,true,false,34.162745,-118.567907
190808AN,BIENESTAR DRUG TREATMENT PROGRAM,"BIENESTAR HUMAN SERVICES, INC.",8551 VESPER AVENUE,,,PANORAMA CITY,CA,91402,Los Angeles County,19,(866) 590-6411,NON,false,false,true,2028-06-30,false,0,0,1.10,CO-ED/YOUTH,false,false,34.226197,-118.450331
190808BN,BIENESTAR HUMAN SERVICES,"BIENESTAR HUMAN SERVICES, INC.",436W. STREET,SUITE 100,,POMONA,CA,91766,,19,(866) 590-6411,NON,false,false,true,2028-04-30,false,0,0,1.1,CO-ED,false,false,,
190808CN,BIENESTAR HUMAN SERVICES,"BIENESTAR HUMAN SERVICES, INC.",130 W. MANCHESTER AVE,,,LOS ANGELES,CA,90003,Los Angeles County,19,(866) 590-6411,NON,false,false,true,2028-05-31,false,0,0,1.1,CO-ED,false,false,33.960009,-118.275183
190811AN,FREEHAB,"THE TEEN PROJECT, INC.",14530 SYLVAN STREET,,,VAN NUYS,CA,91411,Los Angeles County,19,(818) 582-8832,RES,true,true,true,2028-07-31,false,24,24,1.1,CO-ED,false,false,34.184622,-118.449839
190811BN,OUTPATIENT LA,"THE TEEN PROJECT, INC.",14520 SYLVAN STREET,THIRD FLOOR,,VAN NUYS,CA,91411,Los Angeles County,19,(818) 582-8832,NON,false,false,true,2028-01-31,false,0,0,1.1,CO-ED,false,false,34.184622,-118.449623
190813AP,SOBER STAGES INC. OUTPATIENT PROGRAM,SOBER STAGES INCORPORATED OUTPATIENT PROGRAM,19562 VENTURA BOULEVARD,SUITE 233,,TARZANA,CA,91356,Los Angeles County,19,(818) 705-6345,NON,false,false,true,2028-09-30,false,0,0,1.1,CO-ED,false,false,34.17277,-118.559348
190817AP,ROOTS THROUGH RECOVERY,"ROOTS, INC.",3939 ATLANTIC AVENUE,SUITE 102,,LONG BEACH,CA,90807,Los Angeles County,19,(562) 471-7710,NON,false,false,true,2026-10-31,false,0,0,1.1,CO-ED,false,false,33.830059,-118.185101
190819AN,"NEW DIRECTIONS ALCOHOL & DRUG SERVICES, INC.","NEW DIRECTIONS ALCOHOL AND DRUG SERVICES, INC.",1331 WEST AVENUE J,SUITE 103 AND 206,,LANCASTER,CA,93534,Los Angeles County,19,(661) 942-2255,NON,false,false,true,2026-11-30,false,0,0,1.1,CO-ED,false,false,34.689489,-118.155668
190820BP,LAT INTENSIVE OUTPATIENT PROGRAMS INC.,LAT INTENSIVE OUTPATIENT PROGRAMS INC.,4551 GLENCOE AVENUE,SUITE 245/255,,MARINA DEL REY,CA,90292,Los Angeles County,19,(310) 572-7000,NON,false,false,true,2026-12-31,false,0,0,1.1,CO-ED,false,false,33.984284,-118.433255
190827AP,TOTALITY TREATMENT CENTER,"WESTSIDE TREATMENT, LLC",11150 W. OLYMPIC BOULEVARD,#760,,LOS ANGELES,CA,90064,Los Angeles County,19,(888) 995-7687,NON,false,false,true,2027-02-28,false,0,0,1.1,CO-ED,false,false,34.039712,-118.438667
190836AP,REVIVE DETOX,REVIVE DETOX,101 NORTH LA PEER DRIVE,,,LOS ANGELES,CA,90048,Los Angeles County,19,(323) 452-0921,RES,true,true,false,2027-02-28,false,6,6,1.1,CO-ED,true,false,34.075456,-118.386817
190838AP,HILLSMAN CENTER,"LMPG FOUNDATION, LLC",1440 E. 41ST STREET,,,LOS ANGELES,CA,90011,Los Angeles County,19,(323) 231-2585,RES,false,true,false,2027-06-30,false,40,42,1.2,MEN ONLY,false,false,34.008659,-118.247958
190842CP,DESTINATIONS FOR TEENS,"DESTINATIONS TO RECOVERY, LLC",20951 BURBANK BLVD.,SUITE D,,WOODLAND HILLS,CA,91367,Los Angeles County,19,(818) 737-2221,NON,false,false,true,2027-10-31,false,0,0,1.5,YOUTH/ADOLESCENT,false,false,34.173332,-118.589918
190843AP,VALLEY RECOVERY TREATMENT,CALIFORNIA RECOVERY CENTERS LLC,23304 HAPPY VALLEY DRIVE,,,NEWHALL,CA,91321,Los Angeles County,19,(818) 571-9841,RES,true,true,false,2027-07-31,false,6,6,1.1,CO-ED,true,false,34.375748,-118.537958
190852CP,ALTA CENTERS INC.,"ALTA CENTERS, INC.",6100 RODGERTON DRIVE,,"6075 RODGERTON DRIVE, AND 2172 ARGYLE AVENUE",LOS ANGELES,CA,90068,Los Angeles County,19,(818) 616-7443,RES,true,true,false,2027-06-30,false,18,18,1.1,CO-ED,true,false,34.12484,-118.3197
190855BP,LAUNCH,"MD HOME DETOX CONSULTING, INC.",11900 W OLYMPIC BLVD,SUITE 750,,LOS ANGELES,CA,90064,Los Angeles County,19,(424) 358-3829,NON,false,false,true,2028-01-31,false,0,0,1.1,CO-ED,false,false,34.032686,-118.451899
190857BP,"ACCESS MALIBU, INC.","ACCESS MALIBU, INC.",5247 HORIZON DR,,,MALIBU,CA,90265,Los Angeles County,19,(424) 781-4758,RES,true,true,true,2027-04-30,false,6,6,1.1,CO-ED,true,false,34.037373,-118.828795
190858BP,"RESTORE HEALTH AND WELLNESS CENTER, LLC","RESTORE HEALTH AND WELLNESS CENTER, LLC",10821 BAILE AVENUE,,,CHATSWORTH,CA,91311-8405,Los Angeles County,19,(747) 300-2474,RES,true,true,false,2028-07-31,false,6,6,1.1,CO-ED,false,false,34.266942,-118.562589
190858CP,RESTORE HEALTH AND WELLNESS CENTER,"RESTORE HEALTH AND WELLNESS CENTER, LLC",10342 DE SOTO AVENUE,,,CHATSWORTH,CA,91311,Los Angeles County,19,(747) 237-7602,RES,true,true,false,2027-08-31,false,6,6,1.1,CO-ED,true,false,34.258652,-118.58853
190858DP,RESTORE HEALTH AND WELLNESS CENTER,"RESTORE HEALTH AND WELLNESS CENTER, LLC",10344 DE SOTO AVENUE,,,CHATSWORTH,CA,91311,Los Angeles County,19,(818) 526-3914,RES,true,true,false,2027-08-31,false,6,6,1.1,CO-ED,true,false,34.258717,-118.58853
190858FP,"RESTORE HEALTH AND WELLNESS CENTER, LLC","RESTORE HEALTH AND WELLNESS CENTER, LLC",4323 COOLIDGE AVENUE,,"4315 COOLIDGE AVENUE, AND 4324 & 4320 MCLAUGHLIN AVE",LOS ANGELES,CA,90066,Los Angeles County,19,(949) 525-7977,RES,true,true,false,2026-12-31,false,24,24,1.1,CO-ED,true,false,34.000161,-118.41629
190858GP,"RESTORE HEALTH AND WELLNESS CENTER, LLC","RESTORE HEALTH AND WELLNESS CENTER, LLC",6918 OWENSMOUTH AVE,SUITE A,,CANOGA PARK,CA,91303,Los Angeles County,19,(818) 806-3914,NON,false,false,true,2028-04-30,false,0,0,1.1,CO-ED,false,false,34.196087,-118.601519
190863FP,CLEAR RESIDENTIAL CENTER,"CLEAR RECOVERY CENTER, LLC",2309 W. 190TH STREET,,,REDONDO BEACH,CA,90278,Los Angeles County,19,(877) 799-1985,NON,false,false,true,2027-05-31,false,0,0,1.1,CO-ED,false,false,33.858345,-118.369439
190863GP,CLEAR RECOVERY CENTER,"CLEAR RECOVERY CENTER, LLC",18123 PRAIRE AVE.,,,TORRENCE,CA,90504,Los Angeles County,19,(877) 799-1985,NON,false,false,true,2027-05-31,false,0,0,1.1,CO-ED,false,false,33.866287,-118.343824
190863HP,CLEAR RECOVERY CENTER,"CLEAR RECOVERY CENTER, LLC",326 N. PROSPECT AVENUE,,328 & 330 N. PROSPECT AVENUE,REDONDO BEACH,CA,90277,Los Angeles County,19,(877) 799-1985,RES,true,true,true,2027-05-31,false,20,20,1.1,CO-ED,true,false,33.847413,-118.377431
190863JP,CLEAR RECOVERY CENTER,"CLEAR RECOVERY CENTER, LLC",201 HERONDO STREET,,,REDONDO BEACH,CA,90277,Los Angeles County,19,(877) 799-1985,NON,false,false,true,2027-05-31,false,0,0,1.1,CO-ED,false,false,33.853066,-118.39596
190863KP,CLEAR BEHAVIORAL HEALTH,"CLEAR RECOVERY CENTER, LLC",6627 VALJEAN AVE,,,VAN NUYS,CA,91406,Los Angeles County,19,(818) 532-5990,NON,false,false,true,2028-04-30,false,0,0,1.1,CO-ED,false,false,34.190875,-118.485868
190863LP,CLEAR BEHAVIORAL HEALTH,"CLEAR RECOVERY CENTER, LLC",769 NORTH ORANGE GROVE BLVD,,,PASADENA,CA,91103,Los Angeles County,19,(323) 618-4410,NON,false,false,true,2028-04-30,false,0,0,1.1,CO-ED,false,false,34.156445,-118.154075
190863MP,CLEAR BEHAVIORAL HEALTH,"CLEAR RECOVERY CENTER, LLC",115 MAIN ST,,,EL SEGUNDO,CA,90245,Los Angeles County,19,(424) 201-2868,NON,false,false,true,2028-04-30,false,0,0,1.1,CO-ED,false,false,33.917041,-118.416001
190863NP,CLEAR BEHAVIORAL HEALTH,"CLEAR RECOVERY CENTER, LLC",10942 KLINGERMAN ST.,UNIT A,,SOUTH EL MONTE,CA,91733,Los Angeles County,19,(626) 415-3711,NON,false,false,true,2028-04-30,false,0,0,1.1,CO-ED,false,false,34.056029,-118.036645
190863OP,CLEAR BEHAVIORAL HEALTH,"CLEAR RECOVERY CENTER, LLC",26330 DIAMOND PLACE,SUITE 120/130,,SANTA CLARITA,CA,91350,Los Angeles County,19,(323) 618-4410,NON,false,false,true,2028-04-30,false,0,0,1.1,CO-ED,false,false,34.409423,-118.508004
190863PP,CLEAR BEHAVIORAL HEALTH,"CLEAR RECOVERY CENTER, LLC",1921 W. 146TH STREET,,"1923, 1925 & 1927 W. 146TH STREET",GARDENA,CA,90249,Los Angeles County,19,(877) 799-1985,RES,true,true,true,2028-04-30,false,20,20,1.1,CO-ED,true,false,33.899027,-118.312254
190867AP,LAKE HUGHES RECOVERY,LAKE HUGHES RECOVERY,49713 GORMAN POST ROAD,,,GORMAN,CA,93243,Los Angeles County,19,(661) 724-0001,RES,true,true,true,2027-10-31,false,100,104,1.1,CO-ED,true,false,34.796243,-118.85176
190867BP,LAKE HUGHES RECOVERY,LAKE HUGHES RECOVERY,1140 WEST LANCASTER BLVD,,1144 WEST LANCASTER BLVD,LANCASTER,CA,93534,Los Angeles County,19,(661) 724-0001,RES,true,true,true,2027-01-31,false,12,12,1.1,CO-ED,true,false,34.696682,-118.150769
190871AP,THRIVE TREATMENT,"THRIVE TREATMENT, LLC",3101 OCEAN PARK BOULEVARD,SUITE 302 & 309,,SANTA MONICA,CA,90405,Los Angeles County,19,(424) 252-6955,NON,false,false,true,2027-10-31,false,0,0,1.1,CO-ED,false,false,34.020733,-118.452751
190871BP,THRIVE TREATMENT,"THRIVE TREATMENT, LLC",10837 WASHINGTON BLVD,,,CULVER CITY,CA,90230,Los Angeles County,19,(888) 975-8474,NON,false,false,true,2026-11-30,false,0,0,1.1,CO-ED,false,false,34.014505,-118.408136
190871CP,THRIVE TREATMENT,"THRIVE TREATMENT, LLC",23279/23281 LEONORA DR,,,WOODLAND HILLS,CA,91367,Los Angeles County,19,(424) 230-4682,RES,true,true,true,2027-10-31,false,18,18,1.1,CO-ED,true,false,34.162114,-118.633695
190873CP,MIRACLES IN ACTION,"MIRACLES IN ACTION, LLC",9241 RESEDA BLVD.,SUITE 200,,NORTHRIDGE,CA,91324,Los Angeles County,19,(818) 429-9103,NON,true,false,true,2027-11-30,false,0,0,1.10,CO-ED/YOUTH,false,false,34.238368,-118.536121
190879CP,HARMONY PLACE,"JMG INVESTMENTS, INC.",23041 HATTERAS STREET,,23043 HATTERAS STREET,WOODLAND HILLS,CA,91367,Los Angeles County,19,(818) 794-4369,RES,true,true,true,2028-05-31,false,12,12,1.1,CO-ED,true,false,34.175575,-118.628901
190881BP,FAITH RECOVERY,"FAITH RECOVERY, INC.",2211 PALO VERDE AVENUE,SUITE C,,LONG BEACH,CA,90815,Los Angeles County,19,(562) 431-4144,NON,false,false,true,2028-04-30,false,0,0,1.1,CO-ED,false,false,33.796767,-118.108045
190893BP,EXIS RECOVERY INC.,EXIS RECOVERY INC.,2332 COTNER AVENUE,SUITE 201,,LOS ANGELES,CA,90064,Los Angeles County,19,(424) 832-0848,NON,false,false,true,2028-05-31,false,0,0,1.1,CO-ED,false,false,34.037046,-118.437354
190896AP,LIGHTHOUSE RECOVERY CENTERS,"LIGHTHOUSE RECOVERY CENTERS, LLC",5242 DARRO ROAD,,,WOODLAND HILLS,CA,91364,Los Angeles County,19,(888) 329-9133,RES,true,true,false,2028-03-31,false,9,9,1.1,CO-ED,true,false,34.164618,-118.599551
190896BP,"LIGHTHOUSE RECOVERY CENTERS, LLC","LIGHTHOUSE RECOVERY CENTERS, LLC",18663 VENTURA BLVD.,SUITE 210,,TARZANA,CA,91356,Los Angeles County,19,(855) 913-5400,NON,false,false,true,2027-10-31,false,0,0,1.8,DUAL DIAGNOSIS,false,false,34.170548,-118.540321
190900BP,INNERACTIONS,"INNER+ACTIONS, LLC",17609 VENTURA BOULEVARD,SUITE 215 AND 305,,ENCINO,CA,91316,Los Angeles County,19,(818) 963-4357,NON,false,false,true,2028-07-31,false,0,0,1.1,CO-ED,false,false,34.161978,-118.51674
190901BP,"VALLEY RESTORATION CENTER, INC.","VALLEY RESTORATION CENTER, INC.",22900 VENTURA BLVD.,SUITE 340,,WOODLAND HILLS,CA,91364,Los Angeles County,19,(818) 797-5921,NON,true,false,true,2028-01-31,false,0,0,1.1,CO-ED,false,false,34.165039,-118.626334
190902DP,THE HAVEN AT COLLEGE,"RECOVERY GRADS, LLC",1015 GAYLEY AVENUE,SUITE 203,,LOS ANGELES,CA,90024,Los Angeles County,19,(917) 374-4215,NON,false,false,true,2028-06-30,false,0,0,1.1,CO-ED,false,false,34.061652,-118.447756
190902FP,THE HAVEN,"RECOVERY GRADS, LLC",17207 VENTURA BLVD,STE 200,,ENCINO,CA,91316,Los Angeles County,19,(917) 374-4215,NON,false,false,true,2028-06-30,false,0,0,1.1,CO-ED,false,false,34.160612,-118.507889
190907AP,MELROSE RECOVERY,MELROSE RECOVERY LLC,501 N. MARIPOSA AVENUE,,4361 ROSEWOOD AVENUE,LOS ANGELES,CA,90004,Los Angeles County,19,(702) 901-9079,RES,true,true,false,2026-10-31,false,8,8,1.1,CO-ED,true,false,34.079222,-118.299258
190909BP,THE VILLA OUTPATIENT SERVICES LLC,THE VILLA OUTPATIENT SERVICES LLC,4463 VAN NUYS BLVD.,,,SHERMAN OAKS,CA,91403,Los Angeles County,19,(855) 749-5754,NON,false,false,true,2027-03-31,false,0,0,1.1,CO-ED,false,false,34.15275,-118.448716
190913BP,DEDICATO TREATMENT CENTER,DEDICATO TREATMENT CENTER INC.,133 NORTH ALTADENA,SUITE 401,,PASADENA,CA,91107,Los Angeles County,19,(626) 921-0113,NON,false,false,true,2027-12-31,false,0,0,1.1,CO-ED,false,false,34.148586,-118.098668
190917AP,RECOVERY INTEGRITY,"INTEGRITY TREATMENT PROGRAM, LLC",12301 WILSHIRE BOULEVARD,SUITE 206,,LOS ANGELES,CA,90025,Los Angeles County,19,(310) 294-9030,NON,false,false,true,2026-07-31,true,0,0,1.1,CO-ED,false,false,34.042582,-118.469395
190920AP,"LIFESYNC RECOVERY AND DETOXIFICATION, LLC","LIFESYNC RECOVERY AND DETOXIFICATION, LLC",6035 MURPHY WAY,,,MALIBU,CA,90265,Los Angeles County,19,(310) 457-0915,RES,true,true,true,2028-07-31,false,6,6,1.1,CO-ED,true,false,34.033961,-118.782536
190921AP,"SILICON BEACH OUTPATIENT CENTER, LLC","SILICON BEACH OUTPATIENT CENTER, LLC",10211 VENICE BOULEVARD,,,LOS ANGELES,CA,90034,Los Angeles County,19,(866) 418-9837,NON,false,false,true,2028-06-30,false,0,0,1.1,CO-ED,false,false,34.021482,-118.402249
190921BP,SATORI HEALTH,"SATORI HEALTH, INC.",5900 SEPULVEDA BOULEVARD,SUITE 432,,VAN NUYS,CA,91411,Los Angeles County,19,(844) 930-4357,NON,false,false,true,2027-04-30,false,0,0,1.1,CO-ED,false,false,34.177582,-118.466152
190921CP,SATORI HEALTH DETOX,"SATORI HEALTH, INC.",5312 AMIGO AVE.,,5314 AMIGO AVE.,TARZANA,CA,91356,Los Angeles County,19,(310) 795-0542,RES,true,true,true,2027-04-30,false,11,11,1.1,CO-ED,true,false,34.166661,-118.538794
190930BP,HARMONY PLACE EAST,"DOLOROSA OPERATIONS, INC.",22913 BURBANK BOULEVARD,,22915 BURBANK BOULEVARD,WOODLAND HILLS,CA,91367,Los Angeles County,19,(818) 378-0379,RES,true,true,true,2028-08-31,false,12,12,1.1,CO-ED,true,false,34.172507,-118.625981
190931BP,PCH TREATMENT,"PCH TREATMENT, INC.",3772 GRAND VIEW BLVD,,,LOS ANGELES,CA,90066,Los Angeles County,19,(424) 581-8621,RES,true,true,true,2028-05-31,false,6,6,1.1,CO-ED,true,false,34.005456,-118.431616
190936BP,CAST CENTERS,CAST CENTERS LLC,630 NORTH DOHENY DRIVE,,632 NORTH DOHENY DRIVE,WEST HOLLYWOOD,CA,90069,Los Angeles County,19,(424) 302-2598,NON,false,false,true,2027-08-31,false,0,0,1.1,CO-ED,false,false,34.082033,-118.389749
190937AP,"CASA BELLA SOBER LIVING - WEST, LLC","CASA BELLA SOBERLIVING-WEST, LLC",12167-69 W. SUNSET BLVD,,,LOS ANGELES,CA,90049,Los Angeles County,19,(310) 913-0023,RES,false,true,false,2026-12-31,false,8,8,1.3,WOMEN ONLY,false,false,34.059161,-118.477417
190939AP,HATHAWAY RECOVERY,"DESTINY RECOVERY, INC.",1042 E. BELMONT ABBEY LANE,,3992 SWARTHMORE COURT,CLAREMONT,CA,91711,Los Angeles County,19,(909) 971-3333,RES,true,true,false,2028-08-31,false,12,14,1.1,CO-ED,true,false,34.140419,-117.696238
190943AP,IRIS HEALING RETREAT,IRIS HEALING RETREAT LLC,5663 JUMILLA AVENUE,,,WOODLAND HILLS,CA,91367,Los Angeles County,19,(818) 436-2646,RES,true,true,false,2027-01-31,false,6,6,1.1,CO-ED,true,false,34.174339,-118.563982
190956AP,HEALTHY LIVING RESIDENTIAL PROGRAM,HEALTHY LIVING AND LIFESTYLE INC,22258 BARBACOA DRIVE,,22512 GARZOTA DRIVE,SANTA CLARITA,CA,91350,Los Angeles County,19,(661) 523-7676,RES,true,true,false,2027-04-30,false,12,12,1.1,CO-ED,true,false,34.436997,-118.529271
190970BP,"PULSE TREATMENT CENTER, INC.","PULSE TREATMENT CENTER, INC.",5530 CORBIN AVE.,SUITE 145,,TARZANA,CA,91356,Los Angeles County,19,(949) 293-2278,NON,false,false,true,2027-09-30,false,0,0,1.1,CO-ED,false,false,34.171736,-118.562176
190981AP,FORWARD RECOVERY SOLUTIONS,"FORWARD RECOVERY SOLUTIONS, LLC",9740 WEST PICO BLVD.,,,LOS ANGELES,CA,90035,Los Angeles County,19,(310) 945-0344,NON,false,false,true,2027-05-31,false,0,0,1.10,CO-ED/YOUTH,false,false,34.054459,-118.400593
190981BP,FORWARD RECOVERY SOLUTIONS,"FORWARD RECOVERY SOLUTIONS, LLC",1428 S. ROXBURY DRIVE,,1841 BENECIA AVE.,LOS ANGELES,CA,90035,Los Angeles County,19,(310) 488-9864,RES,true,true,true,2028-09-30,false,12,12,1.1,CO-ED,true,false,34.053111,-118.401857
190986AP,"PATH TO RECOVERY DETOX, LLC","PATH TO RECOVERY DETOX, LLC",3231 NEW YORK DRIVE,,,PASADENA,CA,91107,Los Angeles County,19,(323) 996-7990,RES,true,true,false,2028-02-29,false,6,6,1.1,CO-ED,true,false,34.165478,-118.084492
190987BP,MANIFEST RECOVERY CENTERS,"MANIFEST VALLEY WELLNESS, LLC",18663 VENTURA BLVD,SUITE 300,,TARZANA,CA,91356,Los Angeles County,19,(866) 359-9052,NON,false,false,true,2027-09-30,false,0,0,1.8,DUAL DIAGNOSIS,false,false,34.170548,-118.540321
190991AP,MULTI CONCEPT RECOVERY,CONCEPTS TREATMENT CENTERS LLC,210 N. PASS AVENUE,SUITE 202 AND SUITE 101,,BURBANK,CA,91505,Los Angeles County,19,(818) 433-8835,NON,false,false,true,2027-10-31,false,0,0,1.1,CO-ED,false,false,34.153441,-118.344643
190992AP,QUEST 2 RECOVERY,"QUEST RECOVERY, INC.",42939 45TH STREET WEST,,42945 45TH STREET WEST,QUARTZ HILL,CA,93536,Los Angeles County,19,(661) 941-2928,RES,true,true,false,2027-10-31,false,12,12,1.1,CO-ED,true,false,34.663098,-118.210123
190995EN,PENNY LANE CENTERS,PENNY LANE CENTERS,15305 RAYEN STREET,,,NORTH HILLS,CA,91343-5117,Los Angeles County,19,(818) 892-3423,NON,false,false,true,2027-11-30,false,0,0,1.1,CO-ED,false,false,34.232164,-118.465724
190995FN,PENNY LANE CENTERS,PENNY LANE CENTERS,5628 E. SLAUSON AVENUE,,,COMMERCE,CA,90040-2922,Los Angeles County,19,(323) 480-9242,NON,false,false,true,2027-11-30,false,0,0,1.1,CO-ED,false,false,33.985935,-118.163719
190995GN,PENNY LANE CENTERS,PENNY LANE CENTERS,43520 DIVISION STREET,,,LANCASTER,CA,93535-4089,Los Angeles County,19,(661) 272-4883,NON,false,false,true,2027-11-30,false,0,0,1.1,CO-ED,false,false,34.67363,-118.130113
190999AN,EAST LOS ANGELES WOMEN'S CENTER,EAST LOS ANGELES WOMEN'S CENTER,5801 EAST WASHINGTON BOULEVARD,,,"COMMERCE,",CA,90040,Los Angeles County,19,(323) 526-5819,NON,false,false,true,2027-09-30,false,0,0,1.3,WOMEN ONLY,false,false,33.99817,-118.153159
191000AP,GOLDEN ROAD RECOVERY,"GOLDEN ROAD RECOVERY, LLC",22560 LASSEN STREET,,9551 & 9842 BADEN AVENUE,CHATSWORTH,CA,91311,Los Angeles County,19,(747) 202-0920,RES,true,true,false,2027-05-31,false,18,18,1.1,CO-ED,false,false,34.249539,-118.618905
191001AP,"JOURNEY HILLSIDE TARZANA, LLC","JOURNEY HILLSIDE TARZANA, LLC",4706 VIVIANA DRIVE,,,TARZANA,CA,91356,Los Angeles County,19,(818) 996-6005,RES,true,true,false,2027-06-30,false,6,6,1.1,CO-ED,true,false,34.154927,-118.555174
191005AP,LONG BEACH MCRP,"GEO REENTRY SERVICES, LLC",2233 E. 69TH STREET,,,LONG BEACH,CA,90805,Los Angeles County,19,(562) 663-0711,RES,false,true,true,2027-11-30,false,112,112,1.10,CO-ED/YOUTH,true,false,33.880615,-118.166934
191006AP,AVEDIS RECOVERY,"AVEDIS RECOVERY, INC.",4406 WEST PICO BOULVARD,,,LOS ANGELES,CA,90019,Los Angeles County,19,(323) 243-3422,NON,false,false,true,2027-05-31,false,0,0,1.1,CO-ED,false,false,34.048139,-118.330745
191007AP,NEW DAY REHAB CENTER,NEW DAY REHAB CENTER,1616 WEST AVENUE L,,,LANCASTER,CA,93534,Los Angeles County,19,(661) 993-2492,RES,true,true,true,2027-09-30,false,6,6,1.1,CO-ED,true,false,34.660352,-118.159818
191007CP,NEW DAY REHAB CENTER,NEW DAY REHAB CENTER,44349 LOWTREE AVE.,SUITE 110,,LANCASTER,CA,93534,Los Angeles County,19,(661) 993-2492,NON,false,false,true,2027-07-31,false,0,0,1.1,CO-ED,false,false,34.688807,-118.153942
191008AP,"S V RECOVERY, INC.","S V RECOVERY, INC.",10420 PENROSE STREET,,,SUN VALLEY,CA,91352,Los Angeles County,19,(818) 876-2555,RES,true,true,true,2027-09-30,false,6,8,1.1,CO-ED,true,false,34.232188,-118.35814
191009AP,CONCLUSIONS TREATMENT,"GPSTREATMENT.COM, LLC",10200 SEPULVEDA BLVD.,SUITE 370,,MISSION HILLS,CA,91345,Los Angeles County,19,(818) 221-3076,NON,false,false,true,2027-07-31,false,0,0,1.1,CO-ED,false,false,34.255751,-118.467229
191011AP,TRANSFORMATIONS CARE,"TRANSFORMATIONS CARE, INC.",17921 S. AVERY PLACE,,,GARDENA,CA,90248,Los Angeles County,19,(424) 340-9267,RES,true,true,false,2027-08-31,false,6,6,1.1,CO-ED,true,false,33.867369,-118.301778
191011BP,TRANSFORMATIONS CARE,"TRANSFORMATIONS CARE, INC.",18726 S. WESTERN AVENUE,SUITE 209,,GARDENA,CA,90248,Los Angeles County,19,(318) 819-8098,NON,false,false,true,2027-06-30,false,0,0,1.1,CO-ED,false,false,33.860478,-118.309129
191012BP,GLENDORA RECOVERY CENTER,GLENDORA RECOVERY CENTER,1340 E. ROUTE 66,"SUITE 103, 106, 205 & 206",,GLENDORA,CA,91740,Los Angeles County,19,(626) 594-0881,NON,false,false,true,2026-12-31,false,0,0,1.1,CO-ED,false,false,34.128728,-117.840753
191020AP,ORIGINS TREATMENT CENTER,ORIGINS TREATMENT CENTER LLC,5300 BEETHOVEN STREET,,,LOS ANGELES,CA,90066,Los Angeles County,19,(626) 590-0772,NON,false,false,true,2027-10-31,false,0,0,1.1,CO-ED,false,false,33.979111,-118.422818
191021BP,STARBRIDGE RECOVERY,"STARBRIDGE RECOVERY, LLC",23104 MARIANO STREET,,23104 1/2 MARIANO STREET,WOODLAND HILLS,CA,91367,Los Angeles County,19,(323) 380-6683,RES,true,true,false,2027-05-31,false,12,12,1.1,CO-ED,true,false,34.16825,-118.629961
191023CP,SPARK TO RECOVERY,SPARK TO RECOVERY INC.,5449 WOODMAN AVENUE,,5451 WOODMAN AVENUE,SHERMAN OAKS,CA,91401,Los Angeles County,19,(855) 538-0225,RES,true,true,false,2027-08-31,false,12,12,1.1,CO-ED,true,false,34.170013,-118.431274
191024AP,ALL AMERICAN DETOX CENTER,"AMERICAN ADDICTION TREATMENT CENTER, INC.",20706 CLARENDON STREET,,,WOODLAND HILLS,CA,91367,Los Angeles County,19,(818) 719-8888,RES,true,true,false,2027-10-31,false,6,6,1.1,CO-ED,true,false,34.169948,-118.58319
191027AP,ORO HOUSE RECOVERY CENTERS,"OLA WELLNESS RETREAT, LLC",30425 PACIFIC COAST HIGHWAY,,,MALIBU,CA,90265,Los Angeles County,19,(310) 579-5192,RES,true,true,false,2028-05-31,false,6,6,1.1,CO-ED,true,false,34.026218,-118.836774
191027BP,ORO HOUSE RECOVERY CENTERS,"OLA WELLNESS RETREAT, LLC",28955 PACIFIC COAST HIGHWAY,SUITE 200,,MALIBU,CA,90265,Los Angeles County,19,(310) 975-5344,NON,false,false,true,2028-06-30,false,0,0,1.1,CO-ED,false,false,34.021685,-118.802943
191028AP,SOUL DETOX AND RECOVERY INC,SOUL DETOX AND RECOVERY INC,8124 SHADYGLADE AVENUE,,,NORTH HOLLYWOOD,CA,91605,Los Angeles County,19,(818) 355-5642,RES,true,true,false,2028-05-31,false,6,6,1.1,CO-ED,true,false,34.218463,-118.401944
191029AP,BOLD RECOVERY,"BOLD RECOVERY, INC.",3407 W. 6TH STREET,SUITE 700,,LOS ANGELES,CA,90020,Los Angeles County,19,(213) 327-4209,NON,false,false,true,2028-02-29,false,0,0,1.1,CO-ED,false,false,34.063611,-118.295969
191030AP,WISH RECOVERY,AMS PRO GROUP LLC,9460 WISH AVENUE,,"9462 WISH AVENUE, AND 19016 KESWICK ST, RESEDA, CA 91335",NORTHRIDGE,CA,91325,Los Angeles County,19,(747) 232-4283,RES,true,true,false,2028-03-31,false,18,18,1.1,CO-ED,true,false,34.242594,-118.508405
191038AP,AVEDIS DETOX,"AVEDIS DETOX, INC.",1122 SOUTH CITRUS AVENUE,,1124 SOUTH CITRUS AVENUE,LOS ANGELES,CA,90016,Los Angeles County,19,(818) 457-4189,RES,true,true,false,2028-03-31,false,12,12,1.1,CO-ED,true,false,34.054563,-118.342067
191047CP,PROFOUND TREATMENT,WEST HEALTH INC,5902 PENFIELD AVENUE,,5923 JUMILLA  AVENUE,WOODLAND HILLS,CA,91367,Los Angeles County,19,(310) 600-2395,RES,true,true,false,2027-01-31,false,12,12,1.1,CO-ED,true,false,34.178405,-118.56987
191047DP,PROFOUND TREATMENT,WEST HEALTH INC,22861 OXNARD STREET,,"22863, AND 22865 OXNARD STREET",WOODLAND HILLS,CA,91367,Los Angeles County,19,(310) 600-2395,RES,true,true,false,2027-09-30,false,16,16,1.1,CO-ED,true,false,34.179198,-118.625376
191047FP,PROFOUND TREATMENT,WEST HEALTH INC,22704 SYLVAN ST.,,"22702 SYLVAN ST., 22714 SYLVAN ST.",WOODLAND HILLS,CA,91367,Los Angeles County,19,(310) 600-2395,RES,true,true,false,2028-06-30,false,18,18,1.1,CO-ED,true,false,34.1846,-118.621383
191050AP,"STAIRWAY RESOURCE CENTER, INC.",STAIRWAY RESOURCE CENTER INC.,21210 ERWIN STREET,,,WOODLAND HILLS,CA,91367,Los Angeles County,19,(818) 724-7380,NON,true,false,true,2028-04-30,false,0,0,1.1,CO-ED,false,false,34.182826,-118.594519
191050BP,STAIRWAY RESOURCE CENTER INC.,STAIRWAY RESOURCE CENTER INC.,18811 REDWING STREET,,,TARZANA,CA,91356,Los Angeles County,19,(888) 450-2701,RES,true,true,true,2027-05-31,false,6,6,1.1,CO-ED,true,false,34.170455,-118.543242
191052AP,"ANNANDALE BEHAVIORAL HEALTH, LLC","ANNANDALE BEHAVIORAL HEALTH, LLC",1280 AFTON STREET,,,PASADENA,CA,91103,Los Angeles County,19,(626) 344-5177,RES,true,true,true,2028-07-31,false,6,6,1.1,CO-ED,true,false,34.167455,-118.177521
191060DP,90210 RECOVERY INC,90210 RECOVERY INC,3848 VISTA LINDA DRIVE,,,ENCINO,CA,91316,Los Angeles County,19,(310) 498-7048,RES,true,true,false,2027-04-30,false,6,6,1.1,CO-ED,true,false,34.141688,-118.528787
191061AP,CONQUER RECOVERY,"CONQUER RECOVERY CENTERS, INC.",1324 KENISTON AVENUE,,,LOS ANGELES,CA,90019,Los Angeles County,19,(323) 452-0071,RES,true,true,false,2026-12-31,false,6,6,1.1,CO-ED,true,false,34.050447,-118.33882
191063AP,SOBERMIND INC,SOBERMIND INC,7321 OSO AVENUE,,,WINNETKA,CA,91306,Los Angeles County,19,(818) 398-8047,RES,true,true,false,2027-04-30,false,6,6,1.1,CO-ED,true,false,34.204163,-118.575392
191064AP,GOD'S ARMY WELLNESS HOME,GOD'S ARMY WELLNESS HOME INC.,13149 RATNER STREET,,,NORTH HOLLYWOOD,CA,91601,Los Angeles County,19,(818) 205-1111,RES,true,true,false,2026-11-30,false,6,6,1.1,CO-ED,true,false,34.217357,-118.419737
191066AP,ROYAL RECOVERY AND TREATMENT CENTER,ROYAL RECOVERY AND TREATMENT CENTER INC.,19316 VISTA GRANDE WAY,,,PORTER RANCH,CA,91326,Los Angeles County,19,(818) 271-4465,RES,true,true,false,2026-11-30,false,6,6,1.1,CO-ED,false,false,34.289093,-118.55379
191067AP,FOY WELLNESS AND RECOVERY,FOY WELLNESS AND RECOVERY LLC,30125 AGOURA ROAD,SUITE E,,AGOURA HILLS,CA,91301,Los Angeles County,19,(805) 558-0839,NON,false,false,true,2026-10-31,false,0,0,1.1,CO-ED,false,false,34.145109,-118.778856
191069CP,WEST HOLLYWOOD ATC LLC,MAGNIFIED HEALTH SYSTEMS WEST LLC,9024 HARRATT STREET,,9026 HARRATT STREET,WEST HOLLYWOOD,CA,90069,Los Angeles County,19,(424) 279-9183,RES,true,true,false,2027-08-31,false,12,12,1.1,CO-ED,true,false,34.089484,-118.388587
191071AP,LION RECOVERY,LION RECOVERY,14945 BASSETT STREET,,,VAN NUYS,CA,91405,Los Angeles County,19,(818) 276-5436,RES,true,true,false,2027-01-31,false,6,6,1.1,CO-ED,true,false,34.196213,-118.459106
191075AP,NORTHRIDGE ADDICTION TREATMENT CENTER LLC,NORTHRIDGE ADDICTION TREATMENT CENTER LLC,6215 WHITE OAK AVENUE,,6217 WHITE OAK AVENUE,ENCINO,CA,91316,Los Angeles County,19,(818) 527-1294,RES,true,true,false,2027-04-30,false,12,12,1.8,DUAL DIAGNOSIS,true,false,34.183271,-118.518574
191078BP,"RECOVERY ZONE, INC.","RECOVERY ZONE, INC.",1480 COLORADO BOULEVARD,SUITE 175,,LOS ANGELES,CA,90041-2381,Los Angeles County,19,(855) 626-4828,NON,true,false,true,2028-09-30,false,0,0,1.1,CO-ED,false,false,34.139253,-118.197312
191079BP,OAK FOREST RECOVERY CENTER,"OAK FOREST RECOVERY CENTER, INC.",5655 LINDERO CANYON RD.,SUITE 425,,WESTLAKE VILLAGE,CA,91362,Los Angeles County,19,(805) 413-5600,NON,false,false,true,2027-10-31,false,0,0,1.1,CO-ED,false,false,34.154259,-118.800166
191080AP,TARZANA RECOVERY CENTER,TARZANA RECOVERY CENTER,5371 VANALDAN AVE,,,TARZANA,CA,91356,Los Angeles County,19,(818) 514-6514,RES,true,true,false,2027-03-31,false,6,6,1.1,CO-ED,false,false,34.168837,-118.55009
191082AP,BELIEVE DETOX CENTER INC,BELIEVE DETOX CENTER INC,17354 TRIBUNE ST,,,GRANADA HILLS,CA,91344,Los Angeles County,19,(818) 942-4509,RES,true,true,false,2027-04-30,false,6,6,1.1,CO-ED,true,false,34.267251,-118.512924
191083AP,PATHWAYS RECOVERY CENTER,PATHWAYS I SOBER LIVING INC,1033 N. SOLDANO AVE,,,AZUSA,CA,91702,Los Angeles County,19,(626) 515-6424,RES,true,true,false,2027-06-30,false,12,12,1.1,CO-ED,true,false,34.140213,-117.903659
191083CP,PATHWAYS WELLNESS CENTER,PATHWAYS I SOBER LIVING INC,126 N GLENDORA AVENUE,SUITE 101,,GLENDORA,CA,91741,Los Angeles County,19,(626) 412-6812,NON,false,false,true,2026-12-31,false,0,0,1.1,CO-ED,false,false,34.136844,-117.865435
191085AP,INVICTA RECOVERY CENTER,INVICTA THERAPY INC.,2235 N LAKE AVENUE,SUITE 110,,ALTADENA,CA,91001,Los Angeles County,19,(626) 786-4864,NON,true,false,true,2027-04-30,false,0,0,1.1,CO-ED,false,false,34.184232,-118.131599
191087AP,"AKUA BEHAVIORAL HEALTH, INC.","AKUA BEHAVIORAL HEALTH, INC.",5355 E. CARSON ST,,,LONG BEACH,CA,90808,Los Angeles County,19,(949) 777-2283,NON,false,false,true,2027-04-30,false,0,0,1.1,CO-ED,false,false,33.832408,-118.127406
191090AP,VANITY WELLNESS CENTER INCORPORATED,VANITY WELLNESS CENTER INCORPORATED,19935 VENTURA BOULEVARD,"FIRST FLOOR AND SECOND FLOOR, SUITE 202",,WOODLAND HILLS,CA,91364,Los Angeles County,19,(818) 602-5896,NON,true,false,true,2027-07-31,false,0,0,1.1,CO-ED,false,false,34.172207,-118.566958
191090BP,VANITY WELLNESS CENTER INCORPORATED,VANITY WELLNESS CENTER INCORPORATED,5459 LUBAO AVE,,,WOODLAND HILLS,CA,91364,Los Angeles County,19,(818) 454-5112,RES,true,true,false,2026-10-31,false,6,6,1.1,CO-ED,true,false,34.170067,-118.566935
191091AP,OHANA RECOVERY CENTER,"VALLEY HORIZONS, LLC.",1936 HAZEL NUT COURT,,,AGOURA HILLS,CA,91301,Los Angeles County,19,(818) 575-7096,RES,true,true,false,2027-06-30,false,6,6,1.1,CO-ED,true,false,34.107536,-118.789482
191092BP,PROFOUND HEALING CENTERS,TRIPLE S BEHAVIORAL HEALTH LLC,23140 GONZALES DRIVE,,23142 GONZALES DRIVE,WOODLAND HILLS,CA,91367,Los Angeles County,19,(818) 770-1839,RES,true,true,false,2028-05-31,false,12,12,1.1,CO-ED,true,false,34.166187,-118.631202
191092CP,PROFOUND HEALING CENTERS,TRIPLE S BEHAVIORAL HEALTH LLC,23262 GONZALES DR,,23264 GONZALES DR,WOODLAND HILLS,CA,91367,Los Angeles County,19,(818) 770-1839,RES,true,true,false,2026-11-30,false,12,12,1.1,CO-ED,true,false,34.164622,-118.633874
191095CP,EMPOWER RECOVERY CENTER,EMPOWER RECOVERY CENTER LLC,7800 WOODLEY AVENUE,SUITE 2,,VAN NUYS,CA,91406,Los Angeles County,19,(818) 209-5011,NON,false,false,true,2028-05-31,false,0,0,1.1,CO-ED,false,false,34.211445,-118.48365
191096CP,HIFI RECOVERY CORPS LLC,HIFI RECOVERY CORPS LLC,2707 WEST TEMPLE STREET,,,LOS ANGELES,CA,90026,Los Angeles County,19,(213) 263-5382,NON,false,false,true,2028-05-31,false,0,0,1.1,CO-ED,false,false,34.07301,-118.275963
191098AP,BEST OUTPATIENT LOS ANGELES,ELYSIUM OUTPATIENT,9229 WEST SUNSET BOULEVARD,SUITE 615,,"WEST HOLLYWOOD,",CA,90069,Los Angeles County,19,(310) 203-3083,NON,false,false,true,2027-09-30,false,0,0,1.1,CO-ED,false,false,34.090129,-118.393051
191099AP,NEWPORT ACADEMY,"MONROE OPERATIONS, LLC",2001 WILSHIRE BLVD,SUITE 525,,SANTA MONICA,CA,90403,Los Angeles County,19,(714) 393-3523,NON,false,false,true,2027-08-31,false,0,0,1.1,CO-ED,false,false,34.031612,-118.483035
191099BP,NEWPORT ACADEMY,"MONROE OPERATIONS, LLC",31111 AGOURA ROAD,SUITE 100,,WESTLAKE VILLAGE,CA,91361,Los Angeles County,19,(714) 393-3523,NON,false,false,true,2027-02-28,false,0,0,1.1,CO-ED,false,false,34.145198,-118.798591
191102AP,THE DETOX CENTER OF LOS ANGELES,1741 HAUSER BLVD DETOX LLC,1741 HAUSER BOULEVARD,,"1741 1/2, 1743, 1743 1/2 HAUSER BOULEVARD",LOS ANGELES,CA,90019,Los Angeles County,19,(954) 533-7992,RES,true,true,true,2027-09-30,false,18,18,1.8,DUAL DIAGNOSIS,true,false,34.042701,-118.359105
191104AP,LIFESCAPE RECOVERY CENTERS,"LIFE LANDSCAPING, INC.",1212 N VERMONT AVENUE,,,LOS ANGELES,CA,90029,Los Angeles County,19,(800) 530-3100,NON,false,false,true,2027-10-31,false,0,0,1.8,DUAL DIAGNOSIS,false,false,34.093888,-118.291721
191104BP,SANTA CLARITA BEHAVIORAL HEALTH,"LIFE LANDSCAPING, INC.",23838 VALENCIA BLVD,"SUITE 200, 275",,VALENCIA,CA,91355,Los Angeles County,19,(661) 486-5055,NON,false,false,true,2027-07-31,false,0,0,1.8,DUAL DIAGNOSIS,false,false,34.413382,-118.551955
191105AP,HOLLYWOOD HILLS RECOVERY,HILLCREST RECOVERY INC.,6221 HOLLY MONT DRIVE,,,LOS ANGELES,CA,90068-3307,Los Angeles County,19,(323) 798-4475,RES,true,true,false,2027-06-30,false,6,8,1.1,CO-ED,true,false,34.108617,-118.324314
191111BP,REFINE RECOVERY,"VIVID RECOVERY, LLC",12915 ADDISON ST,,12917 & 12919 ADDISON ST,SHERMAN OAKS,CA,91423,Los Angeles County,19,(310) 734-7377,RES,true,true,true,2026-12-31,false,18,18,1.1,CO-ED,true,false,34.16127,-118.414366
191112BP,ASCENTIONS TREATMENT CENTER,"ASCENTIONS TREATMENT CENTER, LLC",30851 AGOURA ROAD,SUITE 305,,AGOURA HILLS,CA,91301,Los Angeles County,19,(213) 265-4560,NON,false,false,true,2026-12-31,false,0,0,1.1,CO-ED,false,false,34.145505,-118.792869
191114AP,JOSER FOREVER LLC,JOSER FOREVER LLC,1436 SOUTH LA CIENEGA BLVD,SUITE 203,,LOS ANGELES,CA,90035-3761,Los Angeles County,19,(323) 801-8511,NON,false,false,true,2027-10-31,false,0,0,1.1,CO-ED,false,false,34.052167,-118.375778
191116AP,SHADOW HILLS RECOVERY INC,SHADOW HILLS RECOVERY INC,10941 MESETA DRIVE,,,SUNLAND,CA,91040-1376,Los Angeles County,19,(818) 876-2555,RES,true,true,false,2027-11-30,false,6,8,1.1,CO-ED,true,false,34.254229,-118.368352
191117BP,ETERNAL PURPOSE RECOVERY CENTER LLC,ETERNAL PURPOSE RECOVERY CENTER LLC,5813 CLEON AVE,,"5815, 5817, 5819 CLEON AVE",NORTH HOLLYWOOD,CA,91601,Los Angeles County,19,(213) 732-6368,RES,true,true,true,2028-03-31,false,24,24,1.1,CO-ED,true,false,34.176253,-118.368137
191120BP,MAGNOLIA RECOVERY LLC,MAGNOLIA RECOVERY LLC,12400 MAGNOLIA BLVD,,12406 MAGNOLIA BLVD,VALLEY VILLAGE,CA,91607,Los Angeles County,19,(818) 796-4311,RES,true,true,true,2026-11-30,false,12,12,1.1,CO-ED,true,false,34.164851,-118.403158
191121AP,LUXE RECOVERY,"NEW LIFE, INC",3787 PRESTWICK DRIVE,,,LOS ANGELES,CA,90027-1321,Los Angeles County,19,(866) 589-3338,RES,true,true,false,2027-11-30,false,6,6,1.8,DUAL DIAGNOSIS,true,false,34.119137,-118.279734
191122BP,"ASPIRE COUNSELING SERVICES - SANTA CLARITA, LLC","ASPIRE COUNSELING SERVICES - SANTA CLARITA, LLC",21080 CENTRE POINTE PARKWAY,SUITE 101,,SANTA CLARITA,CA,91350,Los Angeles County,19,(661) 296-4444,NON,false,false,true,2027-12-31,false,0,0,1.1,CO-ED,false,false,34.412242,-118.504093
191123AP,DETOUR TRANSITIONS,DETOUR BEHAVIORAL HEALTH INC.,2677 ZOE AVENUE,SUITES 211 AND 215,,HUNTINGTON PARK,CA,90255,Los Angeles County,19,(323) 372-1281,NON,false,false,true,2027-12-31,false,0,0,1.8,DUAL DIAGNOSIS,false,false,33.979302,-118.223062
191123BP,DETOUR'S FRESH START,DETOUR BEHAVIORAL HEALTH INC.,2677 ZOE AVENUE,SUITE 301,,HUNTINGTON PARK,CA,90255,Los Angeles County,19,(323) 372-1281,NON,false,false,true,2026-10-31,false,0,0,1.1,CO-ED,false,false,33.979302,-118.223062
191124AP,"MBI HEALTH SERVICES, INC","MBI HEALTH SERVICES, INC",7231 SANTA MONICA BLVD,,,WEST HOLLYWOOD,CA,90046,Los Angeles County,19,(805) 341-2482,NON,true,false,true,2028-03-31,false,0,0,1.8,DUAL DIAGNOSIS,false,false,34.090755,-118.347434
191126AP,MISSION HARBOR BEHAVIORAL HEALTH,AMERICAN RIVIERA LLC,12114 VENICE BLVD,,,LOS ANGELES,CA,90066,Los Angeles County,19,(310) 926-8924,NON,false,false,true,2027-12-31,false,0,0,1.1,CO-ED,false,false,34.0053,-118.430312
191127AP,DETOX LA,LOS ANGELES DETOX LLC,5537 SYLVIA AVENUE,,5539 SYLVIA AVENUE,TARZANA,CA,91356,Los Angeles County,19,(818) 616-7341,RES,true,true,true,2027-11-30,false,9,9,1.1,CO-ED,true,false,34.171893,-118.552364
191129AP,MAPLE MOON RECOVERY,MAPLE MOON LLC,20400 HEMMINGWAY STREET,,7917 CASABA AVENUE,WINNETKA,CA,91306,Los Angeles County,19,(818) 626-9790,RES,true,true,false,2027-12-31,false,12,12,1.1,CO-ED,true,false,34.21387,-118.576906
191132AP,PURPOSES RECOVERY,SOCAL TRANSITIONAL LIVING LLC,7239 KENTWOOD AVE,,7301 KENTWOOD AVE,LOS ANGELES,CA,90045,Los Angeles County,19,(424) 227-6233,RES,true,true,false,2028-04-30,false,12,12,1.1,CO-ED,true,false,33.977553,-118.401959
191134AP,CONNECTED RECOVERY INC.,CONNECTED RECOVERY INC.,14940 HAMLIN STREET,,14942 HAMLIN STREET,VAN NUYS,CA,91411,Los Angeles County,19,(818) 387-6555,RES,true,true,true,2028-06-30,false,12,12,1.1,CO-ED,true,false,34.188635,-118.458877
191135CP,13 CHAPTERS LLC,13 CHAPTERS LLC,16990 STRAWBERRY DRIVE,,,ENCINO,CA,91436,Los Angeles County,19,(818) 209-5011,RES,true,true,true,2028-05-31,false,6,6,1.1,CO-ED,true,false,34.144759,-118.502589
191137AP,LEONA VALLEY RECOVERY CENTER,LVRC INC,10620 ELIZABETH LAKE ROAD,,,LEONA VALLEY,CA,93551-7012,Los Angeles County,19,(661) 270-1023,RES,true,true,false,2028-02-29,false,6,6,1.1,CO-ED,true,false,34.628088,-118.318375
191137BP,LVRC2,LVRC INC,3524 E AVENUE T2,,,PALMDALE,CA,93550,Los Angeles County,19,(661) 234-4662,RES,true,true,false,2027-06-30,false,6,6,1.1,CO-ED,true,false,34.540854,-118.066063
191138AP,RISE WELLNESS CENTER,SERENITY INVESTMENT LLC,1123 N. ALEXANDRIA AVENUE,,"1125, 1125 1/2 N. ALEXANDRIA AVENUE",LOS ANGELES,CA,90029,Los Angeles County,19,(323) 928-2568,RES,true,true,false,2026-06-30,true,14,14,1.1,CO-ED,true,false,34.091576,-118.298419
191139AP,LOS ANGELES DETOX,LOS ANGELES DETOX INC.,19268 CALAHAN ST,,19270 CALAHAN ST,NORTHRIDGE,CA,91324,Los Angeles County,19,(818) 571-9841,RES,true,true,false,2028-05-31,false,12,12,,,true,false,34.236495,-118.552362
191140AP,ANANDA TREATMENT,ANANDA INC.,10501 MARY BELL AVE,,,SHADOW HILLS,CA,91040,Los Angeles County,19,(818) 293-3199,RES,true,true,false,2028-05-31,false,6,6,1.1,CO-ED,true,false,34.259643,-118.350863
191142BP,ENCINO DETOX CENTER,ELKB GROUP LLC,5002 BALBOA BLVD.,,5010 BALBOA BLVD.,ENCINO,CA,91436,Los Angeles County,19,(818) 652-9199,RES,true,true,false,2026-12-31,false,12,12,1.1,CO-ED,true,false,34.161913,-118.501059
191143BP,STARDUST RECOVERY,STARDUST SOLUTIONS INC,12352 WOODLEY AVENUE,,,GRANADA HILLS,CA,91344,Los Angeles County,19,,RES,true,true,false,2028-02-29,false,6,6,1.1,CO-ED,true,false,34.294961,-118.492598
191144AP,COASTWISE RECOVERY CENTER,"COASTWISE INTEGRATIVE RECOVERY, INC.",1366 W 7TH STREET,,,SAN PEDRO,CA,90732,Los Angeles County,19,(424) 536-3002,NON,false,false,true,2026-07-31,true,0,0,1.1,CO-ED,false,false,33.737944,-118.307093
191147AP,ESSENCE HEALTHCARE CENTER,ESSENCE HEALTH CARE LLC,4226 SEPULVEDA BLVD,,,SHERMAN OAKS,CA,91403,Los Angeles County,19,(818) 387-6749,RES,true,true,true,2026-12-31,false,6,6,1.1,CO-ED,true,false,34.147617,-118.471127
191148AP,LA WELLNESS HOME,LA WELLNESS HOME INC,2428 NORTH LINCOLN ST,,,BURBANK,CA,91504,Los Angeles County,19,(818) 808-0108,RES,true,true,true,2026-10-31,false,10,10,1.1,CO-ED,true,false,34.20022,-118.335611
191149BP,CONNECTED OUTPATIENT INC.,CONNECTED OUTPATIENT INC.,14242 VENTURA  BLVD,SUITE 211,,SHERMAN OAKS,CA,91423,Los Angeles County,19,(818) 919-1878,NON,false,false,true,2026-11-30,false,0,0,1.1,CO-ED,false,false,34.150027,-118.44339
191151AP,INNOVATE RECOVERY LLC,INNOVATE RECOVERY LLC,14718 KESWICK STREET,,,VAN NUYS,CA,91405,Los Angeles County,19,(800) 855-1517,NON,true,false,true,2026-11-30,false,0,0,1.1,CO-ED,false,false,34.210235,-118.453743
191154AP,STUDIO 64 RECOVERY,STUDIO 64 RECOVERY,6400 LAUREL CANYON BOULEVARD,SUITES 600 & 640,,NORTH HOLLYWOOD,CA,91606,Los Angeles County,19,(818) 800-9702,NON,true,false,true,2026-10-31,false,0,0,1.1,CO-ED,false,false,34.186933,-118.39644
191155BP,WISH RECOVERY IOP,MAS PRO GROUP LLC,9846 WHITE OAK AVE,SUITE 204,,NORTHRIDGE,CA,91325,Los Angeles County,19,(818) 624-0919,NON,false,false,true,2028-03-31,false,0,0,1.1,CO-ED,false,false,34.249839,-118.51986
191156AP,PENINSULA HEALTH CENTER,PENINSULA HEALTH CENTER LLC,655 DEEP VALLEY DRIVE,SUITE 325-A,,ROLLING HILLS ESTATES,CA,90274,Los Angeles County,19,(310) 701-6622,NON,true,false,true,2026-08-31,false,0,0,1.1,CO-ED,false,false,33.770172,-118.371608
191157AP,NORTHRIDGE RECOVERY CENTER,CORNERSTONE RECOVERY CENTER LLC,8911 LINDLEY AVENUE,,,NORTHRIDGE,CA,91325,Los Angeles County,19,(818) 626-8463,RES,true,true,true,2026-10-31,false,6,6,1.1,CO-ED,true,false,34.232168,-118.527374
191157BP,NORTHRIDGE RECOVERY CENTER,CORNERSTONE RECOVERY CENTER LLC,5237 N TOPANGA CANYON BLVD,"SUITE 1, 2, 3",,WOODLAND HILLS,CA,91364,Los Angeles County,19,(856) 994-3220,RES,true,true,true,2028-05-31,false,14,14,1.1,CO-ED,true,false,34.165383,-118.605908
191158AP,OVERLAND RECOVERY,"LIFE LANDSCAPING, INC.",3415 OVERLAND AVENUE,,,LOS ANGELES,CA,90034,Los Angeles County,19,(323) 443-3225,NON,false,false,true,2026-09-30,false,0,0,1.1,CO-ED,false,false,34.025665,-118.412362
191159AP,SYNERGY RECOVERY,"MANAGEMENT, INC.",1173 S. MUIRFIELD AVE.,,1175 S. MUIRFIELD AVE.,LOS ANGELES,CA,90019,Los Angeles County,19,(310) 927-6118,RES,true,true,false,2027-03-31,false,9,9,1.1,CO-ED,true,false,34.052899,-118.333116
191159BP,SYNERGY RECOVERY,"MANAGEMENT, INC.",1481 S. WOOSTER ST,,1483 WOOSTER ST.,LOS ANGELES,CA,90035,Los Angeles County,19,(310) 327-6118,RES,true,true,false,2027-03-31,false,12,12,1.1,CO-ED,true,false,34.052225,-118.383193
191160AP,SCA RECOVERY CENTER LLC,SCA RECOVERY CENTER LLC,11527 SPROULE AVENUE,,11529 SPROULE AVENUE,PACOIMA,CA,91331,Los Angeles County,19,(781) 964-2691,RES,true,true,true,2026-10-31,false,12,12,1.1,CO-ED,true,false,34.279259,-118.407512
191164AP,ALPHA RECOVERY CENTER,"ALPHA RECOVERY CENTER, INC.",7316 WEST AVENUE,D8,,LANCASTER,CA,93536,Los Angeles County,19,(866) 307-3949,RES,true,true,false,2027-03-31,false,6,6,1.1,CO-ED,true,false,34.776461,-118.260611
191164BP,"ALPHA RECOVERY CENTER, INC.","ALPHA RECOVERY CENTER, INC.",44950 VALLEY CENTRAL WAY,UNIT 105,,LANCASTER,CA,93534,Los Angeles County,19,(866) 307-3949,NON,false,false,true,2026-12-31,false,0,0,1.1,CO-ED,false,false,34.697497,-118.17197
191167AP,THE A.R.T.S.,THE ABSOLUTE RECOVERY THERAPEUTIC SOLUTIONS LLC,22122 SHERMAN WAY,"SUITE 105, 106, 206 & 301",,CANOGA PARK,CA,91303,Los Angeles County,19,(818) 912-6412,NON,false,false,true,2027-01-31,false,0,0,1.1,CO-ED,false,false,34.200983,-118.608972
191169BP,APN CONNECTION,"APN CONNECTION, LLC",23410 CIVIC CENTER WAY,SUITE E5,,MALIBU,CA,92065,Los Angeles County,19,(855) 232-8217,NON,false,false,true,2027-08-31,false,0,0,1.1,CO-ED,false,false,34.036819,-118.686154
191170AP,CIVANA HEALTH AND WELLNESS,CIVANA TREATMENT CENTER INC.,14526 ROSCOE BLVD.,SUITE 200,,PANORAMA CITY,CA,91402,Los Angeles County,19,(747) 236-7108,NON,true,false,true,2026-11-30,false,0,0,1.1,CO-ED,false,false,34.221498,-118.449802
191171AP,SHERWOOD DETOX LLC,SHERWOOD DETOX LLC,8854 ZELZAH AVENUE,,,NORTHRIDGE,CA,91325,Los Angeles County,19,(818) 300-4788,RES,true,true,false,2026-11-30,false,6,6,1.1,CO-ED,true,false,34.232102,-118.523054
191173AP,HEALING PATH RECOVERY LLC,HEALING PATH DETOX LLC,7235 SANTA MONICA BLVD.,SUITE B,,WEST HOLLYWOOD,CA,90046,Los Angeles County,19,(714) 609-9300,NON,false,false,true,2026-11-30,false,0,0,1.1,CO-ED,false,false,34.090757,-118.34763
191175BP,HEALING TREATMENT CENTER,HEALING TREATMENT CENTER,13222 ADDISON ST.,,,SHERMAN OAKS,CA,91423,Los Angeles County,19,(323) 620-0321,RES,true,true,false,2028-04-30,false,6,6,1.1,CO-ED,true,false,34.161225,-118.421088
191177AP,TRANQUILITY RECOVERY CENTER,"TRANQUILITY RECOVERY CENTER, INC.",11310 WENTWORTH ST.,,,SUN VALLEY,CA,91352,Los Angeles County,19,(747) 225-2272,RES,true,true,false,2026-12-31,false,6,6,1.1,CO-ED,true,false,34.253675,-118.378376
191180AP,CASA LEONA RECOVERY CENTER INC.,CASA LEONA RECOVERY CENTER INC.,11249 LONESOME VALLEY RD,,,LEONA VALLEY,CA,93551,Los Angeles County,19,(323) 620-0321,RES,true,true,false,2026-11-30,false,6,6,1.1,CO-ED,true,false,34.606045,-118.329352
191181AP,4U TREATMENT CENTER LLC,4U TREATMENT CENTER LLC,7803 ALLOTT AVE,,,PANORAMA CITY,CA,91402,Los Angeles County,19,(818) 448-3535,RES,true,true,false,2027-06-30,false,6,6,1.1,CO-ED,false,false,34.212092,-118.427648
191183BP,HOUSE OF ZEN INC,HOUSE OF ZEN INC,6909 FALLBROOK AVE,,,WEST HILLS,CA,91307,Los Angeles County,19,(747) 230-4123,RES,true,true,true,2026-10-31,false,6,6,1.1,CO-ED,true,false,34.195838,-118.623419
191184AP,HOPE DETOX CENTER LLC,HOPE DETOX CENTER LLC,13825 WEDDINGTON ST.,,,SHERMAN OAKS,CA,91401,Los Angeles County,19,(818) 631-1545,RES,true,true,true,2027-01-31,false,6,6,1.1,CO-ED,true,false,34.166713,-118.434177
191186BP,"LENNOX CMHC, INC.","LENNOX CMHC, INC.",6843 LENNOX AVE.,,,VAN NUYS,CA,91405,Los Angeles County,19,(818) 839-4380,NON,true,false,true,2028-06-30,false,0,0,1.1,CO-ED,false,false,34.195317,-118.445466
191188AP,"WILLPOWER RECOVERY CENTER, INC","WILLPOWER RECOVERY CENTER, INC",2515 EAST WOODLYN RD.,,,PASADENA,CA,91104,Los Angeles County,19,(747) 758-8836,RES,true,true,false,2027-02-28,false,6,6,1.1,CO-ED,true,false,34.167097,-118.098577
191189AP,SAL REDISCOVERY CENTER,SAL PSYCHIATRY SERVICES P.C.,12440 FIRESTONE BLVD,SUITE 310,,NORWALK,CA,90650,Los Angeles County,19,(310) 809-5192,NON,false,false,true,2027-02-28,false,0,0,1.1,CO-ED,false,false,33.905297,-118.068257
191190AP,UPLIFT RECOVERY CENTER LLC,UPLIFT RECOVERY CENTER LLC,17204 SAN FERNANDO MISSION BOULEVARD,,"17206, 17206.5, 17208, 17210, 17212 SAN FERNANDO MISSION BOULEVARD",GRANADA HILLS,CA,91344,Los Angeles County,19,(626) 529-5524,RES,true,true,false,2027-02-28,false,36,36,1.1,CO-ED,true,false,34.272001,-118.508099
191191BP,"DEL ARROYO RECOVERY CENTER, INC.","DEL ARROYO RECOVERY CENTER, INC",29885 VISTA DEL ARROYO,,,AGOURA HILLS,CA,91301,Los Angeles County,19,(877) 716-9047,RES,true,true,false,2028-02-29,false,6,6,1.1,CO-ED,true,false,34.11408,-118.77448
191192BP,5 STAR CARE,"5 FIVE STAR, LLC",8215 ALLOT AVE.,,"8221, & 8230 ALLOT AVE.",PANORAMA CITY,CA,91402,Los Angeles County,19,(747) 247-2027,RES,true,true,true,2028-05-31,false,18,18,1.1,CO-ED,true,false,34.220384,-118.42782
191193AP,TRINITY BEHAVIORAL HEALTH,"TRINITY NATIONWIDE RECOVERY, INC.",12433 LAMBERT ROAD,SUITES A & B,,WHITTIER,CA,90606,Los Angeles County,19,(844) 887-4648,NON,false,false,true,2027-11-30,false,0,0,1.1,CO-ED,false,false,33.966296,-118.04742
191193BP,TRINITY BEHAVIORAL HEALTH,"TRINITY NATIONWIDE RECOVERY, INC.",16057 RICHVALE DRIVE,,,WHITTIER,CA,90604,Los Angeles County,19,(844) 887-4648,RES,true,true,true,2028-07-31,false,6,6,1.1,CO-ED,true,false,33.927895,-117.98867
191195AP,RESILIENT RECOVERY TREATMENT CENTER,RESILIENT RECOVERY TREATMENT CENTER,43900 CLARK COURT,,,LANCASTER,CA,93536,Los Angeles County,19,(844) 237-6237,RES,true,true,false,2026-12-31,false,6,6,1.1,CO-ED,true,false,34.680641,-118.180869
191196AP,ALTUS REHAB,ALTUS REHAB LLC,18084 RANCHO STREET,,"16820 ADLON ROAD, ENCINO, CA 91436",ENCINO,CA,91316,Los Angeles County,19,(818) 314-8607,RES,true,true,false,2027-02-28,false,12,12,1.1,CO-ED,true,false,34.156351,-118.527835
191198AP,BRIGHT MISSION RECOVERY,BRIGHT MISSION RECOVERY,35400 VIA FAMERO,,,ACTON,CA,93510,Los Angeles County,19,(747) 444-3284,RES,true,true,false,2027-03-31,false,6,6,1.1,CO-ED,true,false,34.521269,-118.224673
191200BP,CALI RECOVERY INC.,CALI RECOVERY INC.,4712 WOODMAN AVE.,,,SHERMAN OAKS,CA,91423,Los Angeles County,19,(818) 900-0200,NON,false,false,true,2027-04-30,false,0,0,1.1,CO-ED,false,false,34.156166,-118.43114
191201BP,UPPER PATH RECOVERY LLC,UPPER PATH RECOVERY LLC,501 EAST HARVARD STREET,SUITE A,,GLENDALE,CA,91205,Los Angeles County,19,(818) 736-7602,NON,false,false,true,2027-05-31,false,0,0,1.1,CO-ED,false,false,34.144502,-118.24976
191203AP,HILLSIDE RECOVERY CENTER,HILLSIDE RECOVERY CENTER LLC,4615 WINNETKA CIRCLE,,,WOODLAND HILLS,CA,91364,Los Angeles County,19,(818) 454-5112,RES,true,true,false,2027-03-31,false,6,6,1.1,CO-ED,true,false,34.155312,-118.570823
191204AP,RISE WELLNESS CENTER,INFINITE CA INVESTMENTS LLC,7811 PEACH AVE.,,,VAN NUYS,CA,91406,Los Angeles County,19,(747) 264-0306,RES,true,true,false,2027-08-31,false,6,6,1.1,CO-ED,true,false,34.212483,-118.468765
191205BP,SOLACE COUNSELING CENTER,"SOLACE, INC.",11240 MAGNOLIA BOULEVARD,SUITE 204,,NORTH HOLLYWOOD,CA,91601,Los Angeles County,19,(213) 595-3450,NON,true,false,true,2026-12-31,false,0,0,1.1,CO-ED,false,false,34.164889,-118.376056
191209AP,PCI WESTLAKE CENTERS,"MIRIAM HAMIDEH, PH.D, CLINICAL PSYCHOLOGIST, INC.",31194 LA BAYA DR.,"SUITES 201, 205",,WESTLAKE VILLAGE,CA,91362,Los Angeles County,19,(747) 222-7464,NON,false,false,true,2027-02-28,false,0,0,1.1,CO-ED,false,false,34.156328,-118.802578
191210AP,AURORA RECOVERY,AURORA RECOVERY,5035 AMESTOY AVE,,,ENCINO,CA,91316,Los Angeles County,19,(818) 849-5137,RES,true,true,false,2027-06-30,false,6,6,1.1,CO-ED,true,false,34.161305,-118.505468
191212BP,RISING LOTUS RECOVERY,RISING LOTUS RECOVERY LLC,7701 AMPERE AVE.,,7703 AMPERE AVE.,NORTH HOLLYWOOD,CA,93063,Los Angeles County,19,(445) 300-8877 X445,RES,true,true,true,2027-11-30,false,8,6,1.1,CO-ED,true,false,34.2101,-118.418633
191214BP,"4 HEALTHY LIVING DETOX, INC.","4 HEALTHY LIVING DETOX, INC.",4451 LA BARCA DRIVE,,,TARZANA,CA,91356,Los Angeles County,19,(424) 444-3553,RES,true,true,true,2028-07-31,false,6,6,1.1,CO-ED,true,false,34.1528,-118.551369
191215AP,DIGNITY DETOX CENTER,DIGNITY DETOX CENTER,412 WESTLAKE DRIVE,,,PALMDALE,CA,93551,Los Angeles County,19,(818) 429-0323,RES,true,true,true,2027-08-31,false,6,6,1.1,CO-ED,true,false,34.547689,-118.137507
191217BP,ANSUVA INC,ANSUVA INC,21127 ALAMINOS DRIVE,,,SANTA CLARITA,CA,91350,Los Angeles County,19,(818) 605-5749,RES,true,true,false,2027-12-31,false,6,6,1.1,CO-ED,true,false,34.449935,-118.506049
191218AP,THROTTLE AND THRIVE,WE BOW DOWN SPC,1549 VIA LEON,,,PALOS VERDES ESTATES,CA,90274,Los Angeles County,19,(805) 701-1309,RES,true,true,true,2027-04-30,false,6,6,1.1,CO-ED,true,false,33.778191,-118.405688
191219AP,THE MALONE COLLECTIVE,"SANTA MONICA COLLECTIVE MIND, INC.",1247 7TH STREET,SUITE 202,,SANTA MONICA,CA,90401,Los Angeles County,19,(617) 733-5461,NON,false,false,true,2027-06-30,false,0,0,1.1,CO-ED,false,false,34.02037,-118.494198
191220AP,GRANADA HILLS TREATMENT CENTER,GRANADA HILLS TREATMENT CENTER LLC,6509 GLORIA AVENUE,,6511 GLORIA AVENUE,VAN NUYS,CA,91406,Los Angeles County,19,(818) 923-5522,RES,true,true,false,2027-04-30,false,10,10,1.1,CO-ED,true,false,34.188815,-118.479304
191227AP,FREEDOM DRUG AND ALCOHOL RECOVERY INC,FREEDOM DRUG AND ALCOHOL RECOVERY INC,16841 RINALDI STREET,,16843 RINALDI STREET,GRANADA HILLS,CA,91344,Los Angeles County,19,(818) 423-8084,RES,true,true,false,2027-05-31,false,12,12,1.1,CO-ED,true,false,34.279311,-118.499234
191228AP,REGGIE'S RECOVERY,REGGIE'S RECOVERY LLC,9250 DEL ARROYO DRIVE,,,SUN VALLEY,CA,91352,Los Angeles County,19,(818) 521-0602,RES,true,true,true,2027-11-30,false,6,6,1.1,CO-ED,true,false,34.236555,-118.348709
191229AP,HORIZON HILLS,CLIFFSIDE MALIBU 1,5480 HORIZON DRIVE,,,MALIBU,CA,90265-3755,Los Angeles County,19,(909) 816-1049,RES,true,true,true,2027-09-30,false,6,6,1.1,CO-ED,true,false,34.034237,-118.826545
191230AP,MISSION PREP HEALTHCARE,"MISSION PREP HEALTHCARE, LLC",28111 PALOS VERDES DRIVE EAST,,,RANCHO PALOS VERDES,CA,90275,Los Angeles County,19,(424) 267-6047,DSS,false,false,true,2027-11-30,false,0,0,1.8,DUAL DIAGNOSIS,false,false,33.763027,-118.325997
191230BP,MISSION PREP HEALTHCARE,"MISSION PREP HEALTHCARE, LLC",2 OCEANAIRE DRIVE,,,RANCHO PALOS VERDES,CA,90275,Los Angeles County,19,(424) 404-7599,DSS,false,false,true,2027-11-30,false,0,0,1.8,DUAL DIAGNOSIS,false,false,33.759835,-118.369006
191230CP,MISSION PREP HEALTHCARE,"MISSION PREP HEALTHCARE, LLC",430 SILVER SPUR ROAD,SUITE 202,,RANCHO PALOS VERDES,CA,90275,Los Angeles County,19,(949) 301-5358,NON,false,false,true,2028-05-31,false,0,0,1.10,CO-ED/YOUTH,false,false,33.774563,-118.374604
191230DP,MISSION PREP HEALTHCARE,"MISSION PREP HEALTHCARE, LLC",7 SUNNYFIELD DR,,,ROLLING HILLS ESTATES,CA,90274,Los Angeles County,19,(424) 404-7302,DSS,false,false,true,2027-09-30,false,0,0,1.5,YOUTH/ADOLESCENT,false,false,33.778663,-118.344872
191230EP,MISSION PREP HEALTHCARE,"MISSION PREP HEALTHCARE, LLC",10 MARTINGALE DR,,,RANCHO PALOS VERDES,CA,90275,Los Angeles County,19,(424) 404-7602,DSS,false,false,true,2027-09-30,false,0,0,1.5,YOUTH/ADOLESCENT,false,false,33.761775,-118.334245
191231AP,COMFORT RECOVERY TREATMENT CENTER LLC,COMFORT RECOVERY TREATMENT CENTER LLC,28245 LAURA LA PLANTE DR.,,,AGOURA HILLS,CA,91301,Los Angeles County,19,(818) 522-2213,RES,true,true,false,2027-06-30,false,6,6,1.1,CO-ED,true,false,34.139424,-118.742877
191232AP,GRAND VIEW VILLAS RECOVERY CENTER LLC,GRAND VIEW VILLAS RECOVERY CENTER LLC,4550 GABLE DR.,,,ENCINO,CA,91316,Los Angeles County,19,(310) 877-7076,RES,true,true,false,2027-11-30,false,6,6,1.1,CO-ED,true,false,34.153765,-118.526881
191233AP,MOMENTOUS RECOVERY GROUP,MOMENTOUS RECOVERY GROUP LLC,19642 BALLINGER ST.,,,NORTHRIDGE,CA,91324,Los Angeles County,19,(818) 626-9821,RES,true,true,false,2027-06-30,false,6,6,1.1,CO-ED,true,false,34.243423,-118.561726
191234AP,STUDIO CITY RECOVERY,STUDIO CITY RECOVERY,11611 DONA ALICIA PLACE,,,STUDIO CITY,CA,91604-4231,Los Angeles County,19,(818) 505-3563,RES,true,true,false,2027-06-30,false,6,6,1.1,CO-ED,true,false,34.130722,-118.386947
191235AP,"UNDERSTANDING NEEDED INTEGRATION, LLC","UNDERSTANDING NEEDED INTEGRATION, LLC",637 ALBERTONI ST.,SUITE 104,,CARSON,CA,90746,Los Angeles County,19,(424) 292-3726,NON,false,false,true,2027-08-31,false,0,0,1.1,CO-ED,false,false,33.871976,-118.264715
191236AP,ARISION INC,ARISION INC,21600 OXNARD STREET,SUITE 270,,WOODLAND HILLS,CA,91367,Los Angeles County,19,(818) 370-3854,NON,false,false,true,2027-05-31,false,0,0,1.1,CO-ED,false,false,34.179155,-118.600208
191237AP,LOS ANGELES COUNTY ADDICTION TREATMENT CENTER INC.,LOS ANGELES COUNTY ADDICTION TREATMENT CENTER INC.,3650 SAPPHIRE DRIVE,,,"ENCINO,",CA,91436,Los Angeles County,19,(818) 626-9605,RES,true,true,false,2027-06-30,false,6,6,1.1,CO-ED,true,false,34.136759,-118.486954
191238AP,PRIDE DETOX LLC,PRIDE DETOX LLC,3805 E 15TH ST,,,LONG BEACH,CA,90804,Los Angeles County,19,(866) 465-6889,RES,true,true,true,2027-08-31,false,6,6,1.1,CO-ED,true,false,33.78579,-118.147932
191239AP,LUXE RECOVERY,LNA REALTY,3928 FREDONIA DRIVE,,,LOS ANGELES,CA,90068-1214,Los Angeles County,19,(818) 308-6146,RES,true,true,false,2027-05-31,false,6,6,1.1,CO-ED,true,false,34.13525,-118.364226
191240AP,SOLACE TREATMENT CENTER LLC,SOLACE TREATMENT CENTER LLC,13027 HADLEY STREET,,,WHITTIER,CA,90601,Los Angeles County,19,(714) 494-5171,NON,false,false,true,2027-09-30,false,0,0,1.1,CO-ED,false,false,33.982744,-118.036384
191242AP,RITZ RECOVERY,RITZ RECOVERY INC,6435 WEIDLAKE DRIVE,,"6451 WEIDLAKE DRIVE, AND 2100 VINE STREET",LOS ANGELES,CA,90068-2277,Los Angeles County,19,(213) 802-2202,RES,true,true,false,2027-06-30,false,18,18,1.1,CO-ED,true,false,34.115775,-118.32931
191243BP,CALABASAS RECOVERY CENTER,GARRET RECOVERY CENTER,26901 GARRET DRIVE,,,AGOURA HILLS,CA,91301,Los Angeles County,19,(818) 876-2555,RES,true,true,false,2027-03-31,false,6,6,1.1,CO-ED,true,false,34.14126,-118.711995
191244AP,FOUND RECOVERY INC,FOUND RECOVERY INC,27489 AGOURA RD,SUITE 205,,AGOURA HILLS,CA,91301,Los Angeles County,19,(805) 815-6777,NON,true,false,true,2027-09-30,false,0,0,1.1,CO-ED,false,false,34.136338,-118.725667
191245AP,NEW LIFE RECOVERY CENTER,NEW LIFE RECOVERY CENTER,49349 80TH ST. W,,,LANCASTER,CA,93536,Los Angeles County,19,(323) 683-5502,RES,true,true,false,2027-09-30,false,6,6,1.1,CO-ED,true,false,34.779633,-118.272814
191246AN,HERITAGE RECOVERY CENTER,"HERITAGE GROUP HOMES, INC.",957 S. VILLAGE OAKS DRIVE,,,COVINA,CA,91724,Los Angeles County,19,(909) 599-8222,DSS,false,false,true,2027-09-30,false,0,0,1.10,CO-ED/YOUTH,false,false,34.072099,-117.863172
191247AP,NO MATTER WHAT RECOVERY DETOX,NO MATTER WHAT RECOVERY DETOX,1132 S. CURSON AVENUE,,,LOS ANGELES,CA,90019,Los Angeles County,19,(323) 272-4001,RES,true,true,false,2027-10-31,false,6,6,1.1,CO-ED,true,false,34.054258,-118.358427
191250AP,GLENDALE LUXURY REHAB LLC,GLENDALE LUXURY REHAB LLC,742 CAVANAGH RD,,,GLENDALE,CA,91207,Los Angeles County,19,(310) 880-2284,RES,true,true,false,2027-08-31,false,6,6,1.1,CO-ED,true,false,34.166538,-118.247192
191251DP,LEGACY HEALING CENTER CALIFORNIA,LEGACY HEALING CENTER CALIFORNIA LLC,2321 CASTILIAN DRIVE,,,"LOS ANGELES,",CA,90046,Los Angeles County,19,(918) 916-9108,RES,true,true,false,2028-05-31,false,6,6,1.1,CO-ED,true,false,34.11248,-118.343473
191251EP,LEGACY HEALING CENTER CALIFORNIA,LEGACY HEALING CENTER CALIFORNIA LLC,6519 CLEON AVE.,,"6519 1/2, 6521, 6521 1/2 CLEON AVE.",NORTH HOLLYWOOD,CA,91606,Los Angeles County,19,(918) 916-8108,RES,true,true,false,2027-04-30,false,22,22,1.1,CO-ED,true,false,34.189091,-118.368151
191252AP,RAINBOW HILL RECOVERY,"RAINBOW HILL ENTERPRISE, LLC",5455 WILSHIRE BOULEVARD,SUITE 2010,,LOS,CA,90036,Los Angeles County,19,(310) 486-4143,NON,false,false,true,2027-11-30,false,0,0,1.1,CO-ED,false,false,34.062388,-118.347499
191254BP,REVOLVE RECOVERY,"REVOLVE RECOVERY, INC.",3101 WASHINGTON BLVD,,,MARINA DEL REY,CA,90292,Los Angeles County,19,(213) 693-1606,NON,false,false,true,2028-01-31,false,0,0,1.1,CO-ED,false,false,33.989528,-118.449624
191258AP,A1 TREATMENT CENTER,A1 TREATMENT CENTER,13604 GAULT STREET,,,VAN NUYS,CA,91405,Los Angeles County,19,(323) 818-6660,RES,true,true,false,2027-10-31,false,6,6,1.1,CO-ED,true,false,34.199015,-118.429271
191259AP,THE HEALTHIER CHOICE RECOVERY,THE HEALTHIER CHOICE RECOVERY LLC,15335 MORRISON STREET,SUITE 218-220,,SHERMAN OAKS,CA,91403,Los Angeles County,19,(818) 538-3060,NON,false,false,true,2027-06-30,false,0,0,1.1,CO-ED,false,false,34.160923,-118.468055
191260AP,"LH BLUE SKY, INC.","LH BLUE SKY, INC.",19520 PINE CANYON RD,,,LAKE HUGHES,CA,93532,Los Angeles County,19,(323) 620-0321,RES,true,true,false,2027-10-31,false,6,6,1.1,CO-ED,true,false,34.68818,-118.478037
191263AP,VANITY DETOX CENTER INC,VANITY DETOX CENTER INC,6416 BALCOLM AVE,,6417 AND 6418 BALCOLM AVE,RESEDA,CA,91335,Los Angeles County,19,(818) 454-5001,RES,true,true,false,2027-10-31,false,12,12,1.1,CO-ED,true,false,34.187336,-118.520675
191265AP,NOVA VITAE,NOVA VITAE INC,5985 TOPANGA CANYON BLVD,,,WOODLAND HILLS,CA,91367,Los Angeles County,19,(818) 422-3442,NON,false,false,true,2027-11-30,false,0,0,1.1,CO-ED,false,false,34.178583,-118.605161
191266AP,CLEAR RECOVERY CENTER,"CLEAR RECOVERY CENTER, LLC",640 S SAN VINCENT BLVD,SUITE 360,,LOS ANGELES,CA,90048,Los Angeles County,19,(877) 799-1985,NON,false,false,true,2027-09-30,false,0,0,1.1,CO-ED,false,false,34.065239,-118.372525
191267AP,SIMONDS DETOX,SIMONDS DETOX,17810 SIMONDS STREET,,17808 SIMONDS STREET,GRANADA HILLS,CA,91344,Los Angeles County,19,(833) 781-8338,RES,true,true,false,2027-10-31,false,12,12,1.1,CO-ED,true,false,34.276376,-118.522111
191267BP,SIMONDS DETOX,SIMONDS DETOX,17800 SIMONDS STREET,,,GRANADA HILLS,CA,91344,Los Angeles County,19,(833) 781-8338,RES,true,true,false,2028-07-31,false,6,6,1.1,CO-ED,true,false,34.276375,-118.521804
191270AP,RISE WELLNESS CENTER III,BLOOM CA INVESTMENTS LLC,4809 LOWELL AVENUE,,,LA CRESCENTA,CA,91214,Los Angeles County,19,(818) 296-7332,RES,true,true,false,2027-10-31,false,6,6,1.1,CO-ED,true,false,34.246048,-118.266075
191271BP,DELIGHT RECOVERY CENTER LLC,DELIGHT RECOVERY CENTER LLC,10055 WYSTONE AVE.,,,NORTHRIDGE,CA,91324,Los Angeles County,19,(323) 620-0321,RES,true,true,false,2027-09-30,false,6,6,1.1,CO-ED,true,false,34.253401,-118.547056
191274AP,ALTADENA RECOVERY CENTER,ALTADENA RECOVERY CENTER,3025 LINCOLN AVENUE,,,ALTADENA,CA,91001,Los Angeles County,19,(626) 765-6905,NON,false,false,true,2027-12-31,false,0,0,1.1,CO-ED,false,false,34.197673,-118.158991
191277AP,LANDALE RECOVERY CENTER,LANDALE RECOVERY CENTER,6455 BAKMAN AVENUE,,6457 BAKMAN AVENUE,NORTH HOLLYWOOD,CA,91606,Los Angeles County,19,(424) 202-2000,RES,true,true,false,2027-11-30,false,12,12,1.1,CO-ED,true,false,34.188373,-118.377817
191278CP,LAKERIDGE RECOVERY CENTER,LAKERIDGE RECOVERY CENTER,6664 LAKERIDGE RD.,,,LOS ANGELES,CA,90068,Los Angeles County,19,(424) 202-2000,RES,true,true,false,2028-05-31,false,6,6,1.1,CO-ED,true,false,34.123226,-118.34
191279AP,LAUNCH TO WELLNESS,LAUNCH TO WELLNESS PSYCHOTHERAPY INC.,20350 VENTURA BLVD,SUTE 200 AND 200A,,WOODLAND HILLS,CA,91364,Los Angeles County,19,(323) 578-9190,NON,false,false,true,2027-09-30,false,0,0,1.1,CO-ED,false,false,34.169047,-118.576111
191280AP,JOURNEY OF A NEW LIVING,JOURNEY OF A NEW LIVING,6650 COLUMBUS AVENUE,,,VAN NUYS,CA,91405,Los Angeles County,19,(323) 818-6660,RES,true,true,false,2027-11-30,false,6,6,1.1,CO-ED,true,false,34.191788,-118.463972
191282AN,CHANGE LANES YOUTH SUPPORT SERVICES,CHANGE LANES YOUTH SUPPORT SERVICES,45118 13TH STREET WEST,,45120 13TH STREET WEST,LANCASTER,CA,93534,Los Angeles County,19,(661) 948-2555,NON,false,false,true,2028-03-31,false,0,0,1.1,CO-ED,false,false,34.702983,-118.153365
191283AP,A LUXURY RECOVERY,A LUXURY RECOVERY,15102 GREENLEAF STREET,,,SHERMAN OAKS,CA,91403,Los Angeles County,19,(818) 480-1260,RES,true,true,false,2028-01-31,false,6,6,1.1,CO-ED,true,false,34.15055,-118.462454
191284AP,NUMA BEHAVIORAL HEALTH,NUMA BEHAVIORAL HEALTH LLC,826 N. MARIPOSA AVE,,"830, 832 N MARIPOSA AVE",LOS ANGELES,CA,90029,Los Angeles County,19,(323) 359-4636,RES,true,true,true,2028-01-31,false,18,18,1.1,CO-ED,true,false,34.085582,-118.299014
191286AP,HAPPENING RECOVERY,"HAPPENING RECOVERY, LLC",6042 VINELAND AVE.,,,NORTH HOLLYWOOD,CA,91606,Los Angeles County,19,(818) 687-0059,NON,false,false,true,2027-09-30,false,0,0,1.1,CO-ED,false,false,34.180643,-118.370281
191287AP,AURORA WELLNESS REDISCOVERY CENTER,NEW LIFE WELLNESS CENTER OF CALIFORNIA LLC,3685 MOTOR AVE,SUITE 150,,LOS ANGELES,CA,90034,Los Angeles County,19,(310) 425-8058,NON,false,false,true,2028-01-31,false,0,0,1.1,CO-ED,false,false,34.022981,-118.405922
191288AP,MILESTONE RECOVERY CENTER,GEVS RECOVERY CENTER,19448 LASSEN ST,,19450 LASSEN ST,NORTHRIDGE,CA,91324,Los Angeles County,19,(575) 300-0000,RES,true,true,false,2028-03-31,false,12,12,1.1,CO-ED,true,false,34.249983,-118.5572
191289BP,LAST STOP RECOVERY INC.,LAST STOP RECOVERY INC.,11630 STAGG ST,,11632 STAGG ST,NORTH HOLLYWOOD,CA,91605,Los Angeles County,19,(747) 344-3444,RES,true,true,true,2028-02-29,false,6,6,1.1,CO-ED,true,false,34.212066,-118.38568
191290AP,INTEGRITY RECOVERY CENTER,INTEGRITY RECOVERY CENTER,16847 NANETTE ST,,,GRANADA HILLS,CA,91344,Los Angeles County,19,(818) 572-6438,RES,true,true,false,2028-01-31,false,6,6,1.1,CO-ED,true,false,34.302071,-118.4996
191292AP,1 LIFE RECOVERY CENTERS,1 LIFE RECOVERY CENTERS,9400 ENCINO AVE,,,NORTHRIDGE,CA,91325,Los Angeles County,19,(424) 324-0404,RES,true,true,false,2028-01-31,false,6,6,1.1,CO-ED,true,false,34.241378,-118.515552
191294AP,CARRARA TREATMENT WELLNESS & SPA,CARRARA TREATMENT WELLNESS & SPA,1813 MARCHEETA PLACE,,1814 MARCHEETA PLACE,LOS ANGELES,CA,90069,Los Angeles County,19,(323) 302-4722,RES,true,true,false,2027-12-31,false,12,12,1.1,CO-ED,true,false,34.105197,-118.389136
191295AP,CARRARA BEACH HOUSE,CARRARA BEACH HOUSE,31652 BROAD BEACH ROAD,,,MALIBU,CA,90265,Los Angeles County,19,(323) 302-9650,RES,true,true,false,2027-11-30,false,6,6,1.1,CO-ED,true,false,34.036739,-118.864619
191296AP,HEALING HORIZON REHAB CENTER,HEALING HORIZON REHAB CENTER INC.,3530 PANSY DR.,,,CALABASES,CA,91302,Los Angeles County,19,(818) 913-6630,RES,true,true,true,2028-01-31,false,6,6,1.1,CO-ED,true,false,34.13176,-118.647392
191297AP,APOLLO RECOVERY CENTER,APOLLO RECOVERY CENTER,8539 YOLANDA AVE,,,NORTHRIDGE,CA,91324,Los Angeles County,19,(561) 569-6173,RES,true,true,false,2028-01-31,false,6,6,1.1,CO-ED,true,false,34.225723,-118.540457
191298AP,ORION TREATMENT CENTER,ORION TREATMENT CENTER,8537 YOLANDA AVE,,,NORTHRIDGE,CA,91324,Los Angeles County,19,(561) 569-6173,RES,true,true,false,2027-11-30,false,6,6,1.1,CO-ED,true,false,34.225642,-118.540456
191299AP,1 METHOD,1 METHOD CORP,10254 BANNOCKBURN DRIVE,,3142 PATRICIA AVE,LOS ANGELES,CA,90064,Los Angeles County,19,(310) 837-7330,RES,true,true,false,2027-12-31,false,12,12,1.1,CO-ED,true,false,34.034441,-118.407983
191299BP,1 METHOD,1 METHOD CORP,10127 ROSSBURY PLACE,,2210 SELBY AVENUE,LOS ANGELES,CA,90064,Los Angeles County,19,(800) 270-1389,RES,true,true,false,2027-12-31,false,12,12,1.1,CO-ED,true,false,34.034467,-118.405123
191300AP,INSPIRE RECOVERY CENTERS INC,INSPIRE RECOVERY CENTERS INC,10749 MELVIN AVE,,10751 MELVIN AVE,NORTHRIDGE,CA,91326,Los Angeles County,19,(323) 620-0321,RES,true,true,false,2027-11-30,false,12,12,1.1,CO-ED,true,false,34.266089,-118.560152
191301BP,PATHWAY TO PEACE TREATMENT CENTER,"PATHWAY TO PEACE TREATMENT CENTER, INC",13563 HERRON ST,,,SYLMAR,CA,91342,Los Angeles County,19,(818) 281-3048,RES,true,true,true,2026-12-31,false,6,6,1.1,CO-ED,true,false,34.313284,-118.428594
191302AP,"REVIVE PREMIER RECOVERY, INC","REVIVE PREMIER RECOVERY, INC",3630 POTOSI AVE,,,STUDIO CITY,CA,91604,Los Angeles County,19,(818) 923-8243,RES,true,true,true,2028-03-31,false,6,6,1.1,CO-ED,true,false,34.136096,-118.413259
191304AP,"RISE IN GLENDALE SOBRIETY CENTER, INC.","RISE IN GLENDALE SOBRIETY CENTER, INC.",3449 STANCREST DR.,,,GLENDALE,CA,91208,Los Angeles County,19,(323) 620-0321,RES,true,true,false,2028-01-31,false,6,6,1.1,CO-ED,true,false,34.201439,-118.220153
191305AP,EDEN RECOVERY CENTER INC,EDEN RECOVERY CENTER INC,23324 ALAMOS LANE,,,SANTA CLARITA,CA,91321,Los Angeles County,19,(661) 999-3336,RES,true,true,false,2028-01-31,false,6,6,1.1,CO-ED,true,false,34.368219,-118.53789
191306BP,"ACCOLADE RECOVERY, INC.","ACCOLADE RECOVERY, INC.",22209 DOLOROSA STREET,,22211 DOLOROSA STREET,WOODLAND HILLS,CA,91367,Los Angeles County,19,(818) 660-2475,RES,true,true,false,2027-11-30,false,12,12,1.1,CO-ED,false,false,34.170516,-118.610713
191307AP,SHERMAN OAKS DETOX & REHAB,SHERMAN OAKS DETOX & REHAB,13909 MAGNOLIA BLVD.,,,SHERMAN OAKS,CA,91423,Los Angeles County,19,(818) 387-6098,RES,true,true,false,2026-07-31,true,6,6,1.1,CO-ED,true,false,34.164894,-118.435894
191309BP,1ST CHOICE DETOX TREATMENT CENTER,1ST CHOICE DETOX TREATMENT CENTER,11651 WOODLEY AVENUE,,,GRANADA HILLS,CA,91344,Los Angeles County,19,(430) 808-8808,RES,true,true,false,2028-05-31,false,6,6,1.1,CO-ED,true,false,34.282498,-118.484563
191310AP,HILLSIDE RETREAT DETOX,CNJJ HEALTH LLC,5150 CAMPO RD,,5148 CAMPO RD,WOODLAND HILLS,CA,91364,Los Angeles County,19,(561) 859-3413,RES,true,true,true,2028-02-29,false,12,12,1.1,CO-ED,true,false,34.162141,-118.598032
191311AP,SUN AND MOON REHABILITATION,SUN AND MOON REHABILITATION,9557 DORRINGTON AVE,,,ARLETA,CA,91331,Los Angeles County,19,(404) 400-0040,RES,true,true,false,2028-01-31,false,6,6,1.1,CO-ED,true,false,34.244379,-118.44525
191313AP,ULTIMATE RECOVERY CENTER,ULTIMATE RECOVERY CENTER LLC,1411 W. LINCOLN AVE,,,MONTEBELLO,CA,90640,Los Angeles County,19,(323) 902-5555,RES,true,true,false,2026-03-31,true,6,6,1.1,CO-ED,true,false,34.022251,-118.112244
191314AP,CLEAR CONSCIENCE TREATMENT CENTER LLC,CLEAR CONSCIENCE TREATMENT CENTER LLC,21958 VINTAGE ST.,,,CHATSWORTH,CA,91311,Los Angeles County,19,(818) 522-2213,RES,true,true,false,2027-12-31,false,6,6,1.1,CO-ED,true,false,34.25211,-118.60578
191315AP,NEW BEGINNINGS DETOX & RECOVERY,NEW BEGINNINGS DETOX & RECOVERY,13992 AZTEC ST.,,,SYLMAR,CA,91342,Los Angeles County,19,(818) 627-3422,RES,true,true,false,2028-04-30,false,6,6,1.1,CO-ED,true,false,34.302141,-118.4379
191316AP,SERENE RECOVERY,SERENE RECOVERY,2628 VINEYARD AVE.,,"2628 1/2, 2630 VINEYARD AVE.",LOS ANGELES,CA,90016,Los Angeles County,19,(747) 250-4884,RES,true,true,false,2028-01-31,false,16,16,1.1,CO-ED,true,false,34.031848,-118.343921
191317AP,SAINT LAWRENCE RECOVERY,SAINT LAWRENCE RECOVERY,12437 HUSTON ST.,,,VALLEY VILLAGE,CA,91607,Los Angeles County,19,(747) 250-4884,RES,true,true,false,2028-03-31,false,6,6,1.1,CO-ED,true,false,34.15944,-118.404341
191318AP,AYA REHAB CENTER LLC,AYA REHAB CENTER LLC,16944 VASQUEZ CANYON RD,,,CANYON COUNTRY,CA,91351,Los Angeles County,19,(818) 730-7179,RES,true,true,false,2028-04-30,false,6,6,1.1,CO-ED,true,false,34.470604,-118.430617
191319AP,DELCO DETOX,OASIS REHABILITATION CENTER INC,10741 DELCO AVE,,,CHATSWORTH,CA,91311,Los Angeles County,19,(877) 775-5010,RES,true,true,false,2028-05-31,false,6,6,1.1,CO-ED,true,false,34.265411,-118.578201
191321BP,AVALANCHE RECOVERY CENTER,AVALANCHE RECOVERY CENTER LLC,14930 VENTURA BLVD,SUITE 300,,SHERMAN OAKS,CA,91403,Los Angeles County,19,(818) 631-1545,NON,false,false,true,2028-07-31,false,0,0,1.1,CO-ED,false,false,34.152535,-118.458555
191322AP,SKYLINE RECOVERY CENTER,"SKYLINE RECOVERY CENTER, LLC",1517 S. SEPULVEDA,,,LOS ANGELES,CA,90025,Los Angeles County,19,(310) 686-9689,NON,false,false,true,2028-03-31,false,0,0,1.1,CO-ED,false,false,34.049856,-118.446238
191323AP,LUXE RECOVERY OUTPATIENT,"META WELLNESS, INC.",414 NORTH CENTRAL AVENUE,,,GLENDALE,CA,91203,Los Angeles County,19,(866) 901-4757,NON,true,false,true,2028-04-30,false,0,0,1.1,CO-ED,false,false,34.15264,-118.257939
191324AP,REVIVE WELLNESS GROUP,REVIVE WELLNESS GROUP,5401 VANALDEN ST.,,,TARZANA,CA,91356,Los Angeles County,19,(818) 395-7137,RES,true,true,false,2028-06-30,false,6,6,1.1,CO-ED,true,false,34.169283,-118.550094
191325AP,WOODLAND HILLS RECOVERY CENTER  LLC,WOODLAND HILLS RECOVERY CENTER LLC,5855 TAPANGA CANYON BLVD,SUITE 150 AND 222,,WOODLAND HILLS,CA,91367,Los Angeles County,19,(603) 781-6486,NON,false,false,true,2028-04-30,false,0,0,1.1,CO-ED,false,false,34.176906,-118.605217
191326AP,"ELYSIAN HEALTH, LLC","ELYSIAN HEALTH, LLC",7966 BEVERLY BLVD.,SUITE 102 & 200,,LOS ANGELES,CA,90048,Los Angeles County,19,(855) 340-9952,NON,false,false,true,2028-04-30,false,0,0,1.1,CO-ED,false,false,34.076067,-118.363249
191328AP,"EMULATE TREATMENT CENTER, INC.","EMULATE TREATMENT CENTER, INC.",5999 TOPANGA CANYON BLVD,,,WOODLAND HILLS,CA,91367,Los Angeles County,19,(818) 800-0801,NON,true,false,true,2028-04-30,false,0,0,1.1,CO-ED,false,false,34.178583,-118.605161
191329BP,INVIGORATE BEHAVIORAL HEALTH,ARISE TREATMENT HOMES LLC,553 N MARIPOSA AVENUE,,"553.5,555,555.5,557,557.5,559,559.5 N MARIPOSA AVENUE",LOS ANGELES,CA,90004,Los Angeles County,19,(844) 924-2114,RES,true,true,true,2027-04-30,false,48,48,1.1,CO-ED,true,false,34.080758,-118.299269
191331AP,MIRACLE REHAB INC.,MIRACLE REHAB INC.,1527 N. VALLEY STREET,,,BURBANK,CA,91505,Los Angeles County,19,(818) 588-3783,RES,true,true,false,2028-04-30,false,6,6,1.1,CO-ED,true,false,34.176842,-118.3577
191332AP,DELUXE TREATMENT CENTER INC.,DELUXE TREATMENT CENTER INC.,19641 CANTARA ST,,19643 CANTARA ST,RESEDA,CA,91331,Los Angeles County,19,(323) 620-0321,RES,true,true,false,2028-07-31,false,12,12,1.1,CO-ED,true,false,34.219139,-118.561671
191333AP,HIGHERVISION GH INC.,"HIGHERVISION GH, INC.",3278 DORA VERDUGO DR.,,,GLENDALE,CA,91208,Los Angeles County,19,(818) 669-7070,RES,true,true,false,2028-04-30,false,6,6,1.1,CO-ED,true,false,34.198873,-118.238688
191334AP,ASSISTED DRUGS AND ALCOHOL REHABILITATION CENTER,"ASSISTED DRUGS AND ALCOHOL REHABILITATION CENTER, LLC",4275 TOWHEE DR.,,,CALABASAS,CA,91302,Los Angeles County,19,(424) 468-2647,RES,true,true,false,2028-05-31,false,6,6,1.1,CO-ED,true,false,34.145556,-118.626798
191336AP,BLISS RECOVERY,EHG ENTERPRISES INC.,2780 CRESTON DRIVE,,2816 DURAND DRIVE,"LOS ANGELES,",CA,90068,Los Angeles County,19,(323) 798-4411,RES,true,true,false,2028-03-31,false,12,12,1.1,CO-ED,true,false,34.119642,-118.325994
191337AP,"CALIFORNIA WELLNESS RETREAT, INC.",CALIFORNIA WELLNESS RETREAT INC.,8129 ELLENBOGEN STREET,,8131 ELLENBOGEN STREET,SUNLAND,CA,91040,Los Angeles County,19,(323) 620-0321,RES,true,true,false,2028-03-31,false,12,12,1.1,CO-ED,true,false,34.271658,-118.310236
191339AP,MORE LIFE DRUG & ALCOHOL TREATMENT CENTER,ASG HOLDINGS INC.,14205 COHASSET STREET,,,VAN NUYS,CA,91405,Los Angeles County,19,(747) 222-8555,RES,true,true,false,2028-04-30,false,6,6,1.1,CO-ED,true,false,34.206665,-118.442368
191341AP,HOPESIDE DETOX LLC,HOPESIDE DETOX LLC,132 N. LAUREL AVE.,,,LOS ANGELES,CA,90048,Los Angeles County,19,(916) 860-9900,RES,true,true,false,2026-10-31,false,6,6,1.1,CO-ED,true,false,34.075395,-118.364733
191343BP,SEASONS LUXURY REHABILITATION CENTER,SEASONS LUXURY REHABILITATION CENTERS,12701 DARLA AVE,,,GRANADA HILLS,CA,91344,Los Angeles County,19,(818) 217-4262,RES,true,true,true,2027-03-31,false,6,6,1.1,CO-ED,true,false,34.301326,-118.50402
191346AP,LUCID MENTAL HEALTH INC.,LUCID MENTAL HEALTH INC.,4714 WOODMAN AVENUE,,,SHERMAN OAKS,CA,91423,Los Angeles County,19,(818) 900-0200,NON,false,false,true,2026-10-31,false,0,0,1.1,CO-ED,false,false,34.156197,-118.431141
191347AP,ASCEND CULVER,"ASCEND HEALTHCARE, LLC",11515 W. WASHINGTON BLVD,,,LOS ANGELES,CA,90066,Los Angeles County,19,(310) 359-9403,NON,false,false,true,2028-07-31,false,0,0,1.1,CO-ED,false,false,34.000811,-118.416524
191347BP,ASCEND AGOURA,"ASCEND HEALTHCARE, LLC",28216 DOROTHY DRIVE,SUITE 100,,AGOURA HILLS,CA,91301,Los Angeles County,19,(818) 532-7150,NON,false,false,true,2028-07-31,false,0,0,1.10,CO-ED/YOUTH,false,false,34.142178,-118.74067
191349AP,WELLNESS HAVEN,LA WELLNESS HAVEN,8908 CANBY AVENUE,,,NORTHRIDGE,CA,91325,Los Angeles County,19,(323) 620-0321,RES,true,true,false,2026-07-31,true,6,6,1.1,CO-ED,true,false,34.232281,-118.534881
191350AP,MOUNTAIN VIEW DETOX INC.,MOUNTAIN VIEW DETOX INC.,3606 LARIAT WAY,,,ACTON,CA,93510,Los Angeles County,19,(661) 526-4758,RES,true,true,false,2028-06-30,false,6,6,1.1,CO-ED,true,false,34.499646,-118.197291
191353AP,"LIFELINE TREATMENT CENTER, INC.","LIFELINE TREATMENT CENTER, INC.",6851 CANBY AVENUE,SUITE 102,,RESEDA,CA,91335,Los Angeles County,19,(323) 356-4147,NON,false,false,true,2026-10-31,false,0,0,1.1,CO-ED,false,false,34.195456,-118.534822
191354AP,WISDOM,"AI RESEARCH, LLC",8924 HASKELL AVE,,8926 HASKELL AVE,NORTH HILLS,CA,91343,Los Angeles County,19,(888) 906-4669,RES,true,true,false,2026-07-31,true,12,12,1.1,CO-ED,true,false,34.232729,-118.47633
191355AP,WEST LA RECOVERY LLC,WESTLARECOVERY LLC,1728 ABBOT KINNEY BOULEVARD,SUITE 101 & 103,,VENICE,CA,90291,Los Angeles County,19,(310) 592-0139,NON,false,false,true,2028-06-30,false,0,0,1.1,CO-ED,false,false,33.988393,-118.461484
191356AP,ATMOSPHERE TREATMENT CENTER LLC,ATMOSPHERE TREATMENT CENTER LLC,5320 LOUISE AVENUE,,,ENCINO,CA,91316,Los Angeles County,19,(850) 888-8881,RES,true,true,false,2026-07-31,true,6,6,1.1,CO-ED,true,false,34.167794,-118.509775
191356BP,ATMOSPHERE TREATMENT CENTER LLC,ATMOSPHERE TREATMENT CENTER LLC,11633 VICTORY,SUITE 207,,NORTH HOLLYWOOD,CA,91606,Los Angeles County,19,(850) 888-8881,NON,false,false,true,2027-08-31,false,0,0,1.1,CO-ED,false,false,34.186716,-118.385843
191360AP,MINDSET RECOVERY,MINDSET RECOVERY INC.,6850 VAN NUYS BLVD.,SUITE 110,,VAN NUYS,CA,91405,Los Angeles County,19,(805) 302-1504,NON,false,false,true,2028-05-31,false,0,0,1.1,CO-ED,false,false,34.195128,-118.448643
191361AP,"AGUA DULCE NEW BEGINNINGS, INC.","AGUA DULCE NEW BEGINNINGS, INC.",10545 DALE RD,,,AGUA DULCE,CA,91390,Los Angeles County,19,(611) 402-7060,RES,true,true,true,2026-10-31,false,6,6,1.1,CO-ED,true,false,34.516507,-118.318907
191362AP,CA DRUG DETOX LLC,CA DRUG DETOX LLC,3839 SUNBEAM DRIVE,,,LOS ANGELES,CA,90065,Los Angeles County,19,(747) 326-0003,RES,true,true,false,2028-06-30,false,6,6,1.1,CO-ED,true,false,34.117398,-118.228529
191363AP,LIVE OAK WELLNESS CENTER,"IVITAL WELLNESS, INC.",15668 LIVE OAKS SPRING CANYON RD.,,,SANTA CLARITA,CA,91387,Los Angeles County,19,(818) 800-3233,RES,true,true,false,2026-07-31,true,6,6,1.1,CO-ED,true,false,34.404411,-118.410301
191365AP,"CONQUER TREATMENT CENTERS, INC.","CONQUER TREATMENT CENTERS, INC.",5327 LUBAO AVE.,,,WOODLAND HILLS,CA,91364,Los Angeles County,19,(818) 262-0110,RES,true,true,false,2028-06-30,false,6,6,1.1,CO-ED,true,false,34.166726,-118.566921
191366AP,SPIRITUAL WELLNESS AND RECOVERY INC.,SPIRITUAL WELLNESS AND RECOVERY INC.,17250 PARTHENIA STREET,,,SHERWOOD FOREST,CA,91325,Los Angeles County,19,(909) 908-4922,RES,true,true,false,2026-09-30,false,6,6,1.1,CO-ED,false,false,34.228541,-118.510811
191368AP,WE CARE OUTPATIENT LLC,WE CARE OUTPATIENT LLC,150 SOUTH RODEO DRIVE,SUITE 330,,BEVERLY HILLS,CA,90212,Los Angeles County,19,(310) 562-0411,NON,false,false,true,2028-07-31,false,0,0,1.1,CO-ED,false,false,34.06526,-118.401221
191369AP,ETERNITY RECOVERY CENTER,ETERNITY RECOVERY CENTER,16946 SHERMAN WAY,SUITE 400,,VAN NUYS,CA,91406,Los Angeles County,19,(818) 422-4004,NON,false,false,true,2028-05-31,false,0,0,1.1,CO-ED,false,false,34.201068,-118.502969
191370AP,ABC WELLNESS CENTER,ABC WELLNESS CENTER,8529 AMESTOY AVENUE,,,SHERWOOD FOREST,CA,91325,Los Angeles County,19,(818) 335-7480,RES,true,true,false,2026-09-30,false,6,6,1.1,CO-ED,true,false,34.225696,-118.507018
191371AP,ACTION FAMILY COUNSELING,"ACTION FAMILY COUNSELING - SCV, INC.",22722 SOLEDAD CANYON ROAD,,,SANTA CLARITA,CA,91350,Los Angeles County,19,(800) 367-8336,NON,true,false,true,2026-10-31,false,0,0,1.1,CO-ED,false,false,34.421205,-118.533
191372AP,LOVE & LIGHT RECOVERY CENTER,LOVE & LIGHT RECOVERY CENTER INC.,11915 STRATHERN STREET,,,NORTH HOLLYWOOD,CA,91605,Los Angeles County,19,(909) 908-4922,RES,true,true,false,2026-09-30,false,12,12,1.1,CO-ED,true,false,34.215742,-118.39283
191375AP,PASSAGE TO RECOVERY  DBA: BRIGHT PATHS RECOVERY,PASSAGE TO RECOVERY,10012 LOUISE AVE.,,"10014,10016 LOUISE AVE.",NORTHRIDGE,CA,91325,Los Angeles County,19,(818) 945-0045,RES,true,true,false,2026-10-31,false,12,12,1.1,CO-ED,true,false,34.252569,-118.511084
191376BP,1ST HAVEN RECOVERY,1ST HAVEN RECOVERY,13601 MORRISON STREET,,,SHERMAN OAKS,CA,91423,Los Angeles County,19,(279) 777-7007,RES,true,true,true,2027-08-31,false,6,6,1.1,CO-ED,true,false,34.16038,-118.429328
191377AP,UPLIFT RECOVERY NOHO. LLC,UPLIFT RECOVERY NOHO. LLC,7710 AMPERE AVENUE,,"13100, 13104, 13106 LUCKY LANE",NORTH HOLLYWOOD,CA,91605,Los Angeles County,19,(323) 620-0321,RES,true,true,false,2026-11-30,false,24,24,1.1,CO-ED,true,false,34.210435,-118.418512
191378AP,DESERT PARADISE DETOX & REHAB CENTER,DESERT PARADISE DETOX & REHAB CENTER,2124 W. AVENUE O8,,,PALMDALE,CA,93551,Los Angeles County,19,(818) 657-9497,RES,true,true,false,2028-06-30,false,6,6,1.1,CO-ED,true,false,34.609072,-118.168537
191379AN,HIGHLAND PARK,"OPTIMIST'S BOYS HOME AND RANCH, INC.",6957 N FIGUEROA ST,,,LOS ANGELES,CA,90042,Los Angeles County,19,(323) 443-3175,NON,false,false,true,2027-02-28,false,0,0,1.1,CO-ED,false,false,34.128858,-118.187784
191379BN,HIGHLAND PARK,"OPTIMIST'S BOYS HOME AND RANCH, INC.",4900 SERRANIA AVE,,,WOODLAND HILLS,CA,91364,Los Angeles County,19,(323) 443-3175,NON,false,false,true,2027-02-28,false,0,0,1.1,CO-ED,false,false,34.158902,-118.587734
191380AP,MIRACLE MILE RECOVERY,MIRACLE MILE MEDICAL CENTER,15910 VENTURA BOULEVARD,SUITE 1719,,ENCINO,CA,91436,Los Angeles County,19,(310) 905-9658,NON,false,false,true,2026-09-30,false,0,0,1.1,CO-ED,false,false,34.155791,-118.479681
191381AP,"PETRA WELLNESS, INC.","PETRA WELLNESS, INC.",22839 DOLOROSA ST,,"22841, AND 22841 1/2 DOLOROSA ST",WOODLAND HILLS,CA,91367,Los Angeles County,19,(747) 250-4884,RES,true,true,false,2026-10-31,false,16,16,1.1,CO-ED,true,false,34.170133,-118.624808
191382AP,CLEAR PATH IOP,CLEAR PATH IOP CENTER INC,209 E ALAMEDA AVENUE,SUITE 100 & 102,,BURBANK,CA,91502,Los Angeles County,19,(833) 770-0707,NON,false,false,true,2028-06-30,false,0,0,1.1,CO-ED,false,false,34.174934,-118.299379
191383AP,PEACEFUL HILLS INC,PEACEFUL HILLS INC,16351 ELIZABETH LAKE ROAD,,,LAKE HUGHES,CA,93552,Los Angeles County,19,(323) 620-0321,RES,true,true,false,2026-09-30,false,6,6,1.1,CO-ED,true,false,34.672666,-118.419364
191384AP,INNER HEALING SANCTUARY,INNER HEALING SANCTUARY,10857 ART STREET,,,SUNLAND,CA,91040,Los Angeles County,19,(818) 612-3256,RES,true,true,true,2026-08-31,false,6,6,1.1,CO-ED,true,false,34.248598,-118.367005
191385AP,TULUA HEALTH,RFTI LLC,1746 ABBOT KINNEY BOULEVARD,,1806 WASHINGTON WAY,VENICE,CA,90291,Los Angeles County,19,(424) 268-4484,NON,false,false,true,2026-09-30,false,0,0,1.1,CO-ED,false,false,33.988189,-118.460837
191387AP,STRIVE RECOVERY OUTPATIENT SERVICES,STRIVE SOBER LIVING LLC,43619 17TH STREET WEST,SUITE 101,,LANCASTER,CA,93534,Los Angeles County,19,(818) 762-0032,NON,false,false,true,2028-09-30,false,0,0,1.1,CO-ED,false,false,34.675711,-118.161284
191388AP,RADWOOD REHAB LLC,RADWOOD REHAB CENTER LLC,7742 RADFORD AVE,,7744 RADFORD AVE,NORTH HOLLYWOOD,CA,91605,Los Angeles County,19,(818) 635-7098,RES,true,true,true,2026-11-30,false,10,10,1.1,CO-ED,true,false,34.211464,-118.392138
191388BP,RADWOOD REHAB LLC,RADWOOD REHAB CENTER LLC,14144 VENTURA BLVD,SUITE 280,,SHERMAN OAKS,CA,91423,Los Angeles County,19,(909) 670-6428,NON,true,false,true,2027-04-30,false,0,0,1.1,CO-ED,false,false,34.149756,-118.441752
191389CP,ESSENCE RECOVERY CENTER INC.,ESSENCE RECOVERY CENTER INC.,6842 AMIGO AVE.,,"6844, 6846/6948, 6850-1, 6850-2 AMIGO AVE.",RESEDA,CA,91335,Los Angeles County,19,(323) 620-0321,RES,true,true,false,2027-10-31,false,32,32,1.1,CO-ED,true,false,34.19514,-118.538557
191390AP,DETOXERY REHAB CENTER,DETOXERY,3147 E SIERRA MADRE AVE,,,PASADENA,CA,91107,Los Angeles County,19,(818) 858-2024,RES,true,true,true,2027-03-31,false,6,6,1.1,CO-ED,true,false,34.161723,-118.087043
191391AP,PINNACLE DETOX & RECOVERY INC,PINNACLE DETOX & RECOVERY INC,202 WEST LEMON AVENUE,,,ARCADIA,CA,91007,Los Angeles County,19,(747) 444-7477,RES,true,true,false,2028-09-30,false,10,10,1.1,CO-ED,true,false,34.118317,-118.038799
191392AP,"A WELLNESS CENTER, LLC","A WELLNESS CENTER, LLC",6259 VAN NUYS BOULEVARD,SUITE B,,LOS ANGELES,CA,91401,Los Angeles County,19,(818) 482-3272,NON,true,false,true,2026-09-30,false,0,0,1.1,CO-ED,false,false,34.183958,-118.44875
191393AP,28'S REHAB,28'S REHAB,2743 N KEYSTONE ST,,,BURBANK,CA,91504,Los Angeles County,19,(818) 939-9056,RES,true,true,false,2026-08-31,false,6,6,1.1,CO-ED,true,false,34.207678,-118.333382
191394AP,4 SEASONS RECOVERY IOP,4 SEASONS RECOVERY IOP,8300 N VALLEY CIRCLE BLVD,ROOM C,,WEST HILLS,CA,91304,Los Angeles County,19,(818) 606-7635,NON,false,false,true,2026-11-30,false,0,0,1.1,CO-ED,false,false,34.219633,-118.646612
191396AP,PURPOSES RECOVERY EAST,PURPOSEFUL RECOVERY CORP,4626 COOLIDGE AVE,,"4628, 4624 COOLIDGE AVE",CULVER CITY,CA,90230,Los Angeles County,19,(310) 751-6524,RES,true,true,true,2026-09-30,false,12,12,1.1,CO-ED,true,false,33.997408,-118.410544
191399AP,PARK ELITE DETOX LLC,PARK ELITE DETOX LLC,23670 PARK ANDORRA,,,CALABASAS,CA,91302,Los Angeles County,19,(818) 805-3333,RES,true,true,false,2027-02-28,false,6,6,1.1,CO-ED,true,false,34.146329,-118.641364
191401AP,BNI CLINICS,"AMINZADEH & AHMADPOUR, MEDICAL CORPORATION",28038 DOROTHY DRIVE,SUITE 101-200,,AGOURA HILLS,CA,91301,Los Angeles County,19,(818) 321-7135,NON,false,false,true,2026-10-31,false,0,0,1.1,CO-ED,false,false,34.142144,-118.737778
191402AP,TITAN RECOVERY CENTER INC,TITAN RECOVERY CENTER INC,5820 CRANER AVE,,5822 CRANER AVE,NORTH HOLLYWOOD,CA,91601,Los Angeles County,19,(747) 292-7904,RES,true,true,false,2028-09-30,false,12,12,1.1,CO-ED,true,false,34.176208,-118.369139
191403BP,SOLACE HILLS LLC,SOLACE HILLS LLC,7727 PAINTER AVENUE,,,WHITTIER,CA,90608,Los Angeles County,19,(562) 573-1504,NON,false,false,true,2027-07-31,false,0,0,1.1,CO-ED,false,false,33.970969,-118.0327
191404AP,BRIGHTSIDE HEALTH,BRIGHTSIDE HEALTH,2029 CENTURY PARK E,STE 400/478,,LOS ANGELES,CA,90067,Los Angeles County,19,(415) 360-3348,NON,false,false,true,2026-10-31,false,0,0,1.1,CO-ED,false,false,34.05943,-118.4129
191405AP,11:11 RECOVERY,11:11 RECOVERY,5352 N LAUREL CANYON BOULEVARD,SUITE 203 AND 205,,VALLEY VILLAGE,CA,91607,Los Angeles County,19,(818) 726-9999,NON,true,false,true,2026-08-31,false,0,0,1.1,CO-ED,false,false,34.168179,-118.396483
191406AN,YPF OUTPATIENT SERVICES,THE YOUNG PEOPLE'S FOUNDATION INC.,16316 WHITTIER BLVD,SUITE A & B,,WHITTIER,CA,90603,Los Angeles County,19,(626) 228-9137,NON,false,false,true,2026-10-31,false,0,0,1.1,CO-ED,false,false,33.940142,-117.982483
191407AP,AVALON INTEGRATED WELLNESS,"BEACHSTEP INVESTMENTS, LLC",32430 PACIFIC COAST HWY,,,MALIBU,CA,90265,Los Angeles County,19,(310) 457-9111,RES,true,true,true,2027-01-31,false,6,6,1.1,CO-ED,true,false,34.039948,-118.881088
191409AP,COAST RECOVERY TREATMENT CENTER,COAST RECOVERY TREATMENT CENTER LLC,4789 VINELAND AVENUE,SUITE 101,,NORTH HOLLYWOOD,CA,91602,Los Angeles County,19,(818) 483-3130,NON,false,false,true,2026-12-31,false,0,0,1.1,CO-ED,false,false,34.15728,-118.370466
191410AN,VISTA DEL MAR CHILD AND FAMILY SERVICES SUD OUTPATIENT TREATMENT PROGRAM,VISTA DEL MAR CHILD AND FAMILY SERVICES,3200 MOTOR AVE,,,LOS ANGELES,CA,90034,Los Angeles County,19,(310) 836-1223,NON,false,false,true,2026-11-30,false,0,0,1.10,CO-ED/YOUTH,false,false,34.031314,-118.410962
191411AP,"UNITED DRUG REHAB CENTER, INC","UNITED DRUG REHAB CENTER, INC",1213 SOUTH CALIFORNIA AVENUE,,"1213 SOUTH CALIFORNIA AVENUE, UNIT 1",MONROVIA,CA,91016,Los Angeles County,19,(626) 239-6965,RES,true,true,true,2027-04-30,false,12,12,1.1,CO-ED,true,false,34.139014,-117.995073
191412AP,FREEDOM DETOX,"FREEDOM DETOX, LLC",1249 ROLLAND CURTIS PLACE,,,LOS ANGELES,CA,90037,Los Angeles County,19,(310) 770-2646,RES,true,true,true,2027-04-30,false,6,6,1.1,CO-ED,true,false,34.016452,-118.298949
191413AP,COLLABORATIVE ARTS WELLNESS CENTER,COLLABORATIVE ARTS WELLNESS CENTER LLC,8714 SANTA MONICA BLVD,SUITE 200,,WEST HOLLYWOOD,CA,90069,Los Angeles County,19,(844) 323-8714,NON,false,false,true,2026-11-30,false,0,0,1.1,CO-ED,false,false,34.087183,-118.380409
191413BP,HILLOCK HOUSE I,COLLABORATIVE ARTS WELLNESS CENTER LLC,3229 HILLOCK DRIVE,,3235 HILLOCK DRIVE,LOS ANGELES,CA,90068,Los Angeles County,19,(323) 445-1560,RES,true,true,false,2027-04-30,false,12,12,1.1,CO-ED,true,false,34.135731,-118.343569
191414AP,INNERVISIONS RECOVERY CENTER LLC,INNERVISIONS RECOVERY CENTER LLC,18218 ACRE ST,,,NORTHRIDGE,CA,91325,Los Angeles County,19,(818) 522-2213,RES,true,true,false,2027-01-31,false,32,32,1.1,CO-ED,true,false,34.230004,-118.530217
191415AP,SERENITY PATH RECOVERY INC,SERENITY PATH RECOVERY INC,2188 GALBRETH RD,,1260 N CRAIG AVE,PASADENA,CA,91104,Los Angeles County,19,(909) 204-9489,RES,true,true,false,2026-12-31,false,12,12,1.1,CO-ED,true,false,34.168036,-118.105438
191416AP,ADVANCED DETOX AND REHABILITATION CENTER INC,ADVANCED DETOX AND REHABILITATION CENTER INC,19118 HALSTED ST,,19122 HALSTED ST,NORTHRIDGE,CA,91324,Los Angeles County,19,(350) 500-0005,RES,true,true,false,2027-02-28,false,12,12,1.1,CO-ED,true,false,34.244618,-118.549698
191419AP,NIRVANA RECOVERY CENTER,NIRVANA RECOVERY CENTER INC.,11430 LOUISE AVENUE,,11432 AND 11434 LOUISE AVENUE,GRANADA HILLS,CA,91344,Los Angeles County,19,(818) 649-0494,RES,true,true,true,2026-12-31,false,6,6,1.1,CO-ED,true,false,34.278394,-118.510822
191420BP,"SHADYGLADE RECOVERY CENTER, INC","SHADYGLADE RECOVERY CENTER, INC",4343 SHADYGLADE AVE.,,,STUDIO CITY,CA,91604,Los Angeles County,19,(818) 282-4277,RES,true,true,false,2028-03-31,false,6,6,1.1,CO-ED,true,false,34.149818,-118.401931
191421AP,LEGACY HEALING CENTER LOS ANGELES,LEGACY HEALING CENTER LOS ANGELES LLC,1924 WATTLES DR,,,LOS ANGELES,CA,90046,Los Angeles County,19,(918) 916-9108,RES,true,true,false,2027-01-31,false,6,6,1.14,WOMEN/CHILD/DUAL,false,false,34.105669,-118.356629
191421BP,LEGACY HEALING CENTER LOS ANGELES,LEGACY HEALING CENTER LOS ANGELES LLC,5201 VELOZ AVE,,,TARZANA,CA,91356,Los Angeles County,19,(918) 916-9108,RES,true,true,false,2027-01-31,false,6,6,1.1,CO-ED,true,false,34.165295,-118.540149
191421CP,LEGACY HEALING CENTER LOS ANGELES,LEGACY HEALING CENTER LOS ANGELES LLC,18641 CASSANDRA STREET,,,TARZANA,CA,91356,Los Angeles County,19,(918) 916-9108,RES,true,true,false,2027-01-31,false,6,6,1.1,CO-ED,true,false,34.160023,-118.538931
191422BP,ASA DETOX CENTER,ASA DETOX CENTER,2095 W MOUNTAIN STREET,,2095 A W MOUNTAIN STREET,GLENDALE,CA,91201,Los Angeles County,19,(747) 316-0000,RES,true,true,true,2028-01-31,false,6,6,1.1,CO-ED,true,false,34.187009,-118.287949
191423AN,L.A. GLOBAL CARE,L.A. GLOBAL CARE,1613 W VERNON AVE,,,LOS ANGELES,CA,90062,Los Angeles County,19,(323) 815-5400,NON,false,false,true,2027-01-31,false,0,0,1.1,CO-ED,false,false,34.003752,-118.3073
191424AP,NEW VISION MENTAL HEALTH AND ADDICTION RECOVERY CENTER,NEW VISION IOP LLC,18425 BURBANK BLVD,SUITE 609,,TARZANA,CA,91356,Los Angeles County,19,(818) 421-2671,NON,false,false,true,2026-12-31,false,0,0,1.1,CO-ED,false,false,34.172271,-118.534774
191425AP,WELLNESS DETOX LA LLC,WELLNESS DETOX LA LLC,625 EAST PHILLIPS BLVD,,"627, 629, 631 EAST PHILLIPS BLVD",POMONA,CA,91766,Los Angeles County,19,(888) 307-3288,RES,true,true,true,2027-04-30,false,24,24,1.1,CO-ED,true,false,34.044379,-117.743983
191426AP,NEBO HILL TREATMENT CENTER,NEBO HILL TREATMENT CENTER,7720 LUPINE RD,,,AGUA DULCE,CA,91390,Los Angeles County,19,(323) 620-0321,RES,true,true,false,2027-02-28,false,6,6,1.1,CO-ED,true,false,34.515665,-118.26957
191427AP,EVOLUTIONS DETOX,EVOLUTIONS DETOX,8418 WILBUR AVE,,,NORTHRIDGE,CA,91324,Los Angeles County,19,(747) 202-0028,RES,true,true,false,2027-03-31,false,6,6,1.1,CO-ED,true,false,34.22345,-118.544771
191428AP,ALL AMERICAN TREATMENT CENTER,ALL AMERICAN TREATMENT CENTER INC,21822 SHERMAN WAY,SUITE 200,,CANOGA PARK,CA,91303,Los Angeles County,19,(818) 929-6677,NON,true,false,true,2027-01-31,false,0,0,1.1,CO-ED,false,false,34.20099,-118.603644
191429AP,HELP IS HERE REHABILITATION,HELP IS HERE REHABILITATION,7241 LANKERSHIM BOULEVARD,SUITE B,,NORTH HOLLYWOOD,CA,91605,Los Angeles County,19,(747) 777-7477,NON,true,false,true,2026-11-30,false,0,0,1.1,CO-ED,false,false,34.202517,-118.387811
191430AP,FREEDOM WELLNESS CENTER,FREEDOM WELLNESS CENTER INC.,21250 CALIFA ST,SUITE 105,,WOODLAND HILLS,CA,91367,Los Angeles County,19,(323) 818-6660,NON,true,false,true,2026-10-31,false,0,0,1.1,CO-ED,false,false,34.177,-118.59386
191431AP,AVON WELLNESS CENTER,AVAN WELLNESS CENTER,7961 PASO ROBLES AVENUE,,16950 STRATHERN ST,VAN NUYS,CA,91406,Los Angeles County,19,(323) 620-0321,RES,true,true,false,2026-12-31,false,12,12,1.1,CO-ED,true,false,34.215496,-118.502752
191432AP,RECREATION HEALING CENTER INC,RECREATION HEALING CENTER INC,838 E FAIRMOUNT RD,,,BURBANK,CA,91501,Los Angeles County,19,(310) 350-1560,RES,true,true,false,2027-03-31,false,6,6,1.1,CO-ED,true,false,34.194635,-118.308083
191433AP,ELEVATE WELLNESS CENTER,ELEVATE WELLNESS CENTER LLC,12037 RIALTO ST,,"12039, & 12041 RIALTO ST",SUN VALLEY,CA,91352,Los Angeles County,19,(747) 206-6191,RES,true,true,false,2027-04-30,false,16,16,1.1,CO-ED,true,false,34.223992,-118.394848
191434AP,12STEPSNOW,"12STEPSNOW, LLC",2163 WILLOWBROOK AVE,,,PALMDALE,CA,93351,Los Angeles County,19,(424) 382-3887,RES,true,true,true,2026-11-30,false,6,6,1.1,CO-ED,true,false,34.600478,-118.169621
191435AP,RECOVERY DYNAMICS,RECOVERY DYNAMICS LLC,1776 N HIGHLAND AVE,,,LOS ANGELES,CA,90028,Los Angeles County,19,(310) 927-8811,NON,true,false,true,2027-01-31,false,0,0,1.1,CO-ED,false,false,34.103825,-118.338545
191435BP,RECOVERY DYNAMICS,RECOVERY DYNAMICS LLC,948 SOUTH COCHRAN AVENUE,,,LOS ANGELES,CA,90036,Los Angeles County,19,(213) 333-3869,RES,true,true,false,2027-05-30,false,16,16,1.1,CO-ED,true,false,34.057585,-118.348946
191437AP,REVIVE VITALITY INC,REVIVE VITALITY INC,21210 TULSA ST,,,CHATSWORTH,CA,91311,Los Angeles County,19,(323) 620-0321,RES,true,true,false,2027-05-31,false,6,6,1.1,CO-ED,true,false,34.267301,-118.595001
191438AP,SPERO DETOX CENTER,SPERO DETOX CENTER,18923 WILLARD ST,,,RESEDA,CA,91335,Los Angeles County,19,(323) 620-0321,RES,true,true,false,2026-12-31,false,6,6,1.1,CO-ED,true,false,34.218897,-118.545627
191440AP,INNER LIGHT RECOVERY LLC,INNER LIGHT RECOVERY LLC,4321 CLEAR VALLEY DR,,,ENCINO,CA,91436,Los Angeles County,19,(323) 620-0321,RES,true,true,false,2027-01-31,false,6,6,1.1,CO-ED,true,false,34.149534,-118.485524
191441AP,HARMONY HILLS RECOVERY INC,HARMONY HILLS RECOVERY INC,13364 N PALA AVE,,13368 N PALA AVE,SYLMAR,CA,91342,Los Angeles County,19,(323) 620-0321,RES,true,true,false,2027-02-28,false,10,10,1.1,CO-ED,true,false,34.315579,-118.475904
191443BP,COPE RECOVERY,A AND A DETOX CENTER,16806 ADDISON STREET,,,ENCINO,CA,91436,Los Angeles County,19,(747) 266-4426,RES,true,true,false,2027-10-31,false,6,6,1.1,CO-ED,true,false,34.162021,-118.499074
191444AP,GOLDEN PATH RECOVERY CENTER,GOLDEN PATH RECOVERY CENTER INC.,17428 CHATSWORTH ST,,,GRANADA HILLS,CA,91344,Los Angeles County,19,(818) 422-4004,NON,false,false,true,2026-12-31,false,0,0,1.1,CO-ED,false,false,34.264828,-118.514234
191445AN,RANCHO SAN ANTONIO,"RANCHO SAN ANTONIO BOYS HOME, INC",21000 PLUMMER ST,,,CHATSWORTH,CA,91311,Los Angeles County,19,(818) 882-6400,NON,false,false,true,2027-04-30,false,0,0,1.1,CO-ED,false,false,34.24127,-118.590828
191446AP,U MATTER INTENSIVE OUTPATIENT PROGRAM,"U MATTER THERAPY, INC",17337 VENTURA BLVD,SUITE 304,,ENCINO,CA,91316,Los Angeles County,19,(310) 748-1919,NON,false,false,true,2026-12-31,false,0,0,1.1,CO-ED,false,false,34.161021,-118.51078
191447AP,ELEVATED HEALING TREATMENT CENTERS,"ELEVATED HEALING BEHAVIORAL HEALTH, INC.",21250 CALIFA ST,SUITE 114,,WOODLAND HILLS,CA,91367,Los Angeles County,19,(747) 888-3000,NON,false,false,true,2026-12-31,false,0,0,1.1,CO-ED,false,false,34.177,-118.59386
191449AP,MONARCH TREATMENT CENTER,MONARCH TREATMENT CENTER,1250 ALTA PASEO,,,BURBANK,CA,91501,Los Angeles County,19,(818) 612-3256,RES,true,true,true,2026-11-30,false,6,6,1.1,CO-ED,true,false,34.190758,-118.289862
191451AP,LAKESIDE RECOVERY,LAKESIDE RECOVERY,30347 JUNE ROSE CT,,,CASTAIC,CA,91384,Los Angeles County,19,(404) 400-0040,RES,true,true,false,2027-02-28,false,6,6,1.1,CO-ED,true,false,34.469079,-118.628868
191453AP,"CALIFORNIA DETOX & RECOVERY CENTER, LLC","CALIFORNIA DETOX & RECOVERY CENTER, LLC",1237 S WILTON PI,,,LOS ANGELES,CA,90019,Los Angeles County,19,(213) 772-5037,RES,true,true,false,2027-02-28,false,6,6,1.1,CO-ED,true,false,34.047969,-118.31451
191454AN,"NEW HORIZON REHABILITATION CENTER, INC.","NEW HORIZON REHABILITATION CENTER, INC.",616 S ATLANTIC BLVD,,620 S ATLANTIC BLVD,MONTEREY PARK,CA,91754,Los Angeles County,19,(626) 427-1495,NON,false,false,true,2026-12-31,false,0,0,1.1,CO-ED,false,false,34.05478,-118.135697
191455AP,MY LIFE RECOVERY,MY LIFE RECOVERY,8431 SHIRLEY AVE,,"8433, 8435, 8437 SHIRLEY AVE",NORTHRIDGE,CA,91324,Los Angeles County,19,(323) 620-0321,RES,true,true,false,2027-06-30,false,24,24,1.1,CO-ED,true,false,34.223424,-118.558313
191456AP,R&R HEALTH LLC,R&R HEALTH LLC,1009 TORRANCE BLVD,,,REDONDO BEACH,CA,90277,Los Angeles County,19,(831) 332-3854,NON,false,false,true,2026-12-31,false,0,0,1.1,CO-ED,false,false,33.838955,-118.375389
191457AP,BELIEVE DETOX RECOVERY INC.,BELIEVE DETOX RECOVERY INC.,9640 ENCINO AVE,,,NORTHRIDGE,CA,91325,Los Angeles County,19,(818) 454-6017,RES,true,true,true,2027-06-30,false,6,6,1.1,CO-ED,true,false,34.245965,-118.515507
191458AP,"LUXURY ROYAL TREATMENT CENTER, INC","LUXURY ROYAL TREATMENT CENTER, INC",639 W. WILSON AVENUE,,639A & 641 W. WILSON AVENUE,"GLENDALE,",CA,91203,Los Angeles County,19,(818) 207-0101,RES,true,true,false,2027-03-31,false,10,10,1.1,CO-ED,true,false,34.147983,-118.26832
191459AP,"UPRISE TREATMENT CENTER, INC.","UPRISE TREATMENT CENTER, INC.",6728 LINDLEY AVE,,6730 LINDLEY AVE,RESEDA,CA,91335,Los Angeles County,19,(323) 620-0321,RES,true,true,false,2027-06-30,false,12,12,1.1,CO-ED,true,false,34.192942,-118.527278
191460AP,ACCESS DETOX CENTER,"ACCESS DETOX CENTER, INC.",5039 SERRANIA AVE,,,WOODLAND HILLS,CA,91364,Los Angeles County,19,(430) 808-8808,RES,true,true,true,2027-04-30,false,6,6,1.1,CO-ED,true,false,34.161696,-118.588414
191462AP,AURA WELLNESS CENTER,AURA WELLNESS CENTER,722 WEST WILSON AVENUE,,,GLENDALE,CA,91203,Los Angeles County,19,(818) 612-3256,NON,true,false,true,2026-11-30,false,0,0,1.1,CO-ED,false,false,34.147908,-118.270942
191463AP,COMPREHENSIVE HOLISTIC RECOVERY - PIUMA,25155 PIUMA HEALTH CENTER LLC,25155 PIUMA RD,,,MALIBU,CA,90265,Los Angeles County,19,(310) 890-9777,RES,true,true,false,2027-04-30,false,6,6,1.1,CO-ED,true,false,34.071629,-118.691459
191464AP,"AFTER CARE, INC.","AFTER CARE, INC.",14431 HAMLIN STREET,SUITE 101,,VAN NUYS,CA,91401,Los Angeles County,19,(818) 736-7602,NON,false,false,true,2026-12-31,false,0,0,1.1,CO-ED,false,false,34.188693,-118.447586
191466AP,GOODLAND RECOVERY CENTER,BABAL INC,8127 GOODLAND AVE,,8127 1/2 GOODLAND AVE,NORTH HOLLYWOOD,CA,91605,Los Angeles County,19,(818) 804-7572,RES,true,true,false,2027-03-31,false,12,12,1.1,CO-ED,true,false,34.218529,-118.412334
191467AP,REGAIN HOPE DETOX AND RECOVERY CENTER INC.,REGAIN HOPE DETOX AND RECOVERY CENTER INC.,1134 NORTH LIMA ST,,,BURBANK,CA,91505,Los Angeles County,19,(661) 204-3737,RES,true,true,true,2027-05-31,false,6,6,1.1,CO-ED,true,false,34.171797,-118.345335
191468AP,MIRACLE PATH RECOVERY,MIRACLE PATH RECOVERY INC.,4375 W AVENUE M 11,,,QUARTZ HILL,CA,93536,Los Angeles County,19,(661) 802-4681,RES,true,true,false,2027-04-30,false,6,6,1.1,CO-ED,true,false,34.635262,-118.208667
191469AP,PEACEFUL LIFE RECOVERY INC.,PEACEFUL LIFE RECOVERY INC.,8508 OSO AVE,,8510 OSO AVE,NORTH HILLS,CA,91306,Los Angeles County,19,(818) 660-0110,RES,true,true,false,2027-03-31,false,12,12,1.1,CO-ED,true,false,34.224966,-118.575391
191470AP,AURA DETOX,AURA DETOX,24628 APPLE ST,,,NEWHALL,CA,91321,Los Angeles County,19,(818) 636-8656,RES,true,true,true,2027-02-28,false,6,6,1.1,CO-ED,true,false,34.373965,-118.541947
191471AP,ENTRUST RECOVERY CENTER INC.,ENTRUST RECOVERY CENTER INC.,651 N. WORKMAN ST.,,653 N. WORKMAN ST.,SAN FERNANDO,CA,91340,Los Angeles County,19,(323) 620-0321,RES,true,true,false,2027-03-31,false,6,6,1.1,CO-ED,true,false,34.293352,-118.435947
191472AP,ELEVATE REHABILITATION CENTER,ELEVATE REHABILITATION CENTER,20504 LULL ST,,,WINNETKA,CA,91306,Los Angeles County,19,(323) 620-0321,RES,true,true,false,2027-05-31,false,6,6,1.1,CO-ED,true,false,34.208741,-118.580218
191473AP,THE BEST TREATMENT LOS ANGELES LLC,THE BEST TREATMENT LOS ANGELES LLC,12807 BARBARA ANN ST.,,"12807 1/2, 12809, 12809 1/2, 12811, 12811 1/2 BARBARA ANN ST.",NORTH HOLLYWOOD,CA,91605,Los Angeles County,19,(888) 482-8669,RES,true,true,true,2027-04-30,false,30,30,1.8,DUAL DIAGNOSIS,true,false,34.200257,-118.411933
191474AP,HOLLYCARE RECOVERY,"HOLLYCARE RECOVERY, INC",14242 VENTURA BLVD,SUITE 235,,SHERMAN OAKS,CA,91423,Los Angeles County,19,(818) 457-2399,NON,false,false,true,2027-03-31,false,0,0,1.1,CO-ED,false,false,34.150027,-118.44339
191475AP,RESET WELLNESS CENTER INC.,RESET WELLNESS CENTER INC.,5300 SAN FERNANDO RD.,,,GLENDALE,CA,91203,Los Angeles County,19,(310) 634-5032,NON,false,false,true,2027-09-30,false,0,0,1.1,CO-ED,false,false,34.148953,-118.272901
191476AP,FOUNDATIONS RECOVERY CENTER,FOUNDATIONS RECOVERY CENTER LLC,175555 VENTURA BLVD,SUITE 201,,ENCINO,CA,91316,Los Angeles County,19,(661) 917-4442,NON,false,false,true,2026-12-31,false,0,0,1.1,CO-ED,false,false,34.161532,-118.514491
191478AP,HEALING AND RECOVERY WELLNESS CENTER,HEALING AND RECOVERY WELLNESS CENTER,10115 CANOGA AVENUE,,,CHATSWORTH,CA,91311,Los Angeles County,19,(818) 350-9183,NON,true,false,true,2026-12-31,false,0,0,1.1,CO-ED,false,false,34.254025,-118.597335
191479AP,REFORM RECOVERY CENTER INC.,REFORM RECOVERY CENTER INC.,3022 N. HOLLYWOOD WAY,,,BURBANK,CA,91505,Los Angeles County,19,(818) 333-6392,NON,true,false,true,2026-12-31,false,0,0,1.1,CO-ED,false,false,34.203917,-118.348661
191480AN,"COMMUNITY ASSISTANCE SERVICES, INC","COMMUNITY ASSISTANCE SERVICES, INC",10501 S. WESTERN AVE,,,LOS ANGELES,CA,90047,Los Angeles County,19,(310) 259-5207,NON,true,false,true,2026-12-31,false,0,0,1.1,CO-ED,false,false,33.940849,-118.309049
191481AP,NEW CREATION ADDICTION TREATMENT CENTER CLAREMONT,G AND C SWAN INC.,638 S INDIAN HILL BLVD.,,"650 S INDIAN HILL BLVD., AND 373 W SAN JOSE AVE.",CLAREMONT,CA,91711,Los Angeles County,19,(909) 514-1958,RES,true,true,false,2027-01-31,false,71,71,1.1,CO-ED,true,false,34.083981,-117.719164
191482AP,SOBERMIND RECOVERY INC,SOBERMIND RECOVERY INC,17750 SHERMAN WAY BLVD.,SUITE 225,,RESEDA,CA,91335,Los Angeles County,19,(818) 398-8047,NON,true,false,true,2026-12-31,false,0,0,1.1,CO-ED,false,false,34.200927,-118.520347
191483AP,RESEDA RECOVERY CENTER INC,RESEDA RECOVERY CENTER INC,18955 CANTLAY ST,,,RESEDA,CA,91355,Los Angeles County,19,(818) 860-2424,RES,true,true,true,2027-04-30,false,6,6,1.1,CO-ED,true,false,34.202248,-118.546746
191484AP,ALL WAVES SETTLE BEHAVIORAL HEALTH,ALL WAVES SETTLE BEHAVIORAL HEALTH,936 SOUTH BURNSIDE AVE,,,LOS ANGELES,CA,90036,Los Angeles County,19,(801) 448-3313,RES,true,true,false,2027-04-30,false,6,6,1.1,CO-ED,true,false,34.057881,-118.35113
191485AN,IN OUR POWER BY FRIENDLY HOUSE,IN OUR POWER BY FRIENDLY HOUSE LLC,5555 INGLEWOOD BLVD,SUITE 204,,CULVER CITY,CA,90230,Los Angeles County,19,(213) 389-9964,NON,false,false,true,2026-12-31,false,0,0,1.3,WOMEN ONLY,false,false,33.984285,-118.405819
191486AP,ENCINO RECOVERY CENTER INC,ENCINO RECOVERY CENTER INC,3752 ALONZO AVE.,,,ENCINO,CA,91316,Los Angeles County,19,(818) 478-8671,RES,true,true,true,2027-04-30,false,6,6,1.1,CO-ED,true,false,34.139079,-118.527176
191487AP,GATEWAY LA INC,GATEWAY LA INC,11500 CALVERT STREET,,11502 CALVERT STREET,HOLLYWOOD,CA,91606,Los Angeles County,19,(323) 620-0321,RES,true,true,false,2027-06-30,false,12,12,1.1,CO-ED,true,false,34.181212,-118.382292
191488AP,"ENDURE HEALTH AND WELLNESS, INC.","ENDURE HEALTH AND WELLNESS, INC.",4945 LINDLEY AVENUE,,,TARZANA,CA,91356,Los Angeles County,19,(818) 398-7803,RES,true,true,true,2027-07-31,false,6,6,1.1,CO-ED,true,false,34.159795,-118.527256
191489AP,SOBER NATION,SOBER NATION,1834 SHADOW CANYON ROAD,,,ACTON,CA,93510,Los Angeles County,19,(888) 316-7848,RES,true,true,false,2027-08-31,false,6,7,1.1,CO-ED,true,false,34.471004,-118.15643
191491AP,"A NEW VISION TREATMENT CENTER, LLC","A NEW VISION TREATMENT CENTER, LLC",6221 GOODLAND AVE.,,,NORTH HOLLYWOOD,CA,91606,Los Angeles County,19,(310) 600-5633,RES,true,true,false,2027-08-31,false,6,6,1.1,CO-ED,true,false,34.18374,-118.412026
191492AP,"HEALING MINDS, INC.","HEALING MINDS, INC.",8374 TOPANGA CANYON BLVD.,SUITE 201,,WEST HILLS,CA,91304,Los Angeles County,19,(323) 599-6244,NON,true,false,true,2026-12-31,false,0,0,1.1,CO-ED,false,false,34.222078,-118.60597
191493AP,KASA RECOVERY,"KASA RECOVERY, INC.",5369 W PICO BLVD,,,LOS ANGELES,CA,90019,Los Angeles County,19,(714) 925-2353,NON,false,false,true,2027-05-31,false,0,0,1.1,CO-ED,false,false,34.04846,-118.355421
191494AP,"EXCLUSIVE RECOVERY CENTER, INC.","EXCLUSIVE RECOVERY CENTER, INC.",10630 SEPULVEDA BLVD,SUITE 202,,NORTH HILLS,CA,91345,Los Angeles County,19,(424) 205-8070,NON,true,false,true,2026-12-31,false,0,0,1.1,CO-ED,false,false,34.263782,-118.467213
191495AP,TEMPLE HILL HOLLYWOOD DETOX INC,TEMPLE HILL HOLLYWOOD DETOX INC,6181 TEMPLE HILL DR,,,LOS ANGELES,CA,90068,Los Angeles County,19,(323) 584-8888,RES,true,true,true,2027-06-30,false,6,6,1.1,CO-ED,true,false,34.111932,-118.324304
191497BP,STALMED CARE,STALMED CARE,6621 MORSE AVE.,,,NORTH HOLLYWOOD,CA,91606,Los Angeles County,19,(747) 227-9991,RES,true,true,true,2027-12-31,false,6,6,1.1,CO-ED,true,false,34.191,-118.416553
191499AP,LOS FELIZ DETOX CENTER INC.,LOS FELIZ DETOX CENTER INC.,3012 HYPERION AVE,,,LOS ANGELES,CA,90027,Los Angeles County,19,(323) 300-8066,RES,true,true,true,2027-06-30,false,6,6,1.1,CO-ED,true,false,34.111031,-118.269367
191500AP,REDEMPTION RECOVERY,DHW CONSULTANTS LLC,19323 LAVI CT.,,,TARZANA,CA,91356,Los Angeles County,19,(818) 818-4715,RES,true,true,true,2027-06-30,false,6,6,1.1,CO-ED,true,false,34.176604,-118.554416
191501AP,NEW START NEW LIFE INC,NEW START NEW LIFE INC,6204 CAMELLIA AVENUE,,6206 CAMELLIA AVENUE,NORTH HOLLYWOOD,CA,91606,Los Angeles County,19,(323) 818-6660,RES,true,true,false,2027-05-31,false,12,12,1.1,CO-ED,true,false,34.183301,-118.382315
191502AP,"ACCESS TO RECOVERY DETOX CENTER, INC.","ACCESS TO RECOVERY DETOX CENTER, INC.",15361 LEADWELL ST,,,VAN NUYS,CA,91406,Los Angeles County,19,(747) 303-0001,RES,true,true,true,2027-12-31,false,6,6,1.1,CO-ED,true,false,34.203935,-118.468417
191503AP,ROAD TO RECOVERY,ROAD TO RECOVERY,7410 DENNY AVE,,"7410 1/2, 7412, 7412 1/2 DENNY AVE",SUN VALLEY,CA,91352,Los Angeles County,19,(818) 210-0325,RES,true,true,true,2027-06-30,false,16,16,1.1,CO-ED,true,false,34.205172,-118.364849
191505AN,CALIFORNIA INSTITUTE OF HEALTH & SOCIAL SERVICES ALCOHOL & DRUG EDUCATION PROGRAM,CALIFORNIA INSTITUTE OF HEALTH & SOCIAL SERVICES ALCOHOL & DRUG EDUCATION PROGRAM,3756 SANTA ROSALIA DRIVE,SUITE 310,,LOS ANGELES,CA,90008,Los Angeles County,19,(310) 645-5227,NON,false,false,true,2027-04-30,false,0,0,1.1,CO-ED,false,false,34.008884,-118.338905
191506AP,UPLIFT SOBRIETY CENTER LLC,UPLIFT SOBRIETY CENTER LLC,7139 WOODLEY AVE.,,,VAN NUYS,CA,91406,Los Angeles County,19,(310) 674-4444,NON,true,false,true,2026-12-31,false,0,0,1.1,CO-ED,false,false,34.200393,-118.483693
191507AP,WESTLAKE VILLAGE RECOVERY CENTER LLC,WESTLAKE VILLAGE RECOVERY CENTER LLC,265 SUNSET DR.,SUITE 120,,WESTLAKE VILLAGE,CA,91361,Ventura County,19,(818) 876-2555,NON,true,false,true,2026-12-31,false,0,0,1.1,CO-ED,false,false,34.164063,-118.835751
191510AP,MY2CENTS RECOVERY INC,MY2CENTS RECOVERY INC,12000 HIGHWATER RD.,,,GRANADA HILLS,CA,91344,Los Angeles County,19,(323) 620-0321,RES,true,true,false,2027-06-30,false,6,6,1.1,CO-ED,true,false,34.28846,-118.518995
191511AN,PAVING THE WAY FOUNDATION,PAVING THE WAY FOUNDATION,1729 WEST AVENUE J,,,LANCASTER,CA,93534,Los Angeles County,19,(661) 522-4134,NON,false,false,true,2027-05-31,false,0,0,1.1,CO-ED,false,false,34.689539,-118.162293
191512AP,LOST ANGELS TREATMENT CENTER,"BLUE STREAM ENTERPRISES, INC",14257 CHANDLER BOULEVARD,,,SHERMAN OAKS,CA,91401,Los Angeles County,19,(818) 736-1694,RES,true,true,false,2027-06-30,false,6,6,1.1,CO-ED,true,false,34.1686,-118.444002
191513AP,SPECIALTY REHABILITATION CENTER,SPECIALTY REHABILITATION CENTER,20910 CALWOOD STREET,,,SANTA CLARITA,CA,91350,Los Angeles County,19,(818) 731-4664,RES,true,true,false,2027-06-30,false,6,6,1.1,CO-ED,true,false,34.455921,-118.501227
191514AP,MONTE REHAB INC.,MONTE REHAB INC.,1741 LOMA ROAD,,,MONTEBELLO,CA,90640,Los Angeles County,19,(323) 620-0321,RES,true,true,false,2027-07-31,false,6,6,1.1,CO-ED,true,false,34.023713,-118.116558
191515AP,TRU DETOX CENTER,"AM REHABILITATION, INC.",10437 SUNNYBRAE AVE,,,CHATSWORTH,CA,91311,Los Angeles County,19,(818) 812-9888,RES,true,true,true,2027-07-31,false,6,6,1.1,CO-ED,true,false,34.260119,-118.580637
191516AP,IRELY DETOX & RESIDENTIAL RECOVERY HEALTHCARE,IRELY HEALTHCARE LLC,17524 NAPA STREET,,17526 NAPA STREET,SHERWOOD FOREST,CA,91325,Los Angeles County,19,(805) 302-1504,RES,true,true,true,2027-09-30,false,11,11,1.1,CO-ED,true,false,34.227319,-118.516616
191519AP,GRANADA LUXURY RECOVERY INC,GRANADA LUXURY RECOVERY INC,17288 FALCON PI.,,,GRANADA HILLS,CA,91344,Los Angeles County,19,(310) 748-2284,RES,true,true,false,2027-08-31,false,6,6,1.1,CO-ED,true,false,34.297177,-118.51021
191521BP,FIRST RESPONDERS MALIBU,"CORRAL CANYON RECOVERY, LLC",1752 CORRAL CANYON ROAD,,,MALIBU,CA,90265,Los Angeles County,19,(310) 265-8485,RES,true,true,false,2027-07-31,false,8,8,1.1,CO-ED,true,false,34.062158,-118.746422
191521CP,FIRST RESPONDERS MALIBU,"CORRAL CANYON RECOVERY, LLC",20222 STATE ROAD,,,CERRITOS,CA,90703,Los Angeles County,19,(310) 663-8869,NON,false,false,true,2028-04-30,false,0,0,1.1,CO-ED,false,false,33.846433,-118.09497
191522AP,NONNO WELLNESS CENTER LLC,NONNO WELLNESS CENTER LLC,2501 ARTESIA BLVD,SUITE 203 & 205,,REDONDO BEACH,CA,90278,Los Angeles County,19,(310) 807-1550,NON,false,false,true,2027-04-30,false,0,0,1.1,CO-ED,false,false,33.872936,-118.366163
191523AP,RECOVERY OASIS INC,RECOVERY OASIS INC,13932 SYLVAN STREET,,,VAN NUYS,CA,91401,Los Angeles County,19,(818) 339-5353,RES,true,true,false,2027-06-30,false,6,6,1.1,CO-ED,true,false,34.184363,-118.436811
191523BP,RECOVERY OASIS INC,RECOVERY OASIS INC,13934 SYLVAN STREET,,,LOS ANGELES,CA,91401,Los Angeles County,19,,RES,true,true,false,2028-06-30,false,4,4,1.1,CO-ED,true,false,34.184333,-118.436886
191524AP,ADVANCE LIFE RECOVERY,ADVANCE LIFE RECOVERY,9350 TAMPA AVE.,,,NORTHRIDGE,CA,91324,Los Angeles County,19,(818) 987-7797,RES,true,true,false,2027-06-30,false,6,6,1.1,CO-ED,true,false,34.240462,-118.553315
191525AP,CLEAR PATH RECOVERY,CLEAR PATH RECOVERY LLC,41140 MYRTLE STREET,,,PALMDALE,CA,93551,Los Angeles County,19,(818) 524-8459,RES,true,true,false,2027-06-30,false,6,6,1.1,CO-ED,true,false,34.629465,-118.231431
191526AP,RISE AND RENEW INC,RISE AND RENEW INC,15008 LARKSPUR ST.,,13615 N. BORDEN AVE.,SYLMAR,CA,91342,Los Angeles County,19,(818) 644-7375,RES,true,true,false,2027-08-31,false,14,14,1.1,CO-ED,true,false,34.319536,-118.459119
191527AP,BELIEVE AND ACHIEVE RECOVERY,"BELIEVE AND ARCHIVE RECOVERY, INC.",1920 PINEHURST ST.,,,GLENDORA,CA,91741,Los Angeles County,19,(818) 391-0246,RES,true,true,true,2027-12-31,false,6,7,1.1,CO-ED,true,false,34.132981,-117.828214
191528AP,CIRCLE OF STRENGTH RECOVERY,CIRCLE OF STRENGTH RECOVERY,2216 WILLETTA STREET,,,LOS ANGELES,CA,90068,Los Angeles County,19,(323) 509-3009,RES,true,true,false,2027-05-31,false,6,6,1.1,CO-ED,true,false,34.110958,-118.328205
191530AP,SYLMAR TREATMENT CENTER,"SYLMAR TREATMENT CENTER, LLC",15510 DORIAN STREET,,,SYLMAR,CA,91342,Los Angeles County,19,(626) 734-9155,RES,true,true,false,2027-07-31,false,6,6,1.1,CO-ED,true,false,34.318216,-118.468642
191532AP,BLUE SKIES TREATMENT CENTER LLC,BLUE SKIES TREATMENT CENTER LLC,8227 LINDANTE DR.,,,WHITTIER,CA,90603,Los Angeles County,19,(562) 665-4571,RES,true,true,false,2027-10-31,false,6,6,1.1,CO-ED,true,false,33.965371,-117.985719
191533AP,NEWME DRUG AND ALCOHOL REHABILITATION,NEWME DRUG AND ALCOHOL REHABILITATION LLC,17337 VENUTRA BLVD,ROOM 322,,ENCINO,CA,91316,Los Angeles County,19,(310) 487-1577,NON,false,false,true,2027-06-30,false,0,0,1.1,CO-ED,false,false,34.161021,-118.51078
191535AP,"ADVOCATE BEHAVIORAL HEALTH, LLC","ADVOCATE BEHAVIORAL HEALTH, LLC",4500 W. ADAMS BLVD.,,,LOS ANGELES,CA,90016,Los Angeles County,19,(916) 879-8921,NON,false,false,true,2027-08-31,false,0,0,1.1,CO-ED,false,false,34.032535,-118.338682
191536AP,SHERWOOD FOREST REHABILITATION CENTER INC,SHERWOOD FOREST REHABILITATION CENTER INC,17141 RAYEN ST.,,,SHERWOOD FOREST,CA,91325,Los Angeles County,19,(818) 823-3888,RES,true,true,true,2027-11-30,false,6,6,1.1,CO-ED,true,false,34.232189,-118.507282
191537AP,ELEVATIONS SUBSTANCE ABUSE FACILITY LLC,HEAVEN SENT MANAGEMENT AND RECOVERY LLC,18200 LASSEN ST.,,,NORTHRIDGE,CA,91325,Los Angeles County,19,(818) 678-9966,RES,true,true,false,2027-10-31,false,6,6,1.1,CO-ED,true,false,34.249997,-118.5296
191538AP,SUNSET HAVEN,KEYSTONE HEALTH GROUP LLC,6415 RAYMOND AVE,,,LOS ANGELES,CA,90044,Los Angeles County,19,(323) 688-1877,RES,true,true,false,2027-08-31,false,6,6,1.1,CO-ED,true,false,33.980835,-118.29807
191538BP,BALANCE POINT,KEYSTONE HEALTH GROUP LLC,5545 MCCLENNAN AVE,,,ENCINO,CA,91436,Los Angeles County,19,(818) 921-3338,RES,true,true,false,2027-08-31,false,6,6,1.1,CO-ED,true,false,34.171957,-118.500071
191539AP,LEGENDS RECOVERY INC.,LEGENDS RECOVERY INC.,2814 CALMGARDEN,,,ACTON,CA,93510,Los Angeles County,19,(747) 273-6686,RES,true,true,false,2027-12-31,false,6,6,1.1,CO-ED,true,false,34.453506,-118.178616
191542AP,SERENITY ZONE BEHAVIORAL HEALTH,SERENITY ZONE BEHAVIORAL HEALTH,15910 VENTURA BLVD,SUITE 812,,ENCINO,CA,91436,Los Angeles County,19,(213) 583-5609 X1818,NON,false,false,true,2027-12-31,false,0,0,1.1,CO-ED,false,false,34.155791,-118.479681
191543AP,ALL IN SOLUTIONS DETOX CA,ALL IN SOLUTIONS DETOX CA LLC.,18770 STRATHERN STREET,,18772 STRATHERN STREET,RESEDA,CA,91335,Los Angeles County,19,(855) 762-3796,RES,true,true,false,2027-08-31,false,12,12,1.1,CO-ED,true,false,34.215628,-118.542551
191544AN,"BUILDING LIVES ENT, INC","BUILDING LIVES ENT, INC",1209 BROWNING BLVD,,,LOS ANGELES,CA,90037,Los Angeles County,19,(323) 596-3160,NON,false,false,true,2027-10-31,false,0,0,1.1,CO-ED,false,false,34.012117,-118.297715
191545AP,ORBIT LA,ORBIT LOS ANGELES LLC,10559 JEFFERSON AVE,SUITE C,,CULVER CITY,CA,90232,Los Angeles County,19,(919) 260-2807,NON,false,false,true,2027-08-31,false,0,0,1.1,CO-ED,false,false,34.006512,-118.392395
191546AP,QUEST WELLNESS CENTER,"AMD IOP, LLC",10736 BURBANK BLVD,,,NORTH HOLLYWOOD,CA,91601,Los Angeles County,19,(818) 275-9810,NON,true,false,true,2027-08-31,false,0,0,1.1,CO-ED,false,false,34.172133,-118.365105
191547AP,PEACEFUL BEGINNING,MDE & KAE HOLDING LLC,9509 JELLICO AVENUE,,,NORTHRIDGE,CA,91325,Los Angeles County,19,(747) 202-0939,RES,true,true,false,2027-09-30,false,6,6,1.1,CO-ED,true,false,34.243477,-118.518891
191549AP,LA INPATIENT,LA INPATIENT,4138 SEPULVEDA BLVD,,,SHERMAN OAKS,CA,91403,Los Angeles County,19,(561) 569-6173,RES,true,true,false,2027-10-31,false,6,6,1.1,CO-ED,true,false,34.146102,-118.472273
191550AP,BETTER FUTURE REHAB INC.,BETTER FUTURE REHAB INC.,35225 SMALL ROAD,,,PALMDALE,CA,93550,Los Angeles County,19,(201) 552-8317,RES,true,true,false,2027-11-30,false,6,6,1.1,CO-ED,true,false,34.521598,-118.089486
191552AP,ABC WELLNESS HEALTH CENTER,ABC WELLNESS HEALTH CENTER,21054 SHERMAN WAY,"SUITE 300, 320, AND 325",,CANOGA PARK,CA,91303,Los Angeles County,19,(424) 441-4441,NON,true,false,true,2027-07-31,false,0,0,1.1,CO-ED,false,false,34.200953,-118.59245
191553AP,MONARCH WELLNESS CENTER INC.,MONARCH WELLNESS CENTER INC.,10700 VENTURA BLVD.,SUITE 2A AND 2C,,STUDIO CITY,CA,91604,Los Angeles County,19,(651) 200-0000,NON,true,false,true,2027-11-30,false,0,0,1.1,CO-ED,false,false,34.13818,-118.364543
191554AP,LAST DOOR SOBRIETY LLC,LAST DOOR SOBRIETY LLC,6746 VALJEAN AVE,SUITE 100,,VAN NUYS,CA,91406,Los Angeles County,19,(818) 434-1414,NON,true,false,true,2027-09-30,false,0,0,1.1,CO-ED,false,false,34.193188,-118.485813
191555AP,AQUA DULCE DETOX CENTER INC,AQUA DULCE DETOX CENTER INC,6201 QUAIL ROAD,,,SANTA CLARITA,CA,91390,Los Angeles County,19,(747) 260-0001,RES,true,true,true,2027-11-30,false,6,6,1.1,CO-ED,true,false,34.513803,-118.242778
191556AP,KS VENTURES,KS VENTURES INC,4141 HAYVENHURST AVENUE,,4139 HAYVENHURST AVENUE,ENCINO,CA,91436,Los Angeles County,19,(818) 456-1927,RES,true,true,false,2027-10-31,false,12,12,1.1,CO-ED,true,false,34.146227,-118.497558
191557AP,REGGIE'S TREATMENT CENTER I LLC,REGGIE'S TREATMENT CENTER I LLC,2107 W. MANCHESTER AVE.,UNIT 204,,LOS ANGELES,CA,90047,Los Angeles County,19,(818) 940-6697,NON,false,false,true,2027-10-31,false,0,0,1.1,CO-ED,false,false,33.959997,-118.315963
191558AP,WELLIX RECOVERY CENTER,WELLIX RECOVERY CENTER,10431 HAYVENHURST AVE,,10433 HAYVENHURST AVE,GRANADA HILLS,CA,91344,Los Angeles County,19,(225) 500-0300,RES,true,true,false,2027-08-31,false,12,12,1.1,CO-ED,true,false,34.260115,-118.493595
191559AP,WAKE POINT RECOVERY,WAKE POINT RECOVERY LLC,11712 MOORPARK STREET,SUITE 110,,STUDIO CITY,CA,91604,Los Angeles County,19,(818) 912-0655,NON,true,false,true,2027-10-31,false,0,0,1.1,CO-ED,false,false,34.150345,-118.388178
191560AP,MOONGLADE RECOVERY COMMUNITY,AGOURA RECOVERY COMMUNITY INC,29219 CANWOOD STREET,SUITE 108,,AGOURA HILLS,CA,91301,Los Angeles County,19,(661) 600-5245,NON,false,false,true,2027-08-31,false,0,0,1.1,CO-ED,false,false,34.146947,-118.762319
191561AP,REGAL DETOX INC,REGAL DETOX INC,20453 HEMMINGWAY STREET,,,WINNETKA,CA,91306,Los Angeles County,19,(310) 272-3100,RES,true,true,true,2026-10-31,false,6,6,1.1,CO-ED,true,false,34.214006,-118.57893
191562AP,HIGHWATER DETOX & TREATMENT CENTER,HIGHWATER DETOX & TREATMENT CENTER INC.,12211 HIGHWATER RD.,,12213 HIGHWATER RD.,GRANADA HILLS,CA,91344,Los Angeles County,19,,RES,true,true,false,2027-11-30,false,12,12,1.1,CO-ED,true,false,34.292719,-118.521324
191564AP,FIRST CHAPTER RECOVERY INC,FIRST CHAPTER RECOVERY INC,5638 BUFFALO AVE.,,,VAN NUYS,CA,91401,Los Angeles County,19,(747) 344-1444,RES,true,true,false,2027-12-31,false,6,6,1.1,CO-ED,true,false,34.173232,-118.43013
191567AP,ALLIANCE RECOVERY,THE DISTRICT RECOVERY CENTER LLC,807 N. HARVARD BOULEVARD,,"807.5, 809, 809.5, 811, 811.5, 813 AND 813.5 N. HARVARD BOULEVARD",LOS ANGELES,CA,90029,Los Angeles County,19,(704) 408-1660,RES,true,true,true,2028-05-31,false,48,48,1.1,CO-ED,true,false,34.085013,-118.304224
191568AP,LOS ANGELES REHAB AND DETOX,LOS ANGELES REHAB AND DETOX,11853 BLYTHE STREET,,11855 BLYTHE STREET,NORTH HOLLYWOOD,CA,91605,Los Angeles County,19,,RES,true,true,false,2027-10-31,false,12,12,1.1,CO-ED,true,false,34.214821,-118.391809
191569AP,PATH2 RECOVERY CENTER LLC,PATH2 RECOVERY CENTER LLC,11520 ODESSA AVENUE,,,GRANADA HILLS,CA,91344,Los Angeles County,19,(818) 488-1743,RES,true,true,false,2028-06-30,false,6,6,1.1,CO-ED,true,false,34.279861,-118.491208
191571AP,8PILLARS DETOX,8PILLARSDETOX LLC,12817 MINEOLA ST,,,ARLETA,CA,91331,Los Angeles County,19,(818) 934-2136,RES,true,true,false,2028-01-31,false,6,6,1.1,CO-ED,true,false,34.246219,-118.411559
191572AP,COLFAX RECOVERY,COLFAX RECOVERY,4812 COLFAX AVE.,,,NORTH HOLLYWOOD,CA,91601,Los Angeles County,19,(818) 319-6463,RES,true,true,false,2028-06-30,false,6,6,1.1,CO-ED,true,false,34.15814,-118.387719
191573AP,AVIVA FAMILY AND CHILDREN SERVICES,HAMBURGER HOME,7120 FRANLKLIN AVE.,,,LOS ANGELES,CA,90046,Los Angeles County,19,(323) 876-0550,NON,false,false,true,2027-11-30,false,0,0,1.1,CO-ED,false,false,34.103838,-118.34551
191575AP,YELLOW BRICK ROAD RECOVERY,YELLOW BRICK ROAD RECOVERY,8201 GREENBUSH AVE,,,PANORAMA CITY,CA,91402,Los Angeles County,19,(818) 707-5441,RES,true,true,false,2027-11-30,false,6,6,1.1,CO-ED,true,false,34.220074,-118.426776
191576AP,UNION RECOVERY,UNION RECOVERY INC.,17832 TRIBUNE AVE.,,17836 TRIBUNE AVE.,GRANADA HILLS,CA,91344,Los Angeles County,19,(323) 443-6633,RES,true,true,false,2028-03-31,false,12,12,1.1,CO-ED,true,false,34.267317,-118.52277
191577AP,SOLUTIONS 2 RECOVERY LLC,SOLUTIONS 2 RECOVERY LLC,12840 RIVERSIDE DR,SUITE 201,,VALLEY VILLAGE,CA,91607,Los Angeles County,19,(323) 533-2567,NON,false,false,true,2027-12-31,false,0,0,1.1,CO-ED,false,false,34.157594,-118.412902
191578AP,ZENVIRA RECOVERY INC.,ZENVIRA RECOVERY INC.,17060 PARTHENIA ST.,,,NORTHRIDGE,CA,91325,Los Angeles County,19,(818) 581-8704,RES,true,true,false,2028-04-30,false,6,6,1.1,CO-ED,true,false,34.228483,-118.50465
191579AP,PYRAMID AFTER CARE,PYRAMID AFTER CARE,13083 VAN NUYS BLVD.,UNIT 8,,PACOIMA,CA,91331,Los Angeles County,19,(818) 208-6456,NON,false,false,true,2027-11-30,false,0,0,1.1,CO-ED,false,false,34.269004,-118.418211
191580AP,OPEN DOOR TREATMENT,"OPEN DOOR TREATMENT, LLC",6044 1/2 VINELAND AVE,,,NORTH HOLLYWOOD,CA,91606,Los Angeles County,19,(818) 687-0059,NON,false,false,true,2027-11-30,false,0,0,1.1,CO-ED,false,false,34.180647,-118.370281
191581AP,SOBER HAVEN RECOVERY,SOBER HAVEN RECOVERY,20053 W. MARTHA STREET,,"20055, 20057 W. MARTHA STREET",WOODLAND HILLS,CA,91367,Los Angeles County,19,(818) 641-9277,RES,true,true,false,2027-11-30,false,13,13,1.1,CO-ED,true,false,34.173077,-118.57021
191582AN,YOUTH MOVING ON RESOURCE CENTER,HILLSIDES,465 EAST ORANGE GROVE BLVD,SUITE 140,,PASADENA,CA,91104,Los Angeles County,19,(626) 765-6010,NON,false,false,true,2027-11-30,false,0,0,1.1,CO-ED,false,false,34.157817,-118.140724
191583AN,MCKINLEY,MCKINLEY CHILDREN'S CENTER INC.,2211 E PALMDALE BLVD,SUITE I & J,,PALMDALE,CA,93550,Los Angeles County,19,(909) 599-1227,NON,false,false,true,2028-02-29,false,0,0,1.1,CO-ED,false,false,34.580204,-118.088679
191584AP,REBOOT RECOVERY,REBOOT RECOVERY INC,7744 MARY ELLEN AVE,,,NORTH HOLLYWOOD,CA,91605,Los Angeles County,19,(818) 687-0059,RES,true,true,true,2028-02-28,false,6,6,1.8,DUAL DIAGNOSIS,true,false,34.211222,-118.419052
191585AP,"SOTERRA HEALTH, LLC","SOTERRA HEALTH, LLC",10127 COLUMBUS AVE,,,MISSION HILLS,CA,91345,Los Angeles County,19,(818) 472-0846,RES,true,true,false,2028-03-31,false,6,6,1.1,CO-ED,true,false,34.254531,-118.464918
191586AP,FAITH OVER FEAR RECOVERY INC.,FAITH OVER FEAR RECOVERY INC.,10558 MATHER AVE,,,SUNLAND,CA,91040,Los Angeles County,19,(626) 597-5156,RES,true,true,true,2028-04-30,false,6,6,1.1,CO-ED,true,false,34.261363,-118.309613
191587AP,RECAPTURE RECOVERY CENTER,RECAPTURE RECOVERY CENTER INC,6138 ROD AVENUE,,,WOODLAND HILLS,CA,91367,Los Angeles County,19,(818) 861-2236,RES,true,true,false,2028-02-29,false,6,6,1.1,CO-ED,true,false,34.182546,-118.662713
191588AP,WEST COAST DETOX CENTER LLC,WEST COAST DETOX CENTER LLC,12022 WOODLEY AVENUE,,,GRANADA HILLS,CA,91344,Los Angeles County,19,(818) 631-1545,RES,true,true,true,2028-03-31,false,6,6,1.8,DUAL DIAGNOSIS,true,false,34.288489,-118.486488
191589AP,PURE RENEWAL TREATMENT CENTER INC.,PURE RENEWAL TREATMENT CENTER INC.,10308 PARR AVE,,,SUNLAND,CA,91040,Los Angeles County,19,(626) 597-5156,RES,true,true,true,2028-01-31,false,6,6,1.1,CO-ED,true,false,34.256441,-118.313106
191590AP,ORENDA BEHAVIORAL HEALTH,ORENDA BEHAVIORAL HEALTH LLC,22901 BURBANK BLVD,,,WOODLAND HILLS,CA,91367,Los Angeles County,19,(213) 772-2702,RES,true,true,true,2028-02-29,false,6,6,1.1,CO-ED,true,false,34.172567,-118.625703
191591AP,MINDSPACE RECOVERY,MINDSPACE RECOVERY CENTER LLC,10933 CAMARILLO ST.,,,NORTH HOLLYWOOD,CA,91335,Los Angeles County,19,(747) 257-6501,NON,true,false,true,2027-10-31,false,0,0,1.1,CO-ED,false,false,34.157937,-118.369247
191594AP,SOLACE RECOVERY,SOLACE RECOVERY,20412 ELKWOOD ST,,,WINNETKA,CA,91306,Los Angeles County,19,(310) 272-3100,RES,true,true,true,2028-04-30,false,6,6,1.1,CO-ED,true,false,34.212323,-118.577597
191597AP,LIGHT RECOVERY,LIGHT RECOVERY INC.,16946 SHERMAN WAY,SUITE 200,,VAN NUYS,CA,91406,Los Angeles County,19,(805) 760-5779,NON,false,false,true,2028-03-31,false,0,0,1.1,CO-ED,false,false,34.201068,-118.502969
191598AP,PEAK PATH HEALTH,THE PEAK EXPERIENCE LLC,2457 SOLAR DR,,2462 SOLAR DR & 2635 ASTRAL DRIVE,"LOS ANGELES,",CA,90046,Los Angeles County,19,(213) 583-2882,RES,true,true,true,2028-01-31,false,18,18,1.1,CO-ED,true,false,34.11571,-118.354407
191601AN,SEA WELLNESS CENTER,"SOLEDAD ENRICHMENT ACTION, INC.",4876 GLEASON ST.,,,EAST LOS ANGELES,CA,90022,Los Angeles County,19,(213) 480-4200,NON,true,false,true,2028-04-30,false,0,0,1.1,CO-ED,false,false,34.036055,-118.161183
191602AP,1ST STEP RECOVERY CORP,1ST STEP RECOVERY CORP,7848 GENESTA AVE,,,LAKE BALBOA,CA,91406,Los Angeles County,19,(818) 842-1727,RES,true,true,false,2028-04-30,false,6,6,1.1,CO-ED,true,false,34.213445,-118.504008
191603AP,FORTIFY WELLNESS,FORTIFY WELLNESS,17045 CHATSWORTH ST.,,,GRANADA HILLS,CA,91344,Los Angeles County,19,(435) 899-8129,NON,false,false,true,2028-01-31,false,0,0,1.1,CO-ED,false,false,34.264808,-118.504009
191604AP,ORYX RECOVERY LLC,ORYX RECOVERY LLC,7750 LOUISE AVE,,7752 LOUISE AVE,VAN NUYS,CA,91406,Los Angeles County,19,(747) 222-8808,RES,true,true,false,2028-05-31,false,12,12,1.1,CO-ED,true,false,34.21171,-118.509834
191605AP,PROSPECT DETOX CENTER,PROSPECT DETOX CENTER,6424 DENSMORE AVENUE,,6426 DENSMORE AVENUE,VAN NUYS,CA,91406,Los Angeles County,19,(818) 568-9219,RES,true,true,false,2028-02-29,false,6,6,1.1,CO-ED,true,false,34.187393,-118.4774
191606AP,NEW PATH RECOVERY CENTER INC,NEW PATH RECOVERY CENTER INC,17823 HATTON ST.,,,RESEDA,CA,91335,Los Angeles County,19,(747) 260-0001,RES,true,true,false,2028-03-31,false,6,6,1.1,CO-ED,true,false,34.209997,-118.521396
191607AP,NEXTPHASE RECOVERY CENTER INC,NEXTPHASE RECOVERY CENTER INC,15002 OTSEGO STREET,,,SHERMAN OAKS,CA,91403,Los Angeles County,19,(818) 398-1661,RES,true,true,false,2028-01-31,false,6,6,1.1,CO-ED,true,false,34.163014,-118.459757
191608AP,WISH 360 PLUS,WISH 360 PLUS LLC,9846 WHITE OAK AVE,SUITE 101,,NORTHRIDGE,CA,91325,Los Angeles County,19,(747) 333-5879,NON,true,false,true,2028-01-31,false,0,0,1.1,CO-ED,false,false,34.249839,-118.51986
191609AP,THE ULTIMATE WELLNESS PROGRAM,THE ULTIMATE WELLNESS PROGRAM,10940 WILSHIRE BLVD,SUITE 1600,,LOS ANGELES,CA,90024,Los Angeles County,19,(424) 289-0299,NON,false,false,true,2028-01-31,false,0,0,1.1,CO-ED,false,false,34.058389,-118.445255
191610AP,BLUE SPRINGS WELLNESS,BLUE SPRINGS WELLNESS INC.,9221 CORBIN AVE.,SUITE 150,,NORTHRIDGE,CA,91324,Los Angeles County,19,(818) 924-2777,NON,false,false,true,2027-12-31,false,0,0,1.1,CO-ED,false,false,34.237857,-118.562349
191611AP,PATHWAY TO HEALING INC.,PATHWAY TO HEALING INC.,21122 VANOWEN ST.,,,CANOGA PARK,CA,91303,Los Angeles County,19,(818) 434-4148,NON,false,false,true,2027-12-31,false,0,0,1.1,CO-ED,false,false,34.193708,-118.593622
191612AP,"DETECTION & TREATMENT RESOURCES, LLC","DETECTION & TREATMENT RESOURCES, LLC",13177 RAMONA BLVD,SUITE C,,IRWINDALE,CA,91706,Los Angeles County,19,(800) 244-1996,NON,false,false,true,2028-02-29,false,0,0,1.1,CO-ED,false,false,34.080525,-117.98604
191612BP,"DETECTION & TREATMENT RESOURCES, LLC","DETECTION & TREATMENT RESOURCES, LLC",301 NORTH PRAIRIE AVE,SUITE 210,,INGLEWOOD,CA,90301,Los Angeles County,19,(562) 733-7186,NON,false,false,true,2028-07-31,false,0,0,1.1,CO-ED,false,false,33.965725,-118.343978
191612CP,"DETECTION & TREATMENT RESOURCES, LLC","DETECTION & TREATMENT RESOURCES, LLC",15650 DEVONSHIRE STREET,SUITE 314,,GRANDA HILLS,CA,91344,Los Angeles County,19,(562) 733-7186,NON,false,false,true,2028-07-31,false,0,0,1.1,CO-ED,false,false,34.257246,-118.473613
191613AP,ZOR REVIVAL CENTER INC,ZOR REVIVAL CENTER INC,20251 VENTURA BOULEVARD,SUITE B,,WOODLAND HILLS,CA,91364,Los Angeles County,19,(530) 864-7160,NON,true,false,true,2027-12-31,false,0,0,1.1,CO-ED,false,false,34.169624,-118.574658
191614AP,SHANTI RECOVERY & WELLNESS,SHANTI RECOVERY & WELLNESS,212 YACHT CLUB WAY,,,REDONDO BEACH,CA,90277,Los Angeles County,19,(310) 620-2002,NON,false,false,true,2028-04-30,false,0,0,1.1,CO-ED,false,false,33.851828,-118.397281
191615AP,RENEW PATH RECOVERY,RENEW PATH RECOVERY,6300 CANOGA AVENUE,SUITE 1320,,WOODLAND HILLS,CA,91367,Los Angeles County,19,(310) 926-6318,NON,true,false,true,2028-03-31,false,0,0,1.1,CO-ED,false,false,34.185121,-118.597357
191616AN,HOMEBOY INDUSTRIES TREATMENT SERVICES (HITS),HOMEBOY INDUSTRIES,1231 NO. SPRING STREET,,,LOS ANGELES,CA,90012,Los Angeles County,19,(323) 526-1254,NON,false,false,true,2028-05-31,false,0,0,1.1,CO-ED,false,false,34.064292,-118.23542
191617AN,ALCOTT PATHWAYS TO WELLNESS,ALCOTT CENTER FOR MENTAL HEALTH SERVICES,10559 JEFFERSON BL.,"SUITE A, B, D, E",,CULVER CITY,CA,90232,Los Angeles County,19,(310) 785-2121,NON,false,false,true,2028-01-31,false,0,0,1.1,CO-ED,false,false,34.006512,-118.392395
191618AP,TO LOVE ONE ANOTHER LLC,TO LOVE ONE ANOTHER LLC,520 E CARSON PLAZA COURT,SUITE 102,,CARSON,CA,90746,Los Angeles County,19,(562) 726-0415,NON,false,false,true,2027-12-31,false,0,0,1.1,CO-ED,false,false,33.8461,-118.265563
191619AP,LOS ANGELES IOP CENTER INC,LOS ANGELES IOP CENTER INC,3003 N SAN FERNANDO BLVD,,,BURBANK,CA,91504,Los Angeles County,19,(747) 374-6471,NON,false,false,true,2028-04-30,false,0,0,1.1,CO-ED,false,false,34.200986,-118.342718
191623AP,SERENITY TREATMENT CENTER,SERENITY TREATMENT CENTER INC.,13063 BEAVER ST.,,,SYLMAR,CA,91342,Los Angeles County,19,(818) 324-0402,RES,true,true,false,2028-03-31,false,6,6,1.1,CO-ED,true,false,34.323698,-118.417038
191624AP,TRINITY WARRIOR,TRINITY WARRIOR,9131 WHITE OAK AVE,,,NORTHRIDGE,CA,91325,Los Angeles County,19,(747) 745-1835,RES,true,true,false,2028-04-30,false,6,6,1.1,CO-ED,true,false,34.236903,-118.52007
191625AP,THRIVEWELL SANCTUARY,THRIVEWELL SANCTUARY,16023 BRYANT ST,,,NORTH HILLS,CA,91343,Los Angeles County,19,(415) 531-7783,RES,true,true,false,2028-04-30,false,6,6,1.1,CO-ED,true,false,34.227481,-118.48155
191626AP,DREAM RECOVERY CENTER,DREAM RECOVERY CENTER,9849 CANEDO AVE,,,NORTHRIDGE,CA,91324,Los Angeles County,19,(747) 267-8637,RES,true,true,false,2028-03-31,false,6,6,1.1,CO-ED,true,false,34.249606,-118.548413
191627AP,NOVO RECOVERY CENTER LLC,NOVO RECOVERY CENTER LLC,12112 WOODLEY,,,GRANADA HILLS,CA,91344,Los Angeles County,19,(818) 599-4963,RES,true,true,false,2028-03-31,false,6,6,1.1,CO-ED,true,false,34.289777,-118.487652
191628BP,DOME RECOVERY OUTPATIENT SERVICES,THE DOME SCV LLC,23550 LYONS AVENUE,,,NEWHALL,CA,91321,Los Angeles County,19,(818) 642-9778,NON,false,false,true,2028-06-30,false,0,0,1.1,CO-ED,false,false,34.379403,-118.545816
191629AP,PATHWAY TO RECOVERY,"TURNING POINT CENTER FOR RECOVERY SERVICES, INC.",4350 11TH AVE,,,LOS ANGELES,CA,90008,Los Angeles County,19,,NON,true,false,true,2028-06-30,false,0,0,1.1,CO-ED,false,false,34.004858,-118.32934
191630AP,ESCAPE ADDICTIONS,ESCAPE ADDICTIONS LLC,6550 ENCINO AVE.,,,VAN NUYS,CA,91406,Los Angeles County,19,(818) 928-8774,RES,true,true,false,2028-04-30,false,6,6,1.1,CO-ED,true,false,34.190047,-118.514179
191632AP,FRESH RECOVERY,FRESH RECOVERY,38848 ELDER CREEK CT.,,,PALMDALE,CA,93551,Los Angeles County,19,(661) 234-4257,RES,true,true,false,2028-03-31,false,6,6,1.1,CO-ED,true,false,34.588557,-118.177814
191633AP,HILLS RECOVERY,HILLS RECOVERY,5720 DELCO AVE,,,WOODLAND HILLS,CA,91367,Los Angeles County,19,(747) 777-7477,RES,true,true,false,2028-07-31,false,6,6,1.1,CO-ED,true,false,34.174715,-118.578922
191635AP,HELP IS HERE TREATMENT CENTER,HELP IS HERE TREATMENT CENTER,10067 VENA AVE,,,ARLETA,CA,91331,Los Angeles County,19,(747) 777-7477,RES,true,true,false,2028-03-31,false,8,8,1.1,CO-ED,true,false,34.2533,-118.433621
191636AP,LIVING LIFE RECOVERY,LIVING LIFE RECOVERY,3057 N NAOMI ST,,,BURBANK,CA,91504,Los Angeles County,19,(940) 900-0009,RES,true,true,false,2028-04-30,false,6,6,1.1,CO-ED,true,false,34.20811,-118.339404
191638AP,CALIFORNIA TREATMENT CENTER,CALIFORNIA TREATMENT CENTER INC,13631 VAN NUYS BLVD,,,PACOIMA,CA,91331,Los Angeles County,19,(747) 274-1112,RES,true,true,false,2028-04-30,false,45,45,1.1,CO-ED,true,false,34.260522,-118.429782
191641AP,"DAYLIGHT SERENITY CARE, INC","DAYLIGHT SERENITY CARE, INC",9722 GLADBECK AVENUE,,,NORTHRIDGE,CA,91324,Los Angeles County,19,(819) 909-9000,RES,true,true,false,2028-07-31,false,6,6,1.1,CO-ED,true,false,34.246879,-118.539668
191642AP,LUMORA RECOVERY,LUMORA RECOVERY,6130 WILBUR AVE.,,6132 WILBUR AVE.,TARZANA,CA,91335,Los Angeles County,19,(213) 447-4747,RES,true,true,false,2028-06-30,false,6,6,1.1,CO-ED,true,false,34.181227,-118.54473
191643AP,GOLDEN STATE REHAB LLC,GOLDEN STATE REHAB LLC,1964 WESTWOOD BLVD,#425,,LOS ANGELES,CA,90025,Los Angeles County,19,(404) 207-7485,NON,true,false,true,2028-04-30,false,0,0,1.1,CO-ED,false,false,34.047178,-118.434572
191645AP,DREAM HOUSE TREATMENT CENTER,DREAM HOUSE TREATMENT CENTER,16005 PARTHENIA ST,,,NORTHRIDGE,CA,91343,Los Angeles County,19,(818) 736-7602,RES,true,true,true,2028-07-31,false,6,6,1.1,CO-ED,true,false,34.228392,-118.480889
191646AP,PHOENIX RECOVERY HOME,PHOENIX RECOVERY HOME,17435 CHASE STREET,,,NORTHRIDGE,CA,91325,Los Angeles County,19,,RES,true,true,false,2028-06-30,false,6,6,1.1,CO-ED,true,false,34.22352,-118.513658
191647AP,DART TO WELLNESS,DART TO WELLNESS,7035 CALHOUN AVE.,,,VAN NUYS,CA,91405,Los Angeles County,19,(818) 395-7137,RES,true,true,false,2028-05-31,false,6,6,1.1,CO-ED,true,false,34.198616,-118.442196
191653AP,CLEAR SKY RECOVERY,CLEAR SKY RECOVERY,15720 VENTURA BLVD.,SUITE 600,,ENCINO,CA,91436,Los Angeles County,19,(323) 760-2939,NON,false,false,true,2028-04-30,false,0,0,1.1,CO-ED,false,false,34.155255,-118.475602
191654AP,GLO BEHAVIORAL HEALTH,GLO BEHAVIORAL HEALTH LLC,5155 CLARETON DRIVE,SUITE 100 & 101,,AGOURA HILLS,CA,91301,Los Angeles County,19,,NON,false,false,true,2028-03-31,false,0,0,1.1,CO-ED,false,false,34.14732,-118.753894
191655AP,MAXIMUS RECOVERY CENTER,MAXIMUS RECOVERY CENTER,17437 CHASE STREET,,,NORTHRIDGE,CA,91325,Los Angeles County,19,,RES,true,true,false,2028-07-31,false,6,6,1.1,CO-ED,true,false,34.223549,-118.513805
191661AP,REIGN RECOVERY LA,REIGN RECOVERY INC.,1289 S. SYCAMORE AVENUE,,,LOS ANGELES,CA,90019,Los Angeles County,19,(323) 356-3668,RES,true,true,false,2028-05-31,false,6,6,1.1,CO-ED,true,false,34.050119,-118.347283
191662AP,STORY IOP LLC,STORY IOP LLC,31111 AGOURA RD.,SUITE 260,,WESTLAKE VILLAGE,CA,91361,Los Angeles County,19,(818) 304-4582,NON,false,false,true,2028-04-30,false,0,0,,,false,false,34.145198,-118.798591
191663AP,SHIFT SUPPORT NETWORK,VANGUARD LABS LLC,28310 ROADSIDE DR,SUITE 218,,AGOURA HILLS,CA,91301,Los Angeles County,19,(805) 815-6777,NON,true,false,true,2028-04-30,false,0,0,1.1,CO-ED,false,false,34.14274,-118.743296
191666AP,SUMMIT INTENSIVE OUTPATIENT PROGRAM,SUMMIT INTENSIVE OUTPATIENT PROGRAM,21115 VANOWEN STREET,SUITE 110,,CANOGA PARK,CA,91303,Los Angeles County,19,(888) 885-6648,NON,false,false,true,2028-04-30,false,0,0,1.1,CO-ED,false,false,34.193788,-118.593155
191667AP,RAVEN'S NEST RECOVERY AND DETOX,RAVEN'S NEST RECOVERY AND DETOX,8419 YOLANDA AVE,,,NORTHRIDGE,CA,91324,Los Angeles County,19,(818) 804-8397,RES,true,true,true,2028-07-31,false,6,6,1.1,CO-ED,true,false,34.223325,-118.540486
191669AP,REST AND RISE RECOVERY,REST AND RISE RECOVERY,19138 HARTLAND ST.,,,RESEDA,CA,91335,Los Angeles County,19,(818) 359-6959,RES,true,true,false,2028-07-31,false,6,6,,,true,false,34.194669,-118.550685
191670AP,STEADY PATH IOP,STEADY PATH IOP,237 N CENTRAL AVE,SUITE AB,,GLENDALE,CA,91201,Los Angeles County,19,(272) 200-0002,NON,false,false,true,2028-07-31,false,0,0,1.1,CO-ED,false,false,34.149358,-118.25795
191673AP,NEW SPIRIT DETOX CENTER LLC,NEW SPIRIT DETOX CENTER LLC,17514 RAYMER STREET,,,SHERWOOD FOREST,CA,91325,Los Angeles County,19,(424) 317-9319,RES,true,true,false,2028-05-31,false,6,6,1.1,CO-ED,true,false,34.226056,-118.516261
191674AP,R&R WELLNESS INSTITUTE,R&R WELLNESS INSTITUTE,14523 RYAN STREET,,,SYLMAR,CA,91342,Los Angeles County,19,,RES,true,true,false,2028-06-30,false,6,6,1.1,CO-ED,true,false,34.315894,-118.448605
191675AP,R&R WELLNESS CENTER,R&R WELLNESS CENTER,14525 RYAN STREET,,,SYLMAR,CA,91342,Los Angeles County,19,,RES,true,true,false,2028-06-30,false,4,4,1.1,CO-ED,true,false,34.315703,-118.448873
191688AP,HOLLYWOOD ACCEPTANCE LLC,HOLLYWOOD ACCEPTANCE LLC,725 N. STANLEY AVENUE,,,HOLLYWOOD,CA,90046,Los Angeles County,19,,RES,true,true,false,2028-07-31,false,6,6,1.1,CO-ED,true,false,34.084584,-118.356393
191693AP,REST & RESTORE LIVING REHAB CENTER INC,REST & RESTORE LIVING REHAB CENTER INC,11574 YARMOUTH AVE,,,GRANADA HILLS,CA,91344,Los Angeles County,19,(747) 338-8666,RES,true,true,false,2028-06-30,false,6,6,1.1,CO-ED,true,false,34.281502,-118.521227
191701AP,BEST CHOICE OUTPATIENT CENTER INC,BEST CHOICE OUTPATIENT CENTER INC,1522 W GLENOAKS BLVD,UNIT A,,GLENDALE,CA,91201,Los Angeles County,19,(818) 530-0333,NON,true,false,true,2028-07-31,false,0,0,1.1,CO-ED,false,false,34.168813,-118.286719
191704AP,OAK WELLNESS & RECOVERY,OAK WELLNESS & RECOVERY,9747 HAINESS CANYON AVE,,,TUJUNGA,CA,91402,Los Angeles County,19,(818) 645-5430,RES,true,true,false,2028-07-31,false,6,6,1.1,CO-ED,true,false,34.245129,-118.279681
200004AN,BHS 7TH STREET SUD,COUNTY OF MADERA,209 E. 7TH STREET,,,MADERA,CA,93638,Madera County,20,(559) 395-0451,NON,false,false,true,2026-12-31,false,0,0,1.1,CO-ED,false,false,36.960636,-120.056103
200004BN,CHOWCHILLA RECOVERY CENTER,COUNTY OF MADERA,215 S. 4TH STREET,,,CHOWCHILLA,CA,93610,Madera County,20,(559) 665-2947,NON,false,false,true,2026-12-31,false,0,0,1.1,CO-ED,false,false,37.120464,-120.260598
200004CN,"CHILDREN, YOUTH & FAMILY RECOVERY CENTER",COUNTY OF MADERA,117 N. R. STREET,SUITE 101,,MADERA,CA,93637,Madera County,20,(559) 395-0451,NON,false,false,true,2026-12-31,false,0,0,1.5,YOUTH/ADOLESCENT,false,false,36.95343,-120.073789
200004DN,OAKHURST COUNSELING CENTER SUD,COUNTY OF MADERA,49774 ROAD 426,SUITE. D,,OAKHURST,CA,93638,Madera County,20,(559) 683-4809,NON,false,false,true,2026-12-31,false,0,0,1.1,CO-ED,false,false,37.325517,-119.639955
200007AN,CENTRAL VALLEY MENTAL HEALTH INC,CENTRAL VALLEY MENTAL HEALTH INC,15728 ROAD 29 1/2,,,MADERA,CA,93636,Madera County,20,(408) 318-7637,RES,true,true,true,2027-06-30,false,10,10,1.11,MEN/YOUTH,true,false,36.978628,-120.010586
210001AP,CENTER FOR FAMILIES- MARIN,"MONROE OPERATIONS, LLC",1104 LINCOLN AVENUE,,,SAN RAFAEL,CA,94901,Marin County,21,(949) 605-8750,NON,false,false,true,2028-08-31,false,0,0,1.7,FAMILIES,false,false,37.97364,-122.523557
210002BN,CENTER POINT - THE MANOR,"CENTER POINT, INC.",603 D STREET,,,SAN RAFAEL,CA,94901,Marin County,21,(415) 454-9444,RES,true,true,true,2027-08-31,false,40,40,1.2,MEN ONLY,true,false,37.970305,-122.532518
210002FN,THE VILLAGE,"CENTER POINT, INC.",1477 LINCOLN AVENUE,,"1478, 1479, 1480, 1481, 1482, & 1483 LINCOLN AVE",SAN RAFAEL,CA,94901,Marin County,21,(415) 454-9444,RES,true,true,true,2027-08-31,false,22,44,1.4,WOMEN/CHILDREN,true,false,37.980642,-122.522606
210002GN,CENTER POINT OUTPATIENT SERVICES,"CENTER POINT, INC.",1601 SECOND STREET,"SUITE 104, 105, 106, 107 AND SUITE 108",,SAN RAFAEL,CA,94901,Marin County,21,(415) 456-6655,NON,false,false,true,2027-08-31,false,0,0,1.1,CO-ED,false,false,37.972249,-122.536297
210003BN,RITTER CENTER SAFETY NET OUTPATIENT,RITTER CENTER,800 A STREET,,,SAN RAFAEL,CA,94901,Marin County,21,(415) 457-8182,NON,false,false,true,2027-10-31,false,0,0,1.1,CO-ED,false,false,37.971356,-122.528471
210011AP,SERENITY KNOLLS,"SERENITY KNOLLS, INC.",145 TAMAL ROAD,,6944 SIR FRANCIS DRAKE BLVD AND 60 ARROYO ROAD,FOREST KNOLLS,CA,94933,Marin County,21,(415) 488-0400,RES,true,true,true,2028-04-30,false,42,44,1.1,CO-ED,true,false,38.018671,-122.69202
210017DN,THE HELEN VINE RECOVERY CENTER,BUCKELEW PROGRAMS,291 SMITH RANCH ROAD,,,SAN RAFAEL,CA,94903,Marin County,21,(415) 492-0818,RES,true,true,false,2027-03-31,false,30,30,1.1,CO-ED,false,false,38.022366,-122.524081
210017EN,RISING RECOVERY CENTER,BUCKELEW PROGRAMS,30 JOSEPH COURT,,,SAN RAFAEL,CA,94903,Marin County,21,(415) 457-6964,RES,true,true,false,2028-06-30,false,15,15,1.1,CO-ED,true,false,38.011119,-122.540284
210030AP,BAYSIDE MARIN II,"BAYSIDE MARIN, INC.",134 BAYVIEW DRIVE,,"157, 168, 180, 189, 190, 191 BAYVIEW DRIVE, 47 TWEED TERRACE AND 140 MAIN",SAN RAFAEL,CA,94901,Marin County,21,(415) 721-2000,RES,true,true,true,2027-07-31,false,54,54,1.1,CO-ED,true,false,37.978673,-122.47905
210030GP,BAYSIDE MARIN OUTPATIENT PROGRAM,"BAYSIDE MARIN, INC.",718 4TH STREET,,,SAN RAFAEL,CA,94901,Marin County,21,(415) 721-2000,NON,false,false,true,2027-10-31,false,0,0,1.8,DUAL DIAGNOSIS,false,false,37.972606,-122.523322
210033AN,MARIN OUTPATIENT AND RECOVERY SERVICES,MARIN SERVICES FOR MEN,710 C STREET,SUITE 7A & 8,,SAN RAFAEL,CA,94901,Marin County,21,(415) 485-6736,NON,false,false,true,2028-01-31,false,0,0,1.2,MEN ONLY,false,false,37.970825,-122.531106
210038AP,REFLECTIONS,"LIVING AT REFLECTIONS, LLC",1191 SIMMONS LANE,,,NOVATO,CA,94945,Marin County,21,(415) 895-6146,RES,true,true,false,2028-01-31,false,6,6,1.1,CO-ED,true,false,38.120445,-122.585647
210038EP,LIVING AT REFLECTIONS,"LIVING AT REFLECTIONS, LLC",741 MCCLAY RD,,,NOVATO,CA,94947,Marin County,21,(415) 706-8906,RES,true,true,false,2028-02-29,false,6,6,1.1,CO-ED,true,false,38.104558,-122.590778
210040AP,ALTA MIRA RECOVERY PROGRAMS,"ALTA MIRA RECOVERY CENTERS, LLC",125 BULKLEY AVENUE,,"135 BULKLEY AVENUE, 25 SANTA ROSA AVENUE, 110 AND 126 HARRISON AVENUE",SAUSALITO,CA,94965,Marin County,21,(415) 332-1350,RES,true,true,false,2027-02-28,false,30,30,1.1,CO-ED,true,false,37.855879,-122.481116
210042AN,MARIN TREATMENT CENTER,MARIN TREATMENT CENTER,1466 LINCOLN AVENUE,,,SAN RAFAEL,CA,94901,Marin County,21,(415) 457-3755,NON,false,false,true,2028-06-30,false,0,0,1.1,CO-ED,false,false,37.980027,-122.522096
210049AP,"AVERY LANE, LLC","AVERY LANE, LLC",505 SAN MARIN DRIVE,SUITE A300,,NOVATO,CA,94945,Marin County,21,(415) 895-5360,NON,false,false,true,2027-01-31,false,0,0,1.3,WOMEN ONLY,false,false,38.121434,-122.584038
210049BP,AVERY LANE,"AVERY LANE, LLC",685 ATHERTON AVENUE,,687 ATHERTON AVENUE,NOVATO,CA,94945,Marin County,21,(415) 895-5360,RES,true,true,true,2027-09-30,false,9,9,1.3,WOMEN ONLY,true,false,38.117512,-122.547676
210049CP,AVERY LANE,"AVERY LANE, LLC",133 MAESTRO ROAD,,2500 VINEYARD ROAD,NOVATO,CA,94947,Marin County,21,(415) 895-5360,RES,true,true,false,2027-09-30,false,12,12,1.3,WOMEN ONLY,true,false,38.09402,-122.606591
210051AP,HEARTWOOD HOUSE LLC,HEARTWOOD HOUSE LLC,8 CIRCLE ROAD,,,SAN RAFAEL,CA,94903,Marin County,21,(415) 419-8816,RES,true,true,false,2028-06-30,false,6,6,1.1,CO-ED,true,false,37.99219,-122.538814
210051BP,HEARTWOOD HOUSE LLC,HEARTWOOD HOUSE LLC,771 ROWLAND BLVD,,,NOVATO,CA,94947,Marin County,21,(415) 419-8816,RES,true,true,false,2027-02-28,false,6,6,1.1,CO-ED,true,false,38.081544,-122.573949
210052AP,GOLDEN GATE RECOVERY,GOLDEN GATE RECOVERY LLC,505 SAN MARIN DRIVE,SUITE 240B,,NOVATO,CA,94945,Marin County,21,(650) 773-1775,NON,false,false,true,2027-03-31,false,0,0,1.2,MEN ONLY,false,false,38.121434,-122.584038
210053AP,LIVE OAKS WELLNESS,LIVE OAKS WELLNESS LLC,684 WILSON AVE,,,NOVATO,CA,94947,Marin County,21,(415) 949-2243,RES,true,true,false,2027-03-31,false,6,6,1.1,CO-ED,true,false,38.10475,-122.5959
210054AP,HONEYCOMB WELLNESS CENTER,HONEYCOMB WELLNESS CENTER LLC,250 BEL MARIN KEYS BLVD,SUITE F300,,NOVATO,CA,94949,Marin County,21,(415) 480-7497,NON,false,false,true,2027-05-31,false,0,0,1.3,WOMEN ONLY,false,false,38.069658,-122.535293
210055AP,MARIN COUNTY REHAB LLC,MARIN COUNTY REHAB LLC,7 N. KNOLL ROAD,SUITE 3,,MILL VALLEY,CA,94941,Marin County,21,(323) 438-1360,NON,false,false,true,2026-09-30,false,0,0,1.1,CO-ED,false,false,37.902527,-122.510995
210056AP,SAN RAFAEL REHAB LLC,SAN RAFAEL REHAB LLC,25 MITCHELL BLVD,SUITE 2,,SAN RAFAEL,CA,94903,Marin County,21,,NON,false,false,true,2026-09-30,false,0,0,1.1,CO-ED,false,false,38.017124,-122.539333
210057AN,ROAD TO RECOVERY,County of Marin,3270 KERNER BOULEVARD,ROOM A,,SAN RAFAEL,CA,94901,Marin County,21,(415) 473-2555,NON,false,false,true,2028-09-30,false,0,0,1.1,CO-ED,false,false,37.961083,-122.501709
210058AP,FAMILY SPRING,"FAMILY SPRING PSYCHOLOGY, P.C.",2400 LAS GALLINAS AVENUE,SUITE 135,,SAN RAFAEL,CA,94903,Marin County,21,(510) 470-5777,NON,false,false,true,2026-12-31,false,0,0,1.7,FAMILIES,false,false,38.03313,-122.54442
210060AP,TREE OF LIFE REHAB LLC,TREE OF LIFE REHAB LLC,2171 E. FRANCISCO BLVD,SUITE O,,SAN RAFAEL,CA,94901,Marin County,21,(323) 364-5172,NON,false,false,true,2028-07-31,false,0,0,1.1,CO-ED,false,false,37.945326,-122.484293
210061AP,NURA RECOVER,A&T ENTERPRISE LLC,851 IRWIN ST.,SUITE 302,,SAN RAFAEL,CA,94901,Marin County,21,(415) 686-5783,NON,false,false,true,2028-06-30,false,0,0,1.1,CO-ED,false,false,37.97082,-122.521101
220003BN,MARIPOSA BEHAVIORAL HEALTH AND RECOVERY SERVICES,COUNTY OF MARIPOSA,5362 LEMEE LANE,,,MARIPOSA,CA,95338,Mariposa County,22,(209) 966-2000,NON,false,false,true,2028-12-31,false,0,0,1.1,CO-ED,false,false,37.499764,-119.984792
220004AN,TRADE RECOVERY CENTER,NATIVE SOLUTIONS FAMILY GUIDANCE CENTER,3851 HIGHWAY 49 SOUTH,,,MARIPOSA,CA,95338,Mariposa County,22,(209) 291-1889,RES,true,true,true,2027-08-31,false,12,12,1.1,CO-ED,true,false,37.462578,-119.881796
220004BN,TRADE RECOVERY CENTER,NATIVE SOLUTIONS FAMILY GUIDANCE CENTER,5112 BULLION ST.,,,MARIPOSA,CA,95338,Mariposa County,22,(209) 291-1889,NON,false,false,true,2028-01-31,false,0,0,1.1,CO-ED,false,false,37.490075,-119.968758
230004AN,UKIAH RECOVERY CENTER,FORD STREET PROJECT,201 BRUSH STREET,"BUILDINGS 201A, 201B, AND 201C, 201D",,UKIAH,CA,95482,Mendocino County,23,(707) 462-6290,RES,true,true,false,2027-06-30,false,64,64,1.1,CO-ED,false,false,39.159273,-123.203602
230004BN,FORD STREET PROJECT,FORD STREET PROJECT,139 FORD STREET,,,UKIAH,CA,95482,Mendocino County,23,(707) 462-6290,NON,false,false,true,2027-01-31,false,0,0,1.1,CO-ED,false,false,39.156786,-123.206006
230004DN,UKIAH RECOVERY CENTER,FORD STREET PROJECT,201 BRUSH STREET BUILDING,SUITE 201E,,UKIAH,CA,95482,Mendocino County,23,(707) 462-1934,NON,false,false,true,2028-07-31,false,0,0,1.1,CO-ED,false,false,39.159273,-123.203602
230006GN,SUBSTANCE USE DISORDERS TREATMENT,MENDOCINO COUNTY HEALTH AND HUMAN SERVICES AGENCY,790 SOUTH FRANKLIN STREET,SUITE B,,FORT BRAGG,CA,95437,Mendocino County,23,(707) 961-2665,NON,false,false,true,2027-05-31,false,0,0,1.1,CO-ED,false,false,39.430614,-123.804372
230006JN,BEHAVIORAL HEALTH AND RECOVERY SERVICES,MENDOCINO COUNTY HEALTH AND HUMAN SERVICES AGENCY,1120 SOUTH DORA STREET,,,UKIAH,CA,95482,Mendocino County,23,(707) 472-2341,NON,false,false,true,2028-04-30,false,0,0,1.10,CO-ED/YOUTH,false,false,39.136315,-123.209682
230006LN,WILLITS INTEGRATED SERVICES CENTER (WISC),MENDOCINO COUNTY HEALTH AND HUMAN SERVICES AGENCY,125 E. COMMERCIAL STREET,"SUITES 200B, 250 AND 260",,WILLITS,CA,95490,Mendocino County,23,(707) 409-4098,NON,false,false,true,2028-07-31,false,0,0,1.1,CO-ED,false,false,39.41242,-123.352982
230008AP,ANCHOR HEALTH SUDT SERVICES,"ANCHOR HEALTH MANAGEMENT, INC.",350 EAST GOBBI ST,,,UKIAH,CA,95482,Mendocino County,23,(707) 472-0350,NON,false,false,true,2026-12-31,false,0,0,1.1,CO-ED,false,false,39.144254,-123.202116
230009AN,ARBOR OUTPATIENT DRUG FREE CLINIC,"REDWOOD COMMUNITY SERVICES, INC.",140 GIBSON ST,,,UKIAH,CA,95452,Mendocino County,23,(707) 467-2010,NON,false,false,true,2026-12-31,false,0,0,1.1,CO-ED,false,false,39.157808,-123.209674
240001BN,DAVE RIORDAN'S 'HOBIE HOUSE',"COMMUNITY/SOCIAL MODEL ADVOCATES, INC.",1299 YOSEMITE PARKWAY,,"1301 YOSEMITE PARKWAY, 1931 AND 1941 HIGHLAND AVENUE",MERCED,CA,95340,Merced County,24,(209) 722-6335,RES,false,true,true,2028-08-31,false,25,25,1.2,MEN ONLY,false,false,37.295229,-120.459878
240001EN,THE ROSE JULIA RIORDAN TRANQUILITY VILLAGE,"COMMUNITY/SOCIAL MODEL ADVOCATES, INC.",508 MENDOCINO COURT,,"509/519, 527/537, 559, 569, 579 AND 589 MENDOCINO COURT",ATWATER,CA,95301,Merced County,24,(209) 357-5261,RES,false,true,true,2026-11-30,false,42,56,1.4,WOMEN/CHILDREN,false,false,37.350369,-120.591295
240003AN,RECOVERY ASSISTANCE FOR TEENS (R.A.F.T.),MERCED COUNTY DEPARTMENT OF MENTAL HEALTH  ALCOHOL AND DRUG SERVICES,1275 B STREET,SUITE A,,MERCED,CA,95341,Merced County,24,(209) 381-6880,NON,false,false,true,2027-07-31,false,0,0,1.5,YOUTH/ADOLESCENT,false,false,37.291021,-120.471146
240003CN,MERCED COUNTY BEHAVIORAL HEALTH AND RECOVERY SERVICES - THE CENTER,COUNTY OF MERCED,301 EAST 13TH STREET,SUITE A,,MERCED,CA,95341-6211,Merced County,24,(209) 381-6852,NON,false,false,true,2028-04-30,false,0,0,1.1,CO-ED,false,false,37.292845,-120.474066
240003DN,BEHAVIORAL HEALTH AND RECOVERY SERVICES LOS BANOS ALCOHOL AND DRUG SERVICES,MERCED COUNTY DEPARTMENT OF MENTAL HEALTH  ALCOHOL AND DRUG SERVICES,40 WEST G ST,SUITE A-E,,LOS BANOS,CA,93635,Merced County,24,(209) 710-6100,NON,false,false,true,2026-12-31,false,0,0,1.1,CO-ED,false,false,37.06659,-120.854477
240012AN,G.L.O.M. SUBSTANCE ABUSE PROGRAM INC.,G.L.O.M. SUBSTANCE ABUSE PROGRAM INC.,1020 W MAIN ST,,,MERCED,CA,95340,Merced County,24,(925) 334-7186,NON,false,false,true,2026-12-31,false,0,0,1.1,CO-ED,false,false,37.304326,-120.491362
250002AN,MODOC COUNTY BEHAVIORAL HEALTH,COUNTY OF MODOC BEHAVIORAL HEALTH,441 N. MAIN STREET,,,ALTURAS,CA,96101,Modoc County,25,(530) 233-6312,NON,false,false,true,2026-08-31,false,0,0,1.1,CO-ED,false,false,41.487994,-120.542528
260001AN,MONO COUNTY BEHAVIORAL HEALTH,COUNTY OF MONO,1290 TAVERN ROAD,SUITE 276,,MAMMOTH LAKES,CA,93546,Mono County,26,(760) 924-1740,NON,false,false,true,2026-12-31,false,0,0,1.1,CO-ED,false,false,37.644828,-118.963893
270002AN,DOOR TO HOPE,DOOR TO HOPE,165 CLAY STREET,,,SALINAS,CA,93901,Monterey County,27,(831) 422-6226,RES,true,true,true,2028-03-31,false,14,14,1.3,WOMEN ONLY,false,false,36.670098,-121.659175
270002CN,DOOR TO HOPE,DOOR TO HOPE,130 WEST GABILAN STREET,,,SALINAS,CA,93901,Monterey County,27,(831) 758-0181,NON,false,false,true,2027-07-31,false,0,0,1.10,CO-ED/YOUTH,false,false,36.67563,-121.658483
270003AN,"SUN STREET CENTERS, MEN'S RESIDENTIAL",SUN STREET CENTERS,8 SUN STREET,,,SALINAS,CA,93901,Monterey County,27,(831) 753-5145,RES,true,true,true,2027-11-30,false,55,55,1.2,MEN ONLY,false,false,36.680236,-121.64673
270003BN,SUN STREET CENTERS OUTPATIENT PROGRAM,SUN STREET CENTERS,284 CALLE CEBU,,,SALINAS,CA,93901,Monterey County,27,(831) 753-6001,NON,false,false,true,2027-05-31,false,0,0,1.1,CO-ED,false,false,36.680467,-121.647211
270003EN,SUN STREET CENTERS OUTPATIENT RECOVERY SERVICES,SUN STREET CENTERS,1201 ECHO AVENUE,,,SEASIDE,CA,93955,Monterey County,27,(831) 899-6577,NON,false,false,true,2028-05-31,false,0,0,1.1,CO-ED,false,false,36.614036,-121.840652
270003GN,SUN STREET CENTERS KING CITY OUTPATIENT PROGRAM,SUN STREET CENTERS,641 BROADWAY STREET,,,KING CITY,CA,93930,Monterey County,27,(831) 525-8101,NON,false,false,true,2026-11-30,false,0,0,1.1,CO-ED,false,false,36.210233,-121.13096
270003HN,SUN STREET CENTERS,SUN STREET CENTERS,637 BROADWAY STREET,,,KING CITY,CA,93930,Monterey County,27,(831) 525-8181,RES,true,true,true,2027-05-31,false,20,20,1.1,CO-ED,false,false,36.210002,-121.131313
270003IN,SUN STREET CENTERS,SUN STREET CENTERS,3043 MAC ARTHUR DR.,,,MARINA,CA,93933,Monterey County,27,(831) 582-9461,NON,false,false,true,2026-10-31,false,0,0,1.1,CO-ED,false,false,36.671074,-121.778683
270003JN,SUN STREET CENTERS,SUN STREET CENTERS,128 E ALISAL,,,SALINAS,CA,93901,Monterey County,27,(831) 753-5150,NON,false,false,true,2026-10-31,false,0,0,1.1,CO-ED,false,false,36.674268,-121.651141
270003KN,SUN STREET CENTERS,SUN STREET CENTERS,245 WASHINGTON ST,SUITE A & B,,MONTEREY,CA,93940,Monterey County,27,(831) 899-6577,NON,false,false,true,2028-04-30,false,0,0,1.1,CO-ED,false,false,36.60109,-121.89217
270004AN,GENESIS RESIDENTIAL CENTER,COMMUNITY HUMAN SERVICES,1140 SONOMA AVENUE,,"1146, AND 1152 SONOMA AVENUE",SEASIDE,CA,93955,Monterey County,27,(831) 899-2436,RES,true,true,true,2027-11-30,false,36,42,1.9,CO-ED/CHILDREN,false,false,36.606117,-121.841951
270004EN,OUTPATIENT TREATMENT CENTER MONTEREY,COMMUNITY HUMAN SERVICES,2511 GARDEN ROAD,SUITE 165,,MONTEREY,CA,93940,Monterey County,27,(831) 383-7800,NON,false,false,true,2027-04-30,false,0,0,1.1,CO-ED,false,false,36.586136,-121.853251
270004FN,OUTPATIENT TREATMENT CENTER SALINAS,COMMUNITY HUMAN SERVICES,1087 S MAIN STREET,,,SALINAS,CA,93901,Monterey County,27,(831) 237-7222,NON,false,false,true,2027-04-30,false,0,0,1.1,CO-ED,false,false,36.660756,-121.658416
270011DN,VALLEY HEALTH ASSOCIATES,VALLEY HEALTH ASSOCIATES,913 BLANCO CIRCLE,,,SALINAS,CA,93901,Monterey County,27,(831) 424-6655,NON,false,false,true,2026-10-31,false,0,0,1.1,CO-ED,false,false,36.653708,-121.638119
270012AP,HARMONY PLACE MONTEREY,"MONTEREY INSTITUTE LICENSED CLINICAL SOCIAL WORKER, INC.",574 CORTES STREET,,447 FIGUEROA STREET,MONTEREY,CA,93940,Monterey County,27,(831) 747-1727,NON,false,false,true,2026-11-30,false,0,0,1.1,CO-ED,false,false,36.597165,-121.889406
270021AP,NEW START RECOVERY SOLUTIONS,SIERRA HEALTH AND WELLNESS CENTERS LLC,468 PINE AVE,,,PACIFIC GROVE,CA,93950,Monterey County,27,(925) 255-0228,RES,true,true,false,2028-06-30,false,22,22,1.1,CO-ED,true,false,36.617995,-121.915712
270022AP,MONTEREY BAY RECOVERY,"MONTEREY HEALTH SERVICES, LLC",10300 SADDLE ROAD,,,MONTEREY,CA,93940,Monterey County,27,(949) 279-0867,RES,true,true,true,2028-06-30,false,6,6,1.1,CO-ED,true,false,36.551457,-121.797476
270023AP,THE KEY ADDICTION TREATMENT CENTER,"DSME MEDICINE, INC.",270 EL DORADO ST.,,,MONTEREY,CA,93940,Monterey County,27,(831) 484-4191,NON,false,false,true,2027-07-31,false,0,0,1.1,CO-ED,false,false,36.593699,-121.89734
280010AN,ALTERNATIVES FOR BETTER LIVING,ALTERNATIVES FOR BETTER LIVING,68 COOMBS STREET,SUITE C-1,,NAPA,CA,94559,Napa County,28,(707) 226-1248,NON,false,false,true,2027-01-31,false,0,0,1.1,CO-ED,false,false,38.286946,-122.287224
280013BN,ALDEA BEHAVIORAL HEALTH SERVICES,"ALDEA, INC.",2310 FIRST STREET,,,NAPA,CA,94559,Napa County,28,(707) 224-8266,NON,false,false,true,2027-04-30,false,0,0,1.5,YOUTH/ADOLESCENT,false,false,38.298062,-122.298905
280019AP,DUFFY'S MYRTLEDALE,"DUFFY'S NAPA VALLEY REHAB, LLC",3058 MYRTLEDALE ROAD,,3076 & 3088 MYRTLEDALE ROAD,CALISTOGA,CA,94515,Napa County,28,(707) 942-6888,RES,true,true,true,2027-10-31,false,61,61,1.1,CO-ED,true,false,38.594809,-122.598087
280019DP,DUFFY'S OUTPATIENT TREATMENT CENTER,"DUFFY'S NAPA VALLEY REHAB, LLC",1406 FAIR WAY,,,CALISTOGA,CA,94515,Napa County,28,(707) 942-6888,NON,false,false,true,2028-08-31,false,0,0,1.1,CO-ED,false,false,38.58158,-122.580559
280022AN,ARCHWAY RECOVERY SERVICES --NAPA,"ARCHWAY RECOVERY SERVICES, INC.",2100 NAPA VALLEJO HIGHWAY,BUILDING 253 M1/M2,,NAPA,CA,94558,Napa County,28,(707) 399-9190,RES,true,true,false,2028-01-31,false,45,45,1.1,CO-ED,false,false,38.277781,-122.267036
280023AN,NAPA COUNTY ALCOHOL AND DRUG PROGRAMS,"NAPA COUNTY HEALTH AND HUMAN SERVICES, ALCOHOL AND DRUG PROGRAMS",2751 NAPA VALLEY CORPORATE DRIVE,"BUILDING A, SUITES A201, A206, A217",,NAPA,CA,94558,Napa County,28,(707) 253-4063,NON,false,false,true,2026-12-31,false,0,0,1.1,CO-ED,false,false,38.249805,-122.274535
290002AN,GRASS VALLEY SERVICE CENTER,GRANITE WELLNESS CENTERS,180 SIERRA COLLEGE DRIVE,,,GRASS VALLEY,CA,95945-5768,Nevada County,29,(530) 273-9541,NON,false,false,true,2028-06-30,false,0,0,1.1,CO-ED,false,false,39.2323,-121.047592
290002BN,HOPE HOUSE/SERENITY HOUSE,GRANITE WELLNESS CENTERS,159 BRENTWOOD DRIVE,,,GRASS VALLEY,CA,95945-5768,Nevada County,29,(530) 271-1140,RES,true,true,true,2027-01-31,false,48,60,1.9,CO-ED/CHILDREN,true,false,39.232255,-121.048763
290007AN,COMMON GOALS INC,COMMON PURPOSE,256 BUENA VISTA STREET,SUITE 100,,GRASS VALLEY,CA,95945,Nevada County,29,(530) 274-2000,NON,false,false,true,2026-10-31,false,0,0,1.1,CO-ED,false,false,39.214464,-121.062855
290007BN,LOVETT HOUSE RECOVERY CENTER,COMMON PURPOSE,145 BOST AVE,,,NEVADA CITY,CA,95959,Nevada County,29,(530) 274-2000,RES,true,true,false,2027-09-30,false,27,27,1.1,CO-ED,true,false,39.250284,-121.021661
290008AN,BEHAVIORAL HEALTH,COUNTY OF NEVADA,500 CROWN POINT CIRCLE,SUITE 120,,GRASS VALLEY,CA,95945,Nevada County,29,(530) 265-1437,NON,false,false,true,2026-12-31,false,0,0,1.1,CO-ED,false,false,39.220258,-121.031702
290009AP,CROWS NEST RANCH OUTPATIENT LLC,"CROWS NEST RANCH OUTPATIENT, LLC",10775 PIONEER TRAIL,SUITE 214,,TRUCKEE,CA,96461,Nevada County,29,(530) 448-4555,NON,false,false,true,2026-12-31,false,0,0,1.1,CO-ED,false,false,39.335769,-120.180899
300005BN,MARIPOSA WOMEN AND FAMILY CENTER,MARIPOSA WOMEN AND FAMILY CENTER,29222 RANCHO VIEJO ROAD,#123,,SAN JUAN CAPISTRANO,CA,92675,Orange County,30,(949) 429-6888,NON,false,false,true,2027-02-28,false,0,0,1.1,CO-ED,false,false,33.539128,-117.673607
300006MN,BEHAVIORAL HEALTH SERVICES - SUBSTANCE USE DISORDERS- ALISO VIEJO,COUNTY OF ORANGE HEALTH CARE AGENCY,27141 ALISO CREEK ROAD,,,ALISO VIEJO,CA,92656,Orange County,30,(949) 643-6901,NON,false,false,true,2026-12-31,false,0,0,1.1,CO-ED,false,false,33.568346,-117.723299
300006NN,BEHAVIORAL HEALTH SERVICES - SUBSTANCE USE DISORDERS - ANAHEIM,COUNTY OF ORANGE HEALTH CARE AGENCY,222 SOUTH HARBOR BOULEVARD,SUITE 200,,ANAHEIM,CA,92805,Orange County,30,(714) 517-6140,NON,false,false,true,2026-12-31,false,0,0,1.1,CO-ED,false,false,33.83251,-117.918916
300007LN,NEW DIRECTIONS FOR WOMEN,"NEW DIRECTIONS FOR WOMEN, INC.",2603 WILLO LANE,,2607 WILLO LANE AND 334 UNIVERSITY AVENUE,COSTA MESA,CA,92627,Orange County,30,(949) 313-1192,RES,true,true,false,2027-03-31,false,30,36,1.3,WOMEN ONLY,false,false,33.657011,-117.88809
300007NN,NEW DIRECTIONS FOR WOMEN OUTPATIENT PROGRAM,"NEW DIRECTIONS FOR WOMEN, INC.",2280 UNIVERSITY DRIVE,SUITE 104,,NEWPORT BEACH,CA,92660,Orange County,30,(949) 894-4331,NON,false,false,true,2027-05-31,false,0,0,1.3,WOMEN ONLY,false,false,33.653772,-117.883947
300010AP,OC REVIVE,"ORANGE COUNTY REVIVE SERVICES, INC.",23726 BIRTCHER DRIVE,,,LAKE FOREST,CA,92630,Orange County,30,(800) 808-6757,NON,false,false,true,2027-05-31,false,0,0,1.1,CO-ED,false,false,33.633277,-117.716106
300011GP,EXPERIENCE RECOVERY,"EXPERIENCE RECOVERY DETOX & RESIDENTIAL, LLC",3919 W HAZARD AVE,,3921 W HAZARD AVE,SANTA ANA,CA,92703,Orange County,30,(800) 970-3973,RES,true,true,false,2027-03-31,false,12,12,1.1,CO-ED,true,false,33.752551,-117.922224
300012BN,"SOUTH COAST COUNSELING, INC.","SOUTH COAST COUNSELING, INC.",693 PLUMER STREET,,,COSTA MESA,CA,92627-2720,Orange County,30,(949) 642-0180,RES,true,true,false,2028-04-30,false,15,15,1.1,CO-ED,true,false,33.642454,-117.927293
300015AN,ROQUE CENTER,"ROQUE CENTER, INC.",10936 DALE AVENUE,,,STANTON,CA,90680,Orange County,30,(714) 952-4032,RES,true,true,true,2028-07-31,false,24,24,1.1,CO-ED,false,false,33.804706,-117.984457
300017AAP,CORNERSTONE OF SOUTHERN CALIFORNIA OUTPATIENT,"RECOVERY HOMES OF AMERICA, INC.",1950 EAST 17TH STREET,SUITE 150,,SANTA ANA,CA,92705,Orange County,30,(714) 547-5375,NON,false,false,true,2028-05-31,false,0,0,1.1,CO-ED,false,false,33.759824,-117.839366
300017ZP,CORNERSTONE OF SOUTHERN CALIFORNIA,"RECOVERY HOMES OF AMERICA, INC.",427 SOUTH YORBA STREET,,,ORANGE,CA,92869,Orange County,30,(714) 547-5375,RES,false,true,true,2028-02-29,false,6,6,1.1,CO-ED,true,false,33.782041,-117.827035
300024AP,LAGUNA VIEW DETOX,"LAGUNA VIEW CENTER, LLC",31305 CEANOTHUS DR,,,LAGUNA BEACH,CA,92651,Orange County,30,(866) 819-7187,RES,true,true,true,2028-01-31,false,6,6,1.1,CO-ED,true,false,33.508288,-117.747049
300027AP,SOBER FIRST RECOVERY LLC,SOBER FIRST RECOVERY LLC,3309 CLAY STREET,,,NEWPORT BEACH,CA,92663-4729,Orange County,30,(949) 574-2510,RES,true,true,false,2028-03-31,false,6,7,1.1,CO-ED,true,false,33.629009,-117.924645
300027CP,SOBER FIRST RECOVERY LLC,SOBER FIRST RECOVERY LLC,434 OLD NEWPORT BLVD,,,NEWPORT BEACH,CA,92663-4211,Orange County,30,(949) 294-9974,NON,false,false,true,2028-07-31,false,0,0,1.1,CO-ED,false,false,33.6267,-117.926384
300028AP,"OPUS HEALTH, LLC","OPUS HEALTH, LLC",925 VICTORIA STREET,,2738 LORENZO AVENUE,COSTA MESA,CA,92627-4063,Orange County,30,(949) 285-2101,RES,true,true,true,2028-03-31,false,12,12,1.1,CO-ED,true,false,33.652348,-117.937566
300028CP,OPUS HEALTH,"OPUS HEALTH, LLC",1242 FOOTHILL BOULEVARD,,,SANTA ANA,CA,92705,Orange County,30,(949) 423-7869,RES,true,true,true,2028-05-31,false,6,6,1.1,CO-ED,true,false,33.764658,-117.792187
300033AN,"PHOENIX HOUSE ORANGE COUNTY, INC.","PHOENIX HOUSE ORANGE COUNTY, INC.",1207 EAST FRUIT STREET,"BUILDINGS A, E, F & I",,SANTA ANA,CA,92701,Orange County,30,(714) 953-9373,RES,true,true,true,2028-08-31,false,94,94,1.1,CO-ED,true,false,33.752409,-117.853508
300033DN,OUTPATIENT PROGRAM,"PHOENIX HOUSE ORANGE COUNTY, INC.",1207 EAST FRUIT STREET,BUILDING B,,SANTA ANA,CA,92701,Orange County,30,(714) 953-9373,NON,false,false,true,2028-07-31,false,0,0,1.1,CO-ED,false,false,33.752409,-117.853508
300033EN,PHOENIX HOUSE OUTPATIENT CENTER,"PHOENIX HOUSE ORANGE COUNTY, INC.",1901 E. 4TH STREET,UNIT 350,,SANTA ANA,CA,92705,Orange County,30,(949) 396-4566,NON,false,false,true,2028-06-30,false,0,0,1.10,CO-ED/YOUTH,false,false,33.748242,-117.84018
300034AN,HOPE HOUSE,HOPE HOUSE CORPORATION,710 N ANAHEIM BLVD.,,714 N ANAHEIM BOULEVARD,ANAHEIM,CA,92805,Orange County,30,(714) 776-7490,RES,false,true,true,2027-11-30,false,40,40,1.2,MEN ONLY,false,false,33.842443,-117.916154
300040AN,GERRY HOUSE,"STRAIGHT TALK CLINIC, INCORPORATED",1225 WEST 6TH STREET,,1227 WEST 6TH STREET,SANTA ANA,CA,92703,Orange County,30,(714) 972-1402,RES,false,true,true,2027-09-30,false,12,12,1.1,CO-ED,false,false,33.749709,-117.883832
300042AN,WOODGLEN RECOVERY JUNCTION,WOODGLEN RECOVERY JUNCTION INCORPORATED,751 WEST ORANGETHORPE AVENUE,,771 WEST ORANGETHORPE AVENUE,FULLERTON,CA,92832,Orange County,30,(714) 879-0929,RES,true,true,true,2027-10-31,false,30,30,1.1,CO-ED,false,false,33.859568,-117.939091
300043EP,ASANA RECOVERY,ASANA RECOVERY,18101 MAGNOLIA STREET,,,FOUNTAIN VALLEY,CA,92708,Orange County,30,(949) 438-4504,NON,false,false,true,2028-06-30,false,0,0,1.1,CO-ED,false,false,33.699846,-117.971747
300045LP,"RESURGENCE CALIFORNIA, LLC","RESURGENCE CALIFORNIA, LLC",3151 AIRWAY AVENUE,SUITE K203,,COSTA MESA,CA,92626,Orange County,30,(855) 458-0050,NON,false,false,true,2026-11-30,false,0,0,1.1,CO-ED,false,false,33.678199,-117.872941
300059AP,LAGUNA SHORES BEHAVIORAL HEALTH LLC,LAGUNA SHORES BEHAVIORAL HEALTH LLC,24662 EL CAMINO CAPISTRANO,,,DANA POINT,CA,92629,Orange County,30,(949) 312-2070,RES,true,true,false,2028-09-30,false,6,6,1.1,CO-ED,true,false,33.463437,-117.699252
300061BP,LEAD RECOVERY CENTER,"LEAD RECOVERY TRANSITIONAL LIVING CENTER, LLC",192 SOUTH CRAIG DRIVE,,,ORANGE,CA,92869,Orange County,30,(714) 421-3113,RES,true,true,false,2028-06-30,false,6,6,1.1,CO-ED,true,false,33.786018,-117.822235
300065CP,BREAKAWAY HEALTH CORPORATION,BREAKAWAY HEALTH CORPORATION,3151 AIRWAY AVE,SUITE D-1/D-2,,COSTA MESA,CA,92626,Orange County,30,(714) 957-8229,NON,false,false,true,2028-09-30,false,0,0,1.1,CO-ED,false,false,33.678199,-117.872941
300067AP,THE RECOVERY CENTER,"NANCY CLARK AND ASSOCIATES, INC.",1110 VICTORIA STREET,,,COSTA MESA,CA,92627,Orange County,30,(949) 646-2340,RES,false,true,false,2027-02-28,false,38,41,1.1,CO-ED,false,false,33.652333,-117.945489
300072AP,"BEACHVIEW TREATMENT, LLC","BEACHVIEW TREATMENT, LLC",8161 DEAUVILLE DRIVE,,,HUNTINGTON BEACH,CA,92646,Orange County,30,(714) 232-0649,RES,true,true,false,2026-08-31,false,6,6,1.1,CO-ED,true,false,33.685624,-117.985393
300072CP,"BEACHVIEW TREATMENT, LLC","BEACHVIEW TREATMENT, LLC",19126 MAGNOLIA STREET,SUITE 201,,HUNTINGTON BEACH,CA,92648-4519,Orange County,30,(714) 232-0649,NON,true,false,true,2027-12-31,false,0,0,1.1,CO-ED,false,false,33.685289,-117.971343
300074BP,COVENANT HILLS TREATMENT CENTERS,"PACIFIC HILLS TREATMENT CENTERS, INC.",217 AVENIDA MONTEREY,,219 AVENIDA MONTEREY,SAN CLEMENTE,CA,92672,Orange County,30,(949) 369-2915,RES,true,true,false,2027-08-31,false,28,28,1.1,CO-ED,true,false,33.423518,-117.61233
300074CP,COVENANT HILLS - A PACIFIC HILLS TREATMENT CENTER,"PACIFIC HILLS TREATMENT CENTERS, INC.",34248 VIA SANTA ROSA,"APARTMENTS A, B, AND C",,CAPISTRANO BEACH,CA,92624,Orange County,30,(949) 489-8121,RES,false,true,false,2026-11-30,false,14,14,1.3,WOMEN ONLY,true,false,33.46518,-117.673935
300074DP,COVENANT HILLS TREATMENT CENTERS,"PACIFIC HILLS TREATMENT CENTERS, INC.",27184 ORTEGA HIGHWAY,SUITE 206,,SAN JUAN CAPISTRANO,CA,92675,Orange County,30,(949) 248-5335,NON,false,false,true,2027-10-31,false,0,0,1.1,CO-ED,false,false,33.503313,-117.655516
300078AP,T.R.U.S.T. SOCAL,"JDS CONSULTING, INC.",1651 E 4TH STREET,SUITE 120,,SANTA ANA,CA,92701,Orange County,30,(657) 231-6200,NON,false,false,true,2028-08-31,false,0,0,1.1,CO-ED,false,false,33.748146,-117.845401
300088MP,"SPENCER RECOVERY CENTERS, INC.","SPENCER RECOVERY CENTERS, INC.",1316 S. COAST HWY,,,LAGUNA BEACH,CA,92651,Orange County,30,(800) 281-8132,RES,true,true,true,2026-12-31,false,28,28,1.1,CO-ED,true,false,33.532289,-117.775564
300088NP,"SPENCER RECOVERY CENTERS, INC.","SPENCER RECOVERY CENTERS, INC.",665 CAMINO DEL LOS MARES,SUITE 105,,SAN CLEMENTE,CA,92673,Orange County,30,(800) 334-0394,NON,false,false,true,2026-10-31,false,0,0,1.1,CO-ED,false,false,33.457336,-117.648292
300101AP,HB TREATMENT CENTER,HB TREATMENT CENTER,6272 FARINELLA DRIVE,,,HUNTINGTON BEACH,CA,92647,Orange County,30,(714) 317-7054,RES,true,true,false,2026-09-30,false,6,6,1.1,CO-ED,true,false,33.718689,-118.019238
300105IP,"CHAPMAN HOUSE, INC.","CHAPMAN HOUSE, INC.",14511 CARFAX DRIVE,,14512 CARFAX DRIVE,TUSTIN,CA,92780,Orange County,30,(714) 665-8206,RES,true,true,true,2027-10-31,false,44,44,1.1,CO-ED,true,false,33.730213,-117.825101
300105JP,"CHAPMAN HOUSE, INC.","CHAPMAN HOUSE, INC.",1412 E. CHAPMAN AVENUE,,,ORANGE,CA,92866,Orange County,30,(714) 288-6104,NON,false,false,true,2028-01-31,false,0,0,1.1,CO-ED,false,false,33.787809,-117.838758
300106CP,CLARVIDA,COLLEGE COMMUNITY SERVICES,2001 E. 4TH STREET,SUITE 116,,SANTA ANA,CA,92705,Orange County,30,(714) 824-8150,NON,false,false,true,2027-05-31,false,0,0,1.1,CO-ED,false,false,33.748253,-117.838539
300106EN,CLARVIDA,COLLEGE COMMUNITY SERVICES,13950 MILTON AVENUE,SUITE 306,,WESTMINSTER,CA,92683,Orange County,30,(714) 793-1290,NON,false,false,true,2028-05-31,false,0,0,1.1,CO-ED,false,false,33.759861,-118.019783
300115AP,ANAHEIM COMPREHENSIVE TREATMENT CENTER,"CALIFORNIA TREATMENT SERVICES, LLC",1420 N STATE BOULEVARD,,,ANAHEIM,CA,92806,Orange County,30,(714) 542-3581,NON,true,false,true,2027-03-31,false,0,0,1.1,CO-ED,false,false,33.77328,-117.682656
300118BP,"ABLE TO CHANGE RECOVERY, INC.","ABLE TO CHANGE RECOVERY, INC.",31501 RANCHO VIEJO ROAD,SUITE 101 AND 103,,SAN JUAN CAPISTRANO,CA,92675,Orange County,30,(949) 493-6800,NON,false,false,true,2027-01-31,false,0,0,1.1,CO-ED,false,false,33.505202,-117.656149
300120BN,NEW BEGINNING FELLOWSHIP CENTER,THE NEW BEGINNING FELLOWSHIP CENTER,16581 BROOKHURST STREET,,,FOUNTAIN VALLEY,CA,92708,Orange County,30,(714) 839-2515,NON,false,false,true,2027-03-31,false,0,0,1.1,CO-ED,false,false,33.722407,-117.954669
300121AN,"YELLOWSTONE, WROC","YELLOWSTONE WOMEN'S FIRST STEP HOUSE, INC.",3132 BOSTON WAY,,,COSTA MESA,CA,92626,Orange County,30,(888) 418-4188,RES,false,true,false,2027-03-31,false,13,15,1.2,MEN ONLY,false,false,33.686079,-117.907045
300121BN,YELLOWSTONE (WOMEN'S RECOVERY OF CALIFORNIA),"YELLOWSTONE WOMEN'S FIRST STEP HOUSE, INC.",154 EAST BAY STREET,,160 EAST BAY STREET,COSTA MESA,CA,92627-2147,Orange County,30,(888) 418-4188,RES,true,true,true,2027-05-31,false,12,14,1.1,CO-ED,false,false,33.646212,-117.910469
300121FN,THE YELLOWSTONE BRIDGE,"YELLOWSTONE WOMEN'S FIRST STEP HOUSE, INC.",2028 FULLERTON AVENUE,"UNIT A, B & C",,COSTA MESA,CA,92627,Orange County,30,(888) 418-4188,RES,true,true,false,2027-08-31,false,16,20,1.1,CO-ED,false,false,33.645828,-117.911121
300121KN,THE CENTER,"YELLOWSTONE WOMEN'S FIRST STEP HOUSE, INC.",4001 WESTERLY PLACE,SUITE 110,,NEWPORT BEACH,CA,92660,Orange County,30,(888) 418-4188,NON,false,false,true,2027-06-30,false,0,0,1.1,CO-ED,false,false,33.66351,-117.868317
300128AP,TWIN TOWN TREATMENT CENTERS - LOS ALAMITOS,TWIN TOWN CORPORATION,4281 KATELLA AVENUE,SUITE 117,,LOS ALAMITOS,CA,90720,Orange County,30,(562) 569-0050,NON,false,false,true,2027-02-28,false,0,0,1.1,CO-ED,false,false,33.803172,-118.058342
300128CP,"TWIN TOWN TREATMENT CENTERS, ORANGE",TWIN TOWN CORPORATION,705 WEST LA VETA AVENUE,SUITE 208,,ORANGE,CA,92868,Orange County,30,(562) 596-0050,NON,false,false,true,2027-06-30,false,0,0,1.1,CO-ED,false,false,33.780643,-117.859867
300128DP,"TWIN TOWN TREATMENT CENTERS, LAGUNA HILLS",TWIN TOWN CORPORATION,24953 PASEO DE VALENCIA,SUITE B5,,LAGUNA HILLS,CA,92653,Orange County,30,(949) 540-0170,NON,false,false,true,2027-06-30,false,0,0,1.1,CO-ED,false,false,33.600408,-117.701962
300134AP,VITA NOVA AT NEWPORT BAY,"AME HEALTHCARE GROUP, LLC",2301 IRVINE AVENUE,,,NEWPORT BEACH,CA,92660,Orange County,30,(949) 791-8319,RES,true,true,true,2027-02-28,false,6,6,1.1,CO-ED,true,false,33.647985,-117.892468
300134BP,VITA NOVA AT NEWPORT BAY,"AME HEALTHCARE GROUP, LLC",8252 DANCY CIRCLE,,,HUNTINGTON BEACH,CA,92626,Orange County,30,(949) 943-5280,RES,true,true,false,2027-03-31,false,6,6,1.1,CO-ED,true,false,33.696502,-117.984332
300143EP,"SOLUTIONS FOR RECOVERY, INC.","SOLUTIONS FOR RECOVERY, INC.",31931 PASEO TERRAZA,,,SAN JUAN CAPISTRANO,CA,92675,Orange County,30,(888) 530-3512,RES,true,true,false,2026-09-30,false,12,14,1.1,CO-ED,true,false,33.499161,-117.67178
300144AP,SOLUTIONS BY THE SEA,OCEAN RECOVERY LLC,1601 WEST BALBOA BOULEVARD,,,NEWPORT BEACH,CA,92663,Orange County,30,(949) 723-2388,RES,true,true,false,2026-12-31,false,14,14,1.1,CO-ED,true,false,33.607183,-117.922291
300144BP,OCEAN RECOVERY 1115,OCEAN RECOVERY LLC,1115 WEST BALBOA BOULEVARD,,,NEWPORT BEACH,CA,92661,Orange County,30,(949) 675-3764,RES,true,true,false,2026-12-31,false,22,22,1.1,CO-ED,false,false,33.60583,-117.915397
300144FP,"OCEAN RECOVERY, LLC",OCEAN RECOVERY LLC,1901 NEWPORT BOULEVARD,SUITE 210,,"COSTA MESA,",CA,92627,Orange County,30,(949) 524-1039,NON,false,false,true,2028-07-31,false,0,0,1.1,CO-ED,false,false,33.643621,-117.91645
300149AP,"HOPE BY THE SEA, INC.","HOPE BY THE SEA, INC.",28371 VIA ANZAR,,"27931 ORTEGA HIGHWAY, 28330 PASEO MICHELLE, 27675 HIDDEN TRAILS ROAD, LAGUN",SAN JUAN CAPISTRANO,CA,92675,Orange County,30,(949) 218-2690,RES,true,true,false,2027-08-31,false,24,24,1.1,CO-ED,true,false,33.51351,-117.635648
300149BP,"HOPE BY THE SEA, INC.","HOPE BY THE SEA, INC.",33171 PASEO CERVEZA,,,SAN JUAN CAPISTRANO,CA,92675,Orange County,30,(949) 218-2690,NON,false,false,true,2027-05-31,false,0,0,1.1,CO-ED,false,false,33.480814,-117.672515
300154RP,THE HARBOR,"SAFE HARBOR TREATMENT CENTER FOR WOMEN, INC.",23482 DORIELLE COURT,,,LAGUNA NIGUEL,CA,92677,Orange County,30,(949) 645-1026,RES,true,true,true,2027-06-30,false,6,6,1.1,CO-ED,true,false,33.541959,-117.719817
300154SP,SAFE HARBOR TREATMENT CENTER,"SAFE HARBOR TREATMENT CENTER FOR WOMEN, INC.",24631 CATALONIA CIRCLE,,,MISSION VIEJO,CA,92677,Orange County,30,(714) 914-5388,RES,true,true,true,2027-06-30,false,6,6,1.1,CO-ED,true,false,33.605223,-117.663391
300161AP,SILVER LINING RECOVERY,BRIGHTSIDE BEHAVIORAL HEALTH LLC,16168 BEACH BOULEVARD,SUITE 100,,HUNTINGTON BEACH,CA,92647,Orange County,30,(949) 307-9212,NON,false,false,true,2026-12-31,false,0,0,1.1,CO-ED,false,false,33.728279,-117.989121
300162AP,"WEL-MOR PSYCHOLOGY GROUP, INC.","WEL-MOR PSYCHOLOGY GROUP, INC.",4019 WESTERLY PLACE,SUITE 102,,NEWPORT BEACH,Ca,92660,Orange County,30,(714) 884-4347,NON,false,false,true,2028-10-31,false,0,0,1.1,CO-ED,false,false,33.663609,-117.868218
300162EP,"WEL-MOR PSYCHOLOGY GROUP, INC.","WEL-MOR PSYCHOLOGY GROUP, INC.",415 NORTH STATE COLLEGE BOULEVARD,,,ANAHEIM,CA,92806,Orange County,30,(714) 540-9070,NON,false,false,true,2028-06-30,false,0,0,1.1,CO-ED,false,false,33.84465,-117.889297
300173DP,CAPO BY THE SEA,"CAPO BY THE SEA, INC.",647 CAMINO DE LOS MARES,SUITE 201,,SAN CLEMENTE,CA,92673,Orange County,30,(949) 244-8747,NON,false,false,true,2028-06-30,false,0,0,1.1,CO-ED,false,false,33.458019,-117.650137
300173EP,CAPO BY THE SEA,"CAPO BY THE SEA, INC.",26682 AVENIDA LAS PALMAS,,"27271 CORTE MANTECITO, SAN JUAN CAPISTRANO, CA 92675",CAPISTRANO BEACH,CA,92624,Orange County,30,(844) 505-4471,RES,true,true,true,2028-05-31,false,12,12,1.1,CO-ED,true,false,33.459404,-117.664383
300188GP,ANAHEIM LIGHTHOUSE,"HEALTHCARE SERVICES, INC.",1243 W. PEARL STREET,,"1243 1/2, 1253, 1300, 1310, 1320, 1330, 1340 W. PEARL STREET",ANAHEIM,CA,92801,Orange County,30,(714) 780-1174,RES,true,true,true,2028-07-31,false,111,111,1.1,CO-ED,true,false,33.834512,-117.931008
300208KP,"OCEAN HILLS RECOVERY, LLC","OCEAN HILLS RECOVERY, LLC",33701 BIG SUR ST.,,"33402 PALO ALTO ST., 34062 STREET OF THE AMBER LANTERN, 33242 CHRISTINA DR., & 34469 CAMINO EL MOLINO 92677",DANA POINT,CA,92629,Orange County,30,(949) 429-6067,RES,true,true,true,2028-07-31,false,30,30,1.1,CO-ED,true,false,33.473206,-117.689012
300225BN,VERA'S SANCTUARY,"THE TEEN PROJECT, INC.",20301 FLANAGAN RD.,,"20331, 20342, 20371 FLANAGAN RD.",TRABUCO CANYON,CA,92679,Orange County,30,(949) 283-1260,RES,true,true,false,2027-05-31,false,24,32,1.4,WOMEN/CHILDREN,false,false,33.667533,-117.584316
300225EN,"THE TEEN PROJECT, INC.","THE TEEN PROJECT, INC.",30252 TOMAS,SUITE 100,,RANCHO SANTA MARGARITA,CA,92688,Orange County,30,(949) 283-1260,NON,false,false,true,2028-03-31,false,0,0,1.1,CO-ED,false,false,33.636218,-117.603281
300233AP,NEWPORT ACADEMY,"MONROE OPERATIONS, LLC",811 N. RANCH WOOD TRAIL,,,ORANGE,CA,92869,Orange County,30,(714) 393-3523,DSS,true,false,true,2027-11-30,false,0,0,1.5,YOUTH/ADOLESCENT,false,false,33.801926,-117.776688
300233BP,NEWPORT ACADEMY,"MONROE OPERATIONS, LLC",1655 N. HUNTERS WAY,,,ORANGE,CA,92869,Orange County,30,(714) 393-3523,DSS,true,false,true,2027-11-30,false,0,0,1.5,YOUTH/ADOLESCENT,false,false,33.815867,-117.772958
300233DP,NEWPORT ACADEMY INTENSIVE OUTPATIENT & DAY TREATMENT PROGRAM,"MONROE OPERATIONS, LLC",3189 PULLMAN STREET,,,COSTA MESA,CA,92626,Orange County,30,(877) 845-8918,NON,false,false,true,2028-03-31,false,0,0,1.1,CO-ED,false,false,33.685431,-117.870777
300233GP,NEWPORT ACADEMY,"MONROE OPERATIONS, LLC",20115 HILLSIDE DRIVE,,,ORANGE,CA,92869,Orange County,30,(949) 222-0366,DSS,false,false,true,2026-11-30,false,0,0,1.5,YOUTH/ADOLESCENT,false,false,33.808467,-117.78088
300233HP,NEWPORT ACADEMY,"MONROE OPERATIONS, LLC",760 N. RODEO CIRCLE,,,ORANGE,CA,92869,Orange County,30,(949) 222-0366,DSS,false,false,true,2026-11-30,false,0,0,1.5,YOUTH/ADOLESCENT,false,false,33.800618,-117.781434
300233IP,NEWPORT ACADEMY,"MONROE OPERATIONS, LLC",20371 ACRE PLACE,,,ORANGE,CA,92869,Orange County,30,(714) 222-8970,DSS,false,false,true,2026-09-30,false,0,0,1.5,YOUTH/ADOLESCENT,false,false,33.80874,-117.775875
300233JP,NEWPORT ACADEMY,"MONROE OPERATIONS, LLC",7141 E. TANGLEWOOD TRAIL,,,ORANGE,CA,92869,Orange County,30,(714) 822-4696,DSS,true,false,true,2027-05-31,false,0,0,1.10,CO-ED/YOUTH,false,false,33.800756,-117.777648
300233LP,NEWPORT ACADEMY,"MONROE OPERATIONS, LLC",20085 ROGERS DRIVE,,,ORANGE,CA,92869,Orange County,30,(949) 345-6401,DSS,false,false,true,2028-05-31,false,0,0,1.5,YOUTH/ADOLESCENT,false,false,33.803932,-117.781082
300233NP,NEWPORT ACADEMY,"MONROE OPERATIONS, LLC",20202 HILLSIDE DRIVE,,,ORANGE,CA,92869,Orange County,30,(949) 400-9246,DSS,false,false,true,2028-05-31,false,0,0,1.5,YOUTH/ADOLESCENT,false,false,33.80692,-117.779951
300233PP,NEWPORT ACADEMY,"MONROE OPERATIONS, LLC",10811 S MORADA DRIVE,,,ORANGE,CA,92869,Orange County,30,(855) 400-9246,DSS,true,false,true,2027-12-31,false,0,0,1.8,DUAL DIAGNOSIS,false,false,33.805337,-117.784949
300233QP,NEWPORT ACADEMY,"MONROE OPERATIONS, LLC",7004 E SUNDANCE CIRCLE,,,ORANGE,CA,92869,Orange County,30,(855) 400-9246,DSS,true,false,true,2027-12-31,false,0,0,1.8,DUAL DIAGNOSIS,false,false,33.798839,-117.778938
300239BP,CHAPTERS CAPISTRANO,"CHAPTERS CAPISTRANO, LLC",222 AVENIDA LA CUESTA,,"1525 BUENA VISTA UNITS, A, B AND C",SAN CLEMENTE,CA,92672,Orange County,30,(949) 218-7090,RES,true,true,true,2026-09-30,false,6,6,1.1,CO-ED,true,false,33.433816,-117.613242
300242AP,449 RECOVERY,"FOUR FORTY-NINE, INC.",26010 ACERO,SUITE 100,,MISSION VIEJO,CA,92691,Orange County,30,(855) 444-4490,NON,false,false,true,2028-06-30,false,0,0,1.1,CO-ED,false,false,33.617717,-117.677067
300244CP,"PACE RECOVERY CENTER, LLC","PACE RECOVERY CENTER, LLC",20051 SW BIRCH STREET,,,NEWPORT BEACH,CA,92660,Orange County,30,(800) 526-1851,NON,false,false,true,2027-02-28,false,0,0,1.2,MEN ONLY,false,false,33.660096,-117.874419
300244EP,"PACE RECOVERY CENTER, LLC","PACE RECOVERY CENTER, LLC",526 16TH STREET,,"528 16TH STREET, 209 22ND STREET, AND 414 11TH STREET",HUNTINGTON BEACH,CA,92648,Orange County,30,(714) 369-2387,RES,true,true,true,2028-01-31,false,24,24,1.2,MEN ONLY,true,false,33.66832,-118.007333
300249AP,NEW START DETOX,"LIBERTY HOUSING SERVICES, INC.",906 DORMAN STREET,,,SANTA ANA,CA,92701,Orange County,30,(714) 492-4937,RES,true,true,false,2026-12-31,false,6,6,1.1,CO-ED,true,false,33.758481,-117.857545
300249EP,BLUE COAST BEHAVIORAL HEALTH,"LIBERTY HOUSING SERVICES, INC.",4029 WESTERLY PLACE,SUITE 101,,NEWPORT BEACH,CA,92660,Orange County,30,(714) 492-4937,NON,false,false,true,2027-05-31,false,0,0,1.1,CO-ED,false,false,33.664034,-117.867793
300252EP,"GET REAL RECOVERY, INC.","GET REAL RECOVERY, INC.",23412 MOULTON PARKWAY,"SUITE 200, 240 & 241",,LAGUNA HILLS,CA,92653,Orange County,30,(951) 834-8809,NON,false,false,true,2028-07-31,false,0,0,1.1,CO-ED,false,false,33.622363,-117.731084
300253CP,TREE HOUSE RECOVERY,"ARROWOOD CAPITAL, INC.",1640 SUPERIOR AVE,,,COSTA MESA,CA,92627,Orange County,30,(855) 202-2138,NON,false,false,true,2027-06-30,false,0,0,1.2,MEN ONLY,false,false,33.634187,-117.925478
300257BP,DREAM RECOVERY,DREAM RECOVERY LLC,3188 AIRWAY AVE,BLDG J,,COSTA MESA,CA,92626,Orange County,30,(714) 617-4983,NON,false,false,true,2027-09-30,false,0,0,1.1,CO-ED,false,false,33.683259,-117.868633
300262AP,THE RUNWAY,ARTEMIS HILL RECOVERY INC.,1245 W CHESTNUT AVENUE,,1245 1/2 W CHESTNUT AVENUE AND 810 & 810 1/2 S ROSS STREET,SANTA ANA,CA,92703,Orange County,30,(562) 338-5444,RES,true,true,true,2027-10-31,false,12,12,1.1,CO-ED,true,false,33.742705,-117.884758
300264AP,"FRAMEWORK RECOVERY, INC.","FRAMEWORK RECOVERY, INC.",15061 SPRINGDALE STREET,SUITE 112,,HUNTINGTON BEACH,CA,92649,Orange County,30,(619) 445-9505,NON,false,false,true,2027-07-31,false,0,0,1.2,MEN ONLY,false,false,33.743817,-118.024431
300267DP,SURF CITY RECOVERY,SURF CITY RECOVERY,6002 DOYLE DRIVE,,,HUNTINGTON BEACH,CA,92647,Orange County,30,(714) 841-3863,RES,true,true,true,2026-11-30,false,6,6,1.1,CO-ED,true,false,33.718685,-118.02373
300267EP,SURF CITY RECOVERY,SURF CITY RECOVERY,18090 BEACH BLVD.,SUITE #5,,HUNTINGTON BEACH,CA,92648,Orange County,30,(949) 209-7765,NON,true,false,true,2028-07-31,false,0,0,,,false,false,33.699719,-117.988981
300268BP,CASA RECOVERY,"CASA RECOVERY, INC.",31877 DEL OBISPO STREET,SUITE 104,,SAN JUAN CAPISTRANO,CA,92675,Orange County,30,(888) 928-2272,NON,false,false,true,2027-05-31,false,0,0,1.1,CO-ED,false,false,33.498142,-117.66125
300269BP,COSTA MESA DETOX,DIVINE BLISS,1219 PARNELL PLACE,,,COSTA MESA,CA,92626,Orange County,30,(714) 884-3614,RES,true,true,true,2027-09-30,false,6,6,1.1,CO-ED,true,false,33.683378,-117.908716
300269CP,COSTA MESA DETOX,DIVINE BLISS,17974 LOS PESOS CIR,,,FOUNTAIN VALLEY,CA,92708,Orange County,30,(714) 881-8931,RES,true,true,true,2028-05-31,false,6,6,1.1,CO-ED,true,false,33.702183,-117.93963
300270AP,"HOTEL CALIFORNIA BY THE SEA, LLC","HOTEL CALIFORNIA BY THE SEA, LLC",4504 SEASHORE DRIVE,,,NEWPORT BEACH,CA,92663,Orange County,30,(949) 203-5654,RES,false,true,true,2028-01-31,false,6,6,1.1,CO-ED,false,false,33.620555,-117.939617
300270GP,HOTEL CALIFORNIA BY THE SEA,"HOTEL CALIFORNIA BY THE SEA, LLC",19371 WORCHESTER LANE,,,HUNTINGTON BEACH,CA,92646,Orange County,30,(657) 329-1202,RES,false,true,false,2027-05-31,false,6,6,1.1,CO-ED,false,false,33.68101,-117.986591
300270IP,HOTEL CALIFORNIA BY THE SEA,"HOTEL CALIFORNIA BY THE SEA, LLC",19671 DITMAR LANE,,,HUNTINGTON BEACH,CA,92646,Orange County,30,(657) 339-3013,RES,true,true,false,2027-05-31,false,6,6,1.1,CO-ED,true,false,33.67701,-117.981457
300270JP,HOTEL CALIFORNIA BY THE SEA,"HOTEL CALIFORNIA BY THE SEA, LLC",18801 FLAGSTAFF LANE,,,HUNTINGTON BEACH,CA,92646,Orange County,30,(657) 329-0392,RES,true,true,false,2027-08-31,false,6,6,1.1,CO-ED,true,false,33.689676,-117.981836
300270KP,HOTEL CALIFORNIA BY THE SEA HUNTINGTON BEACH,"HOTEL CALIFORNIA BY THE SEA, LLC",19240 BEACH BOULEVARD,,,HUNTINGTON BEACH,CA,92648,Orange County,30,(949) 242-0321,NON,false,false,true,2027-06-30,false,0,0,1.1,CO-ED,false,false,33.682483,-117.988568
300279BP,DMS OPTIONS,"DMS SERVICES, INC.",601 S. HARBOR BLVD,,,ANAHEIM,CA,92805,Orange County,30,(714) 908-0028,NON,false,false,true,2028-01-31,false,0,0,1.1,CO-ED,false,false,33.827449,-117.917435
300280FP,GRATITUDE LODGE LLC,GRATITUDE LODGE LLC,20132 REDLANDS DR,,,NEWPORT BEACH,CA,92660,Orange County,30,(704) 408-1660,RES,true,true,false,2027-04-30,false,6,6,1.1,CO-ED,true,false,33.663771,-117.882123
300280GP,GRATITUDE LODGE LLC,GRATITUDE LODGE LLC,1661 ORCHARD DR.,,,NEWPORT BEACH,CA,92660,Orange County,30,(704) 408-1660,RES,true,true,false,2027-05-31,false,6,6,1.1,CO-ED,true,false,33.662169,-117.88252
300283AP,"THE ALAMO LIVINGOOD CENTER, INC","THE ALAMO LIVINGOOD CENTER, INC",3151 AIRWAY AVENUE,SUITE J-2,,COSTA MESA,CA,92626,Orange County,30,(949) 355-3961,NON,false,false,true,2028-03-31,false,0,0,1.1,CO-ED,false,false,33.678199,-117.872941
300285AP,NEW LEAF DETOX AND TREATMENT,NEW LEAF DETOX AND TREATMENT,33 MALLORCA,,61 AND 63 MALLORCA,LAGUNA NIGUEL,CA,92677,Orange County,30,(312) 315-3315,RES,true,true,false,2028-03-31,false,18,18,1.1,CO-ED,false,false,33.509191,-117.686747
300290BP,SOCAL DETOX LLC,SOCAL DETOX LLC,31957 VIRGINIA WAY,,31959 VIRGINIA WAY,LAGUNA BEACH,CA,92651,Orange County,30,(949) 218-8783,RES,true,true,true,2027-06-30,false,12,12,1.1,CO-ED,true,false,33.49883,-117.739875
300291AN,SPENCER RECOVERY CENTERS,COAST TO COAST CHARITABLE CORPORATION,1337 GAVIOTA DRIVE,,,LAGUNA BEACH,CA,92651,Orange County,30,(949) 376-3705,RES,true,true,true,2026-08-31,false,6,6,1.1,CO-ED,false,false,33.531925,-117.775791
300297BP,AKUA MIND & BODY,"AKUA BEHAVIORAL HEALTH, INC.",20271 SW BIRCH STREET,SUITE 202,,NEWPORT BEACH,CA,92660,Orange County,30,(949) 777-2283,NON,false,false,true,2027-03-31,false,0,0,1.1,CO-ED,false,false,33.657393,-117.877125
300297CP,AKUA MIND & BODY,"AKUA BEHAVIORAL HEALTH, INC.",369 RALCAM PLACE,,,COSTA MESA,CA,92627,Orange County,30,(949) 777-2283,RES,true,true,true,2027-10-31,false,6,6,1.1,CO-ED,false,false,33.651629,-117.914998
300302AP,"GRANT ME THE COURAGE RECOVERY, LLC","GRANT ME THE COURAGE RECOVERY, LLC",3350 E. BIRCH STREET,SUITE 101,,BREA,CA,92821,Orange County,30,(714) 296-0084,NON,false,false,true,2027-02-28,false,0,0,1.1,CO-ED,false,false,33.918321,-117.849094
300305DP,SOBER PARTNERS WATERFRONT RECOVERY CENTER,PARTNERS PROJECT INC.,1001 W 17TH ST,SUITE A,,COSTA MESA,CA,92627,Orange County,30,(855) 977-2786,NON,false,false,true,2026-12-31,false,0,0,1.1,CO-ED,false,false,33.636019,-117.94106
300305EP,SOBER PARTNERS REEF HOUSE,PARTNERS PROJECT INC.,231 ALABAMA ST,,"233, 235 ALABAMA ST",HUNTINGTON BEACH,CA,92648,Orange County,30,(714) 536-1377,RES,true,true,false,2027-01-31,false,18,18,1.1,CO-ED,true,false,33.659594,-117.99658
300311BP,MONARCH SHORES,SUNSHINE BEHAVIORAL HEALTH LLC,35072 CAMINO CAPISTRANO,,34575 CAMINO CAPISTRANO,DANA POINT,CA,92629,Orange County,30,(949) 750-2014,RES,true,true,false,2027-05-31,false,12,12,1.1,CO-ED,true,false,33.453454,-117.661862
300313MP,SOUTH COAST BEHAVIORAL HEALTH,SOUTH COAST BEHAVIORAL HEALTH,3129 PIERCE AVE,,3125 PIERCE AVE,COSTA MESA,CA,92660,Orange County,30,(888) 507-2649,RES,true,true,false,2027-01-31,false,12,12,1.1,CO-ED,true,false,33.685978,-117.902587
300315CP,BEACHSIDE RECOVERY LLC,BEACHSIDE RECOVERY LLC,10231 BRIER LANE,,,NORTH TUSTIN,CA,92705-1518,Orange County,30,(888) 387-5576,RES,true,true,false,2027-10-31,false,10,10,1.13,CO-ED/CHILD/DUAL,true,false,33.776367,-117.775885
300324AP,SOUTH SHORES RECOVERY,"SOUTH SHORES DETOX, LLC",27568 VISTA DE DONS,,,DANA POINT,CA,92624,Orange County,30,(949) 218-2347,RES,true,true,false,2027-08-31,false,7,7,1.1,CO-ED,true,false,33.448222,-117.649971
300324DP,SOUTH SHORES RECOVERY,"SOUTH SHORES DETOX, LLC",25602 EASTWIND DRIVE,,,DANA POINT,CA,92629,Orange County,30,(818) 370-6128,RES,true,true,false,2028-09-30,false,7,7,1.1,CO-ED,true,false,33.475721,-117.683441
300324EP,SOUTH SHORES DETOX,"SOUTH SHORES DETOX, LLC",27091 CAMINO DE ESTRELLA,,,CAPISTRANO BEACH,CA,92624,Orange County,30,(818) 370-6128,RES,true,true,false,2027-12-31,false,6,6,1.1,CO-ED,false,false,33.457472,-117.657342
300326GP,CASA CAPRI RECOVERY,CASA CAPRI LLC,3822 CAMPUS DRIVE,SUITE 350,,NEWPORT BEACH,CA,92660,Orange County,30,(949) 216-5112,NON,false,false,true,2026-12-31,false,0,0,1.1,CO-ED,false,false,33.664092,-117.873172
300326HP,CASA CAPRI RECOVERY,CASA CAPRI LLC,671 GOVERNOR STREET,,"675, 679 AND 687 GOVERNOR STREET",COSTA MESA,CA,92627,Orange County,30,(949) 284-9126,RES,true,true,true,2027-05-30,false,24,24,1.1,CO-ED,true,false,33.653186,-117.926402
300328DP,TRES VISTAS RECOVERY,"PAIN RECOVERY MANAGEMENT GROUP, INC",32301 CAMINO CAPISTRANO,SUITE K & L,,SAN JUAN CAPISTRANO,CA,92675,Orange County,30,(844) 664-6682,NON,false,false,true,2027-11-30,false,0,0,1.1,CO-ED,false,false,33.493605,-117.662727
300329AP,SOLMAR RETREAT,"HOAG NEUROBEHAVIORAL HEALTH, LLC",1 HOAG DRIVE,,,NEWPORT BEACH,CA,92663-4162,Orange County,30,(949) 764-5656,RES,true,true,true,2027-07-31,false,21,21,1.1,CO-ED,true,false,33.623628,-117.930391
300331AP,COMPASS RECOVERY,"COMPASS RECOVERY, INC.",3151 AIRWAY AVENUE,F105-B,,COSTA MESA,CA,92626,Orange County,30,(855) 204-7053,NON,false,false,true,2027-07-31,false,0,0,1.1,CO-ED,false,false,33.678199,-117.872941
300331CP,COMPASS RECOVERY,"COMPASS RECOVERY, INC.",9431 ALDERBURY STREET,,9432 ALDERBURY STREET,CYPRESS,CA,90630,Orange County,30,(949) 370-6018,RES,true,true,false,2027-11-30,false,12,12,1.1,CO-ED,true,false,33.825329,-118.050695
300342FP,A BETTER LIFE RECOVERY,"A BETTER LIFE RECOVERY, LLC",27171 CALLE JUANITA,,,DANA POINT,CA,92624,Orange County,30,(949) 313-4709,RES,true,true,true,2027-01-31,false,6,6,1.1,CO-ED,true,false,33.463001,-117.655786
300342HP,A MISSION FOR MICHAEL,"A BETTER LIFE RECOVERY, LLC",30310 RANCHO VIEJO ROAD,,,SAN JUAN CAPISTRANO,CA,92675,Orange County,30,(949) 313-7444,NON,false,false,true,2028-08-31,false,0,0,1.1,CO-ED,false,false,33.521695,-117.665158
300342IP,A BETTER LIFE RECOVERY,"A BETTER LIFE RECOVERY, LLC",30300 RANCHO VIEJO ROAD,,,SAN JUAN CAPISTRANO,CA,92675,Orange County,30,(949) 313-7444,NON,false,false,true,2027-09-30,false,0,0,1.1,CO-ED,false,false,33.522056,-117.665461
300349CP,"FRESH START OF CALIFORNIA, LLC","FRESH START OF CALIFORNIA, LLC",503 N DAISY AVE,,507 N DAISY AVE,SANTA ANA,CA,92703,Orange County,30,(714) 558-2600,RES,true,true,false,2027-06-30,false,12,12,1.1,CO-ED,true,false,33.74891,-117.894928
300349DP,"FRESH START OF CALIFORNIA, LLC","FRESH START OF CALIFORNIA, LLC",10744 W LEHNHARDT AVENUE,,,FOUNTAIN VALLEY,CA,92708,Orange County,30,(714) 558-2600,RES,true,true,false,2028-01-31,false,6,6,1.1,CO-ED,true,false,33.732935,-117.941764
300359AP,CAPO CANYON RECOVERY,"CAPO CANYON RECOVERY, LLC",26991 EL CIERVO LANE,,,MISSION VIEJO,CA,92691,Orange County,30,(800) 804-8714,RES,true,true,false,2026-10-31,false,6,6,1.1,CO-ED,true,false,33.581551,-117.659857
300365AP,CALIFORNIA PRIME RECOVERY,CALIFORNIA PRIME RECOVERY SERVICES INC,17330 NEWHOPE STREET,"SUITE A, B, C AND D",,FOUNTAIN VALLEY,CA,92708,Orange County,30,(714) 434-8030,NON,false,false,true,2026-12-31,false,0,0,1.1,CO-ED,false,false,33.711657,-117.928346
300366BN,HEALTHRIGHT 360 RESIDENTIAL TREATMENT PROGRAM AT BE WELL,HEALTHRIGHT 360,265 S. ANITA DRIVE,"SUITES 202, 301, AND 302",,ORANGE,CA,92868,Orange County,30,(949) 749-2500,RES,true,true,true,2027-09-30,false,42,42,1.1,CO-ED,true,false,33.784979,-117.881166
300379AP,R AND R RECOVERY,R & R RECOVERY SERVICES,18682 BEACH BOULEVARD,SUITE 255,,HUNTINGTON BEACH,CA,92648,Orange County,30,(949) 307-6660,NON,false,false,true,2027-02-28,false,0,0,1.7,FAMILIES,false,false,33.691656,-117.988685
300382CP,CLEAR LIFE RECOVERY,"KKB HEALTH SOLUTIONS, LLC",15954 MCCORD CIRCLE,,,FOUNTAIN VALLEY,CA,92708,Orange County,30,(714) 551-9109,RES,true,true,false,2027-04-30,false,6,8,1.1,CO-ED,true,false,33.731086,-117.955238
300382DP,CLEAR LIFE RECOVERY,"KKB HEALTH SOLUTIONS, LLC",3900 BIRCH STREET,SUITE 113,,NEWPORT BEACH,CA,92660,Orange County,30,(844) 978-2400,NON,false,false,true,2027-02-28,false,0,0,1.1,CO-ED,false,false,33.664271,-117.870206
300384CP,"NEW EXISTENCE, LLC","NEW EXISTENCE, LLC",423 13TH STREET,,,HUNTINGTON BEACH,CA,92648,Orange County,30,(714) 404-2913,RES,true,true,false,2028-01-31,false,6,6,1.1,CO-ED,true,false,33.665656,-118.005918
300386AP,ANCHORED TIDES RECOVERY,ANCHORED TIDES RECOVERY,19126 MAGNOLIA STREET,SUITE 101,,HUNTINGTON BEACH,CA,92646,Orange County,30,(714) 377-7706,NON,false,false,true,2027-06-30,false,0,0,1.1,CO-ED,false,false,33.685552,-117.971345
300391BP,OCEAN RIDGE TREATMENT AND RECOVERY,"HILLTOP WAY, LLC",3813 VIA DEL CAMPO,,"3904 CALLE REAL, SAN CLEMENTE, CA 92673, AND 24921 GEORGIA SUE, LAGUNA HILLS, CA 92653",SAN CLEMENTE,CA,92673,Orange County,30,(949) 545-7623,RES,true,true,false,2027-08-31,false,18,18,1.1,CO-ED,true,false,33.466273,-117.653891
300394JP,WINDWARD WAY RECOVERY,TEAGLE HALL LLC,3822 CAMPUS DRIVE,STE. 500,,NEWPORT BEACH,CA,92660,Orange County,30,(949) 405-1411,NON,false,false,true,2027-06-30,false,0,0,1.1,CO-ED,false,false,33.664092,-117.873172
300394KP,WINDWARD WAY RECOVERY,TEAGLE HALL LLC,2136 THURIN STREET,UNIT A,,COSTA MESA,CA,92627,Orange County,30,(949) 244-2279 X3914,RES,true,true,false,2027-06-30,false,6,6,1.1,CO-ED,true,false,33.652087,-117.913991
300394MP,WINDWARD WAY RECOVERY,TEAGLE HALL LLC,2137 DOCTORS CIRCLE,UNIT B,,COSTA MESA,CA,92627,Orange County,30,(866) 901-3943,RES,true,true,false,2027-06-30,false,6,6,1.1,CO-ED,true,false,33.652092,-117.912923
300394NP,WINDWARD WAY RECOVERY,TEAGLE HALL LLC,2137 DOCTORS CIRCLE,UNIT A,,COSTA MESA,CA,92627,Orange County,30,(949) 244-2279 X3914,RES,true,true,false,2027-06-30,false,6,6,1.1,CO-ED,true,false,33.652092,-117.912923
300394OP,WINDWARD WAY RECOVERY,TEAGLE HALL LLC,2136 THURIN STREET,UNIT B,,COSTA MESA,CA,92627,Orange County,30,(949) 244-2279 X3914,RES,true,true,false,2027-06-30,false,6,6,1.1,CO-ED,true,false,33.652087,-117.913991
300399AP,IMS SERVICES LLC,IMS SERVICES LLC,24832 LA PAZ AVENUE,SUITE A AND SUITE B,,DANA POINT,CA,92629,Orange County,30,(760) 421-1865,RES,true,true,true,2027-05-31,false,12,12,1.8,DUAL DIAGNOSIS,true,false,33.470795,-117.696961
300402AP,INDAH RECOVERY,INDAH RECOVERY LLC,35492 DEL REY,,,DANA POINT,CA,92624-1836,Orange County,30,(310) 889-4518,RES,true,true,false,2027-04-30,false,6,6,1.1,CO-ED,true,false,33.448594,-117.651605
300404DP,NEWPORT INSTITUTE - PALM HILLS,CA YA SERVICES LLC,195 S. PERALTA HILLS DRIVE,,,ANAHEIM HILLS,CA,92807,Orange County,30,(949) 275-2792,RES,true,true,true,2028-03-31,false,6,6,1.1,CO-ED,true,false,33.840597,-117.826117
300405BP,FIRST RESPONDER WELLNESS,"TRUE RECOVERY, LP",7782 LIBERTY DRIVE,,"7786, 7792 AND 7796 LIBERTY DRIVE",HUNTINGTON BEACH,CA,92647,Orange County,30,(949) 864-6250,RES,true,true,false,2026-12-31,false,24,24,1.8,DUAL DIAGNOSIS,true,false,33.705652,-117.992602
300405CP,FIRST RESPONDER WELLNESS,"TRUE RECOVERY, LP",20351 SW ACACIA STREET,,,NEWPORT BEACH,CA,92660,Orange County,30,(949) 864-6250,NON,false,false,true,2027-06-30,false,0,0,1.8,DUAL DIAGNOSIS,false,false,33.657775,-117.87957
300405EP,FIRST RESPONDER WELLNESS,"TRUE RECOVERY, LP",20112 VIVA CIRCLE,,,HUNTINGTON BEACH,CA,92646,Orange County,30,(888) 443-4898,RES,true,true,false,2027-10-31,false,6,6,1.1,CO-ED,true,false,33.670676,-117.95108
300406AP,CALIFORNIA CARE RECOVERY,CALIFORNIA CARE DETOX & TREATMENT LLC (DBA) CALIFORNIA CARE RECOVERY,26452 ARACENA DRIVE,,,MISSION VIEJO,CA,92691,Orange County,30,(949) 291-3333,RES,true,true,true,2026-12-31,false,6,6,1.1,CO-ED,true,false,33.600363,-117.668782
300407AP,PACIFIC SANDS RECOVERY CENTER LLC,PACIFIC SANDS RECOVERY CENTER LLC,1909 W CARLTON PLACE,,,SANTA ANA,CA,92704,Orange County,30,(714) 486-2888,RES,true,true,false,2027-04-30,false,6,6,1.8,DUAL DIAGNOSIS,true,false,33.722392,-117.893761
300410AP,ENHANCE HEALTH GROUP LLC,ENHANCE HEALTH GROUP LLC,14742 NEWPORT AVENUE,"SUITE 104, 108, 207, & 208",,TUSTIN,CA,92780,Orange County,30,(714) 862-1907,NON,false,false,true,2027-03-31,false,0,0,1.8,DUAL DIAGNOSIS,false,false,33.729547,-117.830647
300411BP,CALIFORNIA WELLNESS CENTER INC,CALIFORNIA WELLNESS CENTER INC.,24842 PYLOS WAY,,,MISSION VIEJO,CA,92691,Orange County,30,(949) 446-6926,RES,true,true,true,2027-01-31,false,6,6,1.1,CO-ED,true,false,33.601368,-117.680103
300412BP,SADDLEBACK RECOVERY,"RECOVERY SOLUTIONS, LLC",209 E. 18TH STREET,,211 E. 18TH STREET,COSTA MESA,CA,92627,Orange County,30,(949) 270-6217,RES,true,true,false,2027-10-31,false,12,12,1.1,CO-ED,true,false,33.63788,-117.915543
300413AP,ZOE BEHAVIORAL HEALTH,ZOE BEHAVIORAL HEALTH INC.,23072 LAKE CENTER DRIVE,"SUITE 200, 204, 206, 210, 211, & 214",,LAKE FOREST,CA,92630,Orange County,30,(800) 563-8983,NON,false,false,true,2027-10-31,false,0,0,1.1,CO-ED,false,false,33.627316,-117.716842
300414AP,CHARLIE HEALTH,"CH MH SERVICES (CA), LLC",1041 E. YORBA LINDA BOULEVARD,SUITE 302,,PLACENTIA,CA,92870,Orange County,30,(406) 219-7853,NON,false,false,true,2027-06-30,false,0,0,1.1,CO-ED,false,false,33.888457,-117.845019
300419AP,BETTER DAYS,"MAGIC HOUSE RECOVERY, INC",2220 W JUDITH LN,,,ANAHEIM,CA,92804,Orange County,30,(657) 201-3269,RES,true,true,false,2027-12-31,false,8,8,1.1,CO-ED,true,false,33.804594,-117.960209
300422AP,COMPASSION RECOVERY,COMPASSION RECOVERY CENTERS LLC,23141 MOULTON PARKWAY,SUITE 207,,LAGUNA HILLS,CA,92653,Orange County,30,(855) 444-0130,NON,false,false,true,2027-12-31,false,0,0,1.8,DUAL DIAGNOSIS,false,false,33.626181,-117.730659
300423AP,OCEAN COAST RECOVERY CENTER,JJLT HOLDINGS LLC,1799 HUMMINGBIRD DRIVE,,,COSTA MESA,CA,92626,Orange County,30,(714) 274-9474,RES,true,true,true,2027-08-31,false,6,6,1.8,DUAL DIAGNOSIS,true,false,33.671506,-117.931306
300427AP,"HILLSIDE MANAGEMENT SERVICES, LLC","HILLSIDE MANAGEMENT SERVICES, LLC",23371 ROCKROSE,,,MISSION VIEJO,CA,92692,Orange County,30,(949) 418-6825,RES,true,true,true,2027-09-30,false,6,6,1.1,CO-ED,true,false,33.622858,-117.629538
300428AP,OCEANROCK RECOVERY,OCEANROCK LLC,1100 QUAIL STREET,SUITE 205,,NEWPORT BEACH,CA,92660,Orange County,30,(949) 979-6866,NON,false,false,true,2027-11-30,false,0,0,1.1,CO-ED,false,false,33.659514,-117.866507
300430AN,SOBER SOLUTIONS,SOBER SOLUTIONS,12781 JOSEPHINE ST,,,GARDEN GROVE,CA,92841,Orange County,30,(714) 606-0853,RES,true,true,false,2028-06-30,false,14,14,1.8,DUAL DIAGNOSIS,true,false,33.776965,-117.979666
300431AN,SANCTUARY RECOVERY FOR TEENS,"THE TEEN PROJECT, INC.",20302 FLANAGAN ROAD,,,TRABUCO CANYON,CA,92679-0975,Orange County,30,(949) 283-1260,DSS,true,false,true,2028-01-31,false,0,0,1.8,DUAL DIAGNOSIS,false,false,33.66761,-117.584163
300432BP,"JRV RECOVERY, INC.","JRV RECOVERY, INC.",27281 LAS RAMBLAS,SUITE 140,,MISSION VIEJO,CA,92691,Orange County,30,(949) 774-5158,NON,false,false,true,2028-01-31,false,0,0,1.1,CO-ED,false,false,33.566435,-117.668756
300433AP,405 RECOVERY,JLK STRENGTH LLC,17280 NEWHOPE STREET,"SUITE 14, 18, 19 AND 20",,FOUNTAIN VALLEY,CA,92780,Orange County,30,(949) 244-2279,NON,false,false,true,2028-01-31,false,0,0,1.1,CO-ED,false,false,33.712143,-117.928352
300436AP,ANCHORED RECOVERY COMMUNITY,ANCHORED RECOVERY COMMUNITY LLC,27184 ORTEGA HIGHWAY,"SUITES 201 & 202, 209 & 210",,SAN JUAN CAPISTRANO,CA,92675,Orange County,30,(949) 391-3202,NON,false,false,true,2028-03-31,false,0,0,1.1,CO-ED,false,false,33.503313,-117.655516
300437BP,HOPE RESTORED LLC,"HOPE RESTORED, LLC",25672 MINOS STREET,,,MISSION VIEJO,CA,92691,Orange County,30,(845) 803-6692,RES,true,true,true,2028-04-30,false,6,6,1.1,CO-ED,true,false,33.602144,-117.682013
300438AP,EMBRACE TREATMENT LLC,EMBRACE TREATMENT LLC,1912 SUMBA CIRCLE,,,COSTA MESA,CA,92626,Orange County,30,(714) 714-0902,RES,true,true,true,2028-06-30,false,6,6,1.1,CO-ED,true,false,33.676524,-117.936864
300439AP,LIFT OFF RECOVERY,"MEDICHEX, INC",1910 SANDALWOOD AVENUE,,,FULLERTON,CA,92835,Orange County,30,(949) 943-2206,RES,true,true,false,2028-04-30,false,6,8,1.1,CO-ED,true,false,33.901067,-117.89241
300439BP,LIFT OFF,"MEDICHEX, INC",206 N. STATE COLLEGE BLVD.,,,ANAHEIM,CA,92806,Orange County,30,(714) 844-2858,NON,false,false,true,2026-12-31,false,0,0,1.1,CO-ED,false,false,33.84251,-117.889089
300626EP,BEGINNINGS TREATMENT CENTERS,"ELITE CARE, INC.",930 MAGELLAN STREET,,934 MAGELLAN STREET,COSTA MESA,CA,92626,Orange County,30,(888) 511-0607,RES,true,true,false,2026-09-30,false,12,12,1.1,CO-ED,true,false,33.673787,-117.894368
300626FP,BEGINNINGS TREATMENT CENTERS,"ELITE CARE, INC.",1100 QUAIL STREET,SUITE 210,,"NEWPORT BEACH,",CA,92660,Orange County,30,(888) 511-0607,NON,false,false,true,2027-12-31,false,0,0,1.1,CO-ED,false,false,33.659514,-117.866507
300631AP,TRUE LIFE RECOVERY,"TRUE LIFE RECOVERY, INC.",16832 MAPLE STREET,,,FOUNTAIN VALLEY,CA,92708,Orange County,30,(714) 698-8950,RES,true,true,false,2028-06-30,false,6,6,1.1,CO-ED,true,false,33.718478,-117.967766
300640AP,SUSTAIN RECOVERY,"OCTLC, INC.",125 SOUTH CHAPARRAL COURT,SUITE 200,,ANAHEIM,CA,92808,Orange County,30,(714) 376-5889,NON,true,false,true,2028-02-28,false,0,0,1.1,CO-ED,false,false,33.864867,-117.744631
300640BP,SUSTAIN RECOVERY,"OCTLC, INC.",7888 E. AUTRY DRIVE,,,ANAHEIM,CA,92808,Orange County,30,(714) 376-5889,DSS,true,false,true,2027-11-30,false,0,0,1.1,CO-ED,false,false,33.86476,-117.761176
300640CP,SUSTAIN RECOVERY,"OCTLC, INC.",7898 E. AUTRY DRIVE,,,ANAHEIM,CA,92808,Orange County,30,(714) 376-5889,DSS,true,false,true,2027-01-31,false,0,0,1.1,CO-ED,false,false,33.864716,-117.761256
300640DP,SUSTAIN RECOVERY,"OCTLC, INC.",356 VESUVIUS DRIVE,,,BREA,CA,92823,Orange County,30,(714) 376-5889,DSS,false,false,true,2027-12-31,false,0,0,1.5,YOUTH/ADOLESCENT,false,false,33.909307,-117.843821
300642AP,NEW LIFE TREATMENT CENTER,"NEW LIFE TREATMENT CENTER, INC.",331 EAST ADAMS STREET,,,SANTA ANA,CA,92707,Orange County,30,(714) 676-5400,RES,true,true,false,2026-07-31,true,6,6,1.1,CO-ED,true,false,33.712883,-117.863851
300642DP,"NEW LIFE TREATMENT CENTER, INC.","NEW LIFE TREATMENT CENTER, INC.",335 E. ADAMS STREET,,,SANTA ANA,CA,92707,Orange County,30,(714) 676-5400,RES,true,true,true,2026-08-31,false,6,6,1.1,CO-ED,true,false,33.712881,-117.863669
300647AP,AKUA MIND & BODY,"AKUA BEHAVIORAL HEALTH, INC.",326 UNIVERSITY DRIVE,,328 UNIVERSITY DRIVE,COSTA MESA,CA,92627,Orange County,30,(949) 777-2283,RES,true,true,true,2028-05-31,false,12,12,1.2,MEN ONLY,true,false,33.657769,-117.889745
300647CP,AKUA MIND & BODY,"AKUA BEHAVIORAL HEALTH, INC.",319- A UNIVERSITY DR.,,,COSTA MESA,CA,92627,Orange County,30,(949) 777-2283,RES,true,true,true,2027-09-30,false,6,6,1.1,CO-ED,true,false,33.657688,-117.889724
300647DP,AKUA MIND & BODY,"AKUA BEHAVIORAL HEALTH, INC.",319- B UNIVERSITY DR.,,,COSTA MESA,CA,92627,Orange County,30,(949) 777-2283,RES,true,true,true,2027-09-30,false,6,6,1.1,CO-ED,true,false,33.657688,-117.889724
300648AP,REALIGN DETOX AND REHABILITATION CENTER,"REALIGN DETOX, LLC",29552 CROWN CREEK,,,LAGUNA NIGUEL,CA,92677-3951,Orange County,30,(949) 218-2063,RES,true,true,true,2028-06-30,false,6,6,1.1,CO-ED,true,false,33.533867,-117.702523
300653CP,12 SOUTH RECOVERY,"12 SOUTH, LLC",23712 BIRTCHER DRIVE,,,LAKE FOREST,CA,92630,Orange County,30,(888) 830-8374,NON,false,false,true,2028-07-31,false,0,0,1.1,CO-ED,false,false,33.633376,-117.716444
300659AP,"RISING ROADS RECOVERY SERVICES FOR WOMEN, LLC","RISING ROADS RECOVERY SERVICES FOR WOMEN, LLC",11388 SNOWDROP AVENUE,,,FOUNTAIN VALLEY,CA,92708,Orange County,30,(866) 746-1558,RES,false,true,false,2028-07-31,false,6,6,1.3,WOMEN ONLY,false,false,33.725646,-117.930262
300659CP,"RISING ROADS RECOVERY SERVICES FOR WOMEN, LLC","RISING ROADS RECOVERY SERVICES FOR WOMEN, LLC",10605 EL ESTE AVENUE,,,FOUNTAIN VALLEY,CA,92708,Orange County,30,(866) 746-1558,RES,true,true,false,2027-03-31,false,6,6,1.3,WOMEN ONLY,false,false,33.703229,-117.943829
300659DP,"RISING ROADS RECOVERY SERVICES FOR WOMEN, LLC","RISING ROADS RECOVERY SERVICES FOR WOMEN, LLC",3151 AIRWAY AVENUE,SUITE I-3,,COSTA MESA,CA,92626,Orange County,30,(714) 673-9007,NON,false,false,true,2028-01-31,false,0,0,1.3,WOMEN ONLY,false,false,33.678199,-117.872941
300661CP,NORTHBOUND TREATMENT SERVICES,"JOSHUA HOUSE, LLC",9842 13TH STREET,,"3822 CAMPUS DRIVE, SUITE 100, NEWPORT BEACH, CA 92660",GARDEN GROVE,CA,92844,Orange County,30,(949) 650-4334,RES,true,true,false,2028-04-30,false,112,112,1.1,CO-ED,true,false,33.755816,-117.956942
300661FP,NORTHBOUND TREATMENT SERVICES,"JOSHUA HOUSE, LLC",3822 CAMPUS DRIVE,SUITE 200,,NEWPORT BEACH,CA,92660,Orange County,30,(949) 650-4334,NON,false,false,true,2028-04-30,false,0,0,1.1,CO-ED,false,false,33.664092,-117.873172
300666CP,"SAFE AND SOUND TREATMENT, LLC","SAFE AND SOUND TREATMENT, LLC",3151 AIRWAY AVE,L2,,COSTA MESA,CA,92626,Orange County,30,(949) 836-8779,NON,false,false,true,2028-04-30,false,0,0,1.1,CO-ED,false,false,33.678199,-117.872941
300684AP,"RENAISSANCE RECOVERY, LLC","RENAISSANCE RECOVERY, LLC",10175 SLATER AVENUE,SUITE 200,,FOUNTAIN VALLEY,CA,92708,Orange County,30,(866) 330-9449,NON,false,false,true,2027-10-31,false,0,0,1.1,CO-ED,false,false,33.709115,-117.951906
300686BP,BUCKEYE RECOVERY NETWORK,"BUCKEYE RECOVERY NETWORK , LLC",19322 BEACH BOULEVARD,,,HUNTINGTON BEACH,CA,92648,Orange County,30,(949) 515-9191,NON,false,false,true,2028-03-31,false,0,0,1.1,CO-ED,false,false,33.681776,-117.988558
300688AP,REBEL NEW LIFE TREATMENT CENTER LLC,REBEL NEW LIFE TREATMENT CENTER LLC,2157 W. CRONE AVENUE,,,ANAHEIM,CA,92804,Orange County,30,(714) 215-4120,RES,true,true,true,2026-09-30,false,8,8,1.1,CO-ED,false,false,33.821879,-117.957312
300688CP,REBEL NEW LIFE TREATMENT CENTER LLC,REBEL NEW LIFE TREATMENT CENTER LLC,527 S. ARCHER STREET,,,ANAHEIM,CA,92804,Orange County,30,(310) 999-4300,RES,true,true,false,2028-04-30,false,6,6,1.1,CO-ED,true,false,33.825426,-117.957251
300689BP,THE EDGE TREATMENT CENTER,SAGEBRUSH LLC,550 N. GOLDEN CIRCLE DR.,SUITE A,,SANTA ANA,CA,92705,Orange County,30,(800) 788-1772,NON,false,false,true,2026-11-30,false,0,0,1.1,CO-ED,false,false,33.749707,-117.838665
300690BP,SAFE AND SOUND TREATMENT,DOUBLE HELIX SOBER LIVING SOLUTIONS INC.,8151 FALMOUTH DRIVE,,,HUNTINGTON BEACH,CA,92646,Orange County,30,(714) 856-7545,RES,true,true,false,2028-01-31,false,6,6,1.8,DUAL DIAGNOSIS,true,false,33.683195,-117.985926
300691AP,RESTORATIONS HEALTH CARE LLC,RESTORATIONS HEALTH CARE LLC,127 WEST PALMYRA AVENUE,,"129 WEST PALMYRA AVENUE, AND 2238 EAST OLMSTEAD WAY, ANAHEIM, CA 92806",ORANGE,CA,92866,Orange County,30,(714) 331-3657,RES,true,true,false,2026-12-31,false,14,14,1.1,CO-ED,true,false,33.784259,-117.853782
300691DP,RESTORATIONS HEALTH CARE LLC,RESTORATIONS HEALTH CARE LLC,1320 N. HANCOCK STREET,SUITE A,,ANAHEIM,CA,92807,Orange County,30,(714) 331-3657,NON,false,false,true,2028-05-31,false,0,0,1.1,CO-ED,false,false,33.86286,-117.814264
300692AP,"CALIFORNIA BEHAVIORAL HEALTHCARE, LLC","CALIFORNIA BEHAVIORAL HEALTHCARE, LLC",25402 HILLARY LANE,,,LAGUNA HILLS,CA,92653,Orange County,30,(818) 280-6425,RES,true,true,true,2026-10-31,false,6,6,1.1,CO-ED,true,false,33.593406,-117.694382
300693BP,ALLIANCE RECOVERY,THE DISTRICT RECOVERY CENTER LLC,10175 SLATER AVENUE,SUITE 111,,FOUNTAIN VALLEY,CA,92708,Orange County,30,(949) 742-0172,NON,false,false,true,2028-06-30,false,0,0,1.1,CO-ED,false,false,33.709115,-117.951906
300699CP,CAPISTRANO BEACH RECOVERY CENTER LLC,CAPISTRANO BEACH RECOVERY CENTER LLC,27391 SILVER CREEK DRIVE,,27381 SILVER CREEK DRIVE,SAN JUAN CAPISTRANO,CA,92675,Orange County,30,(949) 541-9099,RES,true,true,true,2027-12-31,false,12,12,1.1,CO-ED,true,false,33.529001,-117.652334
300702AP,"CALIFORNIA DETOX, LLC",CALIFORNIA DETOX LLC,31365 MONTEREY STREET,,,LAGUNA BEACH,CA,92651,Orange County,30,(949) 742-0172,RES,true,true,false,2027-01-31,false,6,6,1.1,CO-ED,true,false,33.507221,-117.748067
300703AP,HUNTINGTON BEACH RECOVERY CENTER,KJT RECOVERY LLC,8342 BRYANT DR.,,,HUNTINGTON BEACH,CA,92647,Orange County,30,(714) 465-9446,RES,true,true,true,2026-12-31,false,6,6,1.1,CO-ED,true,false,33.720792,-117.982845
300707AP,ELEVEN 11 RECOVERY,ELEVEN 11 RECOVERY LLC,647 CAMINO DE LOS MARES,SUITE 221,,SAN CLEMENTE,CA,92673,Orange County,30,(949) 209-2719,NON,false,false,true,2027-01-31,false,0,0,1.1,CO-ED,false,false,33.458019,-117.650137
300708AP,BEACH CITIES RECOVERY LLC,BEACH CITIES RECOVERY LLC,440 FAIR DRIVE,SUITE 237,,COSTA MESA,CA,92626,Orange County,30,(714) 880-0425,NON,false,false,true,2026-10-31,false,0,0,1.1,CO-ED,false,false,33.66329,-117.918363
300709AP,THE GROVE RECOVERY COMMUNITY INC.,THE GROVE RECOVERY COMMUNITY INC.,1560 BROOKHOLLOW DRIVE,,,SANTA ANA,CA,92705,Orange County,30,(949) 945-8391,NON,false,false,true,2027-02-28,false,0,0,1.1,CO-ED,false,false,33.713492,-117.848161
300710CP,MOMENTUM DETOX,MOMENTUM DETOX LLC,17952 BARON CIRCLE,"UNIT 1, 2, 3",,HUNTINGTON BEACH,CA,92647,Orange County,30,(213) 800-5711,RES,true,true,false,2027-09-30,false,16,16,1.1,CO-ED,true,false,33.701969,-117.992797
300711AP,TEMPLE HEALTHCARE SERVICES,TEMPLE RECOVERY SERVICES,4921 HOLLYLINE AVENUE,,,SANTA ANA,CA,92703,Orange County,30,(949) 280-8360,RES,true,true,false,2027-03-31,false,6,6,1.1,CO-ED,false,false,33.75363,-117.934762
300713AP,RESET RECOVERY LLC,RESET RECOVERY LLC,7861 DAISY CIRCLE,,,HUNTINGTON BEACH,CA,92648,Orange County,30,(657) 259-0054,RES,true,true,false,2027-03-31,false,6,6,1.1,CO-ED,true,false,33.700885,-117.99097
300713BP,RESET RECOVERY LLC,RESET RECOVERY LLC,17290 NEWHOPE STREET,SUITE B,,FOUNTAIN VALLEY,CA,92708,Orange County,30,(949) 522-1469,NON,false,false,true,2027-03-31,false,0,0,1.1,CO-ED,false,false,33.712321,-117.928349
300715AP,SOCAL BEACH RECOVERY,SOCAL BEACH REHAB LLC,806 DELAWARE STREET,,"101 HUNTINGTON STREET, AND 119 7TH STREET",HUNTINGTON BEACH,CA,92648,Orange County,30,(949) 434-0738,RES,true,true,false,2027-05-31,false,18,18,1.1,CO-ED,true,false,33.664232,-117.99282
300717AP,SEEK RECOVERY LLC,SEEK RECOVERY LLC,23696 BIRTCHER DRIVE,,,LAKE FOREST,CA,92630,Orange County,30,(949) 943-4476,NON,false,false,true,2027-03-31,false,0,0,1.1,CO-ED,false,false,33.633539,-117.716899
300720AP,EXIST CENTERS,EXIST CENTERS LLC,580 BROADWAY STREET,SUITE 301,,LAGUNA BEACH,CA,92651,Orange County,30,(844) 708-2323,NON,false,false,true,2027-03-31,false,0,0,1.1,CO-ED,false,false,33.546606,-117.78228
300723AP,HATCH BEHAVORIAL HEALTH LLC,HATCH BEHAVORIAL HEALTH LLC,3455 E LA PALMA AVE,SUITE 200-208,,ANAHEIM,CA,92806,Orange County,30,(330) 703-7573,NON,false,false,true,2027-07-31,false,0,0,1.1,CO-ED,false,false,33.854765,-117.843256
300724AP,HB TREATMENT CENTER,HB TREATMENT CENTER 2 LLC,6742 AUBURN DRIVE,,,HUNTINGTON BEACH,CA,92647,Orange County,30,(714) 646-1851,RES,true,true,true,2027-10-31,false,6,6,1.1,CO-ED,true,false,33.725345,-118.011071
300726AP,TUNNEL VISION RECOVERY LLC,TUNNEL VISION RECOVERY LLC,902 NORTH GRAND AVENUE,SUITE 204,,SANTA ANA,CA,92701,Orange County,30,(657) 262-9715,NON,false,false,true,2027-06-30,false,0,0,1.1,CO-ED,false,false,33.752724,-117.851932
300727AP,DANA SHORES RECOVERY,DANA SHORES RECOVERY,30971 SILVER LEAF DR,,,SAN JUAN CAPISTRANO,CA,92675,Orange County,30,(909) 213-8504,RES,true,true,true,2027-12-31,false,6,6,1.1,CO-ED,true,false,33.513109,-117.633456
300730AP,CHRISTOPHER CARE CHOOSING LIFE,CHRISTOPHER CARE: CHOOSING LIFE LLC,22442 CANAVERAS,,,"MISSION VIEJO,",CA,92691,Orange County,30,(561) 401-3875,RES,true,true,true,2027-12-31,false,6,6,1.1,CO-ED,true,false,33.636775,-117.653001
300731AP,"THE PRACTICE OC, INC.","THE PRACTICE OC, INC.",30672 PASEO DEL NIGUEL,,,LAGUNA NIGUEL,CA,92677,Orange County,30,(949) 464-4147,RES,true,true,true,2028-01-31,false,6,6,1.1,CO-ED,true,false,33.517056,-117.718335
300732AP,CALIFORNIA TREATMENT COLLECTIVE,CALIFORNIA TREATMENT COLLECTIVE LLC,3505 CADILLAC AVENUE,"BUILDING O, SUITE 110",,COSTA MESA,CA,92626,Orange County,30,(949) 946-4650,NON,false,false,true,2027-11-30,false,0,0,1.2,MEN ONLY,false,false,33.696993,-117.93064
300736BP,OCEAN LUXURY REHAB,OCEANS LUXURY REHAB LLC,147 EL LEVANTE,,,SAN CLEMENTE,CA,92672,Orange County,30,(949) 899-7750,RES,true,true,true,2026-08-31,false,6,6,1.1,CO-ED,true,false,33.43277,-117.609323
300737AP,HARMONY JUNCTION RECOVERY,"HARMONY JUNCTION RECOVERY, LLC",23642/23652 CAVANAUGH RD,,24101 BIG TIMBER STREET,LAKE FOREST,CA,92630,Orange County,30,(855) 906-4088,RES,true,true,true,2028-04-30,false,18,18,1.1,CO-ED,true,false,33.618664,-117.707733
300738AP,SULLIVAN RECOVERY,SULLIVANS DETOX AND RESIDENTIAL TREATMENT LLC,24731 VIA SAN FERNANDO,,,MISSION VIEJO,CA,92692,Orange County,30,(714) 757-7266,RES,true,true,true,2028-02-28,false,6,6,1.1,CO-ED,true,false,33.60528,-117.650729
300740AP,SURF CITY DETOX,1 SOLUTION WELLNESS LLC,14831 NORTHRIDGE LANE,,"14851 AND 14855 NORTHRIDGE LANE, AND 15031 ETON CIRCLE",HUNTINGTON BEACH,CA,92647,Orange County,30,(818) 521-0602,RES,true,true,true,2028-01-31,false,24,24,1.1,CO-ED,true,false,33.746744,-118.021456
300742AP,KNOX RECOVERY LLC,KNOX RECOVERY LLC,17280 NEWHOPE STREET,SUITE 15,,FOUNTAIN VALLEY,CA,92708,Orange County,30,(949) 244-2279,NON,false,false,true,2028-02-29,false,0,0,1.1,CO-ED,false,false,33.712143,-117.928352
300742BP,ALTON RECOVERY,KNOX RECOVERY LLC,1217 W. ALTON AVENUE,,,SANTA ANA,CA,92707,Orange County,30,(949) 244-2279,RES,true,true,false,2028-08-31,false,6,6,1.1,CO-ED,true,false,33.703851,-117.883172
300743AP,REBOUND SUPPORT GROUP LLC,REBOUND SUPPORT GROUP LLC,515 WEST COMMONWEALTH AVENUE,"SUITE 102, 106, 211, 214 & 215",,"FULLERTON,",CA,92832,Orange County,30,(714) 232-0649,NON,false,false,true,2028-02-28,false,0,0,1.5,YOUTH/ADOLESCENT,false,false,33.870311,-117.933792
300746AP,"ARROW HOUSE, LLC","ARROW HOUSE, LLC",525 N. PARKER ST.,,,ORANGE,CA,92868,Orange County,30,(657) 282-4263,DSS,false,false,true,2028-04-30,false,0,0,1.5,YOUTH/ADOLESCENT,false,false,33.795611,-117.85963
300749AP,DETOX CALIFORNIA AT CLIFFSIDE CAPISTRANO INC,DETOX CALIFORNIA AT CLIFFSIDE CAPISTRANO INC,35341 CAMINO CAPISTRANO,,,DANA POINT,CA,92624,Orange County,30,(312) 315-3315,RES,true,true,false,2028-04-30,false,6,6,1.1,CO-ED,true,false,33.449499,-117.654413
300750AP,SUN COUNTY WELLNESS,SUN COUNTY WELLNESS LLC,27211 ORTEGA HIGHWAY,SUITE A & B,,SAN JUAN CAPISTRANO,CA,92675,Orange County,30,(253) 686-2854,NON,false,false,true,2028-05-31,false,0,0,1.1,CO-ED,false,false,33.504074,-117.653566
300751AP,FOOTPRINTS IN THE SAND 2 RECOVERY LLC,FOOTPRINTS IN THE SAND 2 RECOVERY LLC,653 W. 19TH STREET,,,COSTA MESA,CA,92627,Orange County,30,(714) 609-9300,NON,false,false,true,2028-03-31,false,0,0,1.1,CO-ED,false,false,33.643369,-117.925864
300752AP,"N.E.M RECOVERY CENTERS, LLC","N.E.M. RECOVERY CENTERS, LLC",224 CLIFF DRIVE,,226 CLIFF DRIVE,LAGUNA BEACH,CA,92651,Orange County,30,(949) 610-6260,RES,true,true,true,2026-08-31,false,10,10,1.1,CO-ED,true,false,33.544143,-117.785813
300753AP,"NEW PERSPECTIVES RECOVERY, LLC","NEW PERSPECTIVES RECOVERY, LLC",6591 SUTTON STREET,,,WESTMINSTER,CA,92683,Orange County,30,(818) 209-5011,RES,true,true,true,2028-06-30,false,6,6,1.1,CO-ED,true,false,33.769003,-118.014524
300755AP,CHANGES MH LLC,CHANGES MH LLC,2787 BRISTOL STREET,,,COSTA MESA,CA,92627,Orange County,30,(657) 651-9359,NON,false,false,true,2026-09-30,false,0,0,1.1,CO-ED,false,false,33.674462,-117.889242
300756AP,417 RECOVERY,"417 ORANGE COUNTY, LLC",26010 ACERO,SUITE 200,,MISSION VIEJO,CA,92691,Orange County,30,(855) 713-2417,NON,false,false,true,2028-05-31,false,0,0,1.1,CO-ED,false,false,33.617717,-117.677067
300757AP,PES-EBS.INC.,PES-EBS.INC.,600 W. SANTA ANA BOULEVARD,SUITE 105-110,,SANTA ANA,CA,92701,Orange County,30,(714) 667-7926,NON,true,false,true,2026-09-30,false,0,0,1.1,CO-ED,false,false,33.748025,-117.873952
300758AN,BEHAVIORAL HEALTH SERVICES - SUBSTANCE USE DISORDER - SANTA ANA,ORANGE COUNTY HEALTH CARE AGENCY,200 WEST SANTA ANA BLVD.,SUITE 100 & 175,,SANTA ANA,CA,92701,Orange County,30,(714) 480-6660,NON,false,false,true,2026-10-31,false,0,0,1.1,CO-ED,false,false,33.749708,-117.869356
300758BN,BEHAVIORAL HEALTH SERVICES - SUBSTANCE USE DISORDER - WESTMINSTER,ORANGE COUNTY HEALTH CARE AGENCY,14140 BEACH BOULEVARD,SUITE 120 & 200,,WESTMINSTER,CA,92683,Orange County,30,(714) 934-4600,NON,false,false,true,2026-10-31,false,0,0,1.1,CO-ED,false,false,33.756971,-117.989471
300758CN,BEHAVIORAL HEALTH SERVICES - SUBSTANCE USE DISORDER - COSTA MESA,ORANGE COUNTY HEALTH CARE AGENCY,2801 BRISTOL STREET,SUITE 200,,COSTA MESA,CA,92626,Orange County,30,(714) 850-8463,NON,false,false,true,2026-10-31,false,0,0,1.1,CO-ED,false,false,33.674665,-117.8892
300759AP,"VIRTUAL TREATMENT CENTER, LLC","VIRTUAL TREATMENT CENTER, LLC",14742 NEWPORT AVENUE,SUITE 205,,TUSTIN,CA,92780,Orange County,30,(949) 885-6884,NON,false,false,true,2027-01-31,false,0,0,1.1,CO-ED,false,false,33.729547,-117.830647
300763AP,MISSION RECOVERY HOME,MAZZY DEVELOPMENT CENTER LLC,23792 ROCKFIELD BLVD,SUITE 230,,LAKE FOREST,CA,92630,Orange County,30,(334) 621-9496,NON,false,false,true,2028-06-30,false,0,0,1.1,CO-ED,false,false,33.626971,-117.714927
300765AP,LAGUNA BEACH RECOVERY,LAGUNA BEACH TREATMENT LLC,477 CANYON ACRES DRIVE,,,LAGUNA BEACH,CA,92651,Orange County,30,(949) 400-7120,RES,true,true,false,2027-01-31,false,6,6,1.1,CO-ED,true,false,33.552817,-117.769723
300767AP,SAFE HAVEN CENTER,SAFE HAVEN CENTER,4355 EAST LOWELL STREET,SUITE G-1,,"ONTARIO,",CA,91761,San Bernardino County,30,(714) 676-1404,NON,false,false,true,2026-11-30,false,0,0,1.8,DUAL DIAGNOSIS,false,false,34.05187,-117.556565
300768AP,NECTAR RECOVERY,HUNTINGTON BEACH RECOVERY CENTER LLC,7761 GARLFIELD AVE.,#101 AND #102,,HUNTINGTON BEACH,CA,92648,Orange County,30,(310) 279-3905,RES,true,true,false,2026-07-31,true,12,12,1.1,CO-ED,true,false,33.686728,-117.992956
300769BP,ORANGE COUNTY DETOX CENTER,JALSO LIMITED LIABILITY COMPANY,3909 TEAKWOOD STREET,,,SANTA ANA,CA,92707,Orange County,30,(949) 610-2885,RES,true,true,false,2027-10-31,false,6,6,1.1,CO-ED,true,false,33.69508,-117.871311
300770AP,FRIENDLY RECOVERY CENTER,FRIENDLY RECOVERY CENTER LLC,15991 RED HILL AVENUE,SUITES 101 & 104,,TUSTIN,CA,92780,Orange County,30,(657) 218-9125,NON,false,false,true,2026-06-30,true,0,0,1.1,CO-ED,false,false,33.711643,-117.837398
300771AP,RESILIENCE RISING,RESILIENCE RISING BEHAVIORAL HEALTH LLC,12362 BEACH BLVD,SUITE 30 & 31,,STANTON,CA,90680,Orange County,30,(559) 392-9869,NON,false,false,true,2026-12-31,false,0,0,1.1,CO-ED,false,false,33.782998,-117.992741
300772AP,FULLERTON TELEHEALTH RECOVERY,LISCENSING AND ACCREDITATION CONSULTANTS LLC,515 W COMMONWEALTH AVENUE,SUITE 213,,FULLERTON,CA,92832,Orange County,30,(714) 232-0649,NON,false,false,true,2028-08-31,false,0,0,1.1,CO-ED,false,false,33.870311,-117.933792
300777AP,REVIVE RECOVERY CENTER,REVIVE RECOVERY CENTER INC,3214 S SYCAMORE STREET,,3513 SOUTH ROSS STREET,SANTA ANA,CA,92707,Orange County,30,(657) 231-9256,RES,true,true,false,2026-12-31,false,12,12,1.1,CO-ED,true,false,33.703396,-117.870026
300778AP,RENU HEALTHCARE,"RENU HEALTHCARE, LLC",1008 W WILSON ST,SUITE A,,COSTA MESA,CA,92627,Orange County,30,(714) 348-1101,RES,true,true,true,2027-01-31,false,6,6,1.1,CO-ED,true,false,33.656014,-117.941127
300778BP,RENU HEALTHCARE,"RENU HEALTHCARE, LLC",1008 W WILSON ST,SUITE B,,COSTA MESA,CA,92627,Orange County,30,(714) 348-1101,RES,true,true,true,2027-01-31,false,6,6,1.1,CO-ED,true,false,33.656014,-117.941127
300779AP,MENDING BRIDGES LLC,MENDING BRIDGES LLC,430 N STATE COLLEGE BLVD,,,ANAHEIM,CA,92805,Orange County,30,(949) 899-7997,NON,false,false,true,2026-10-31,false,0,0,1.1,CO-ED,false,false,33.845518,-117.889081
300779BP,MENDING BRIDGES LLC,MENDING BRIDGES LLC,25466 GLORIOSA DR,,,MISSION VIEJO,CA,92691,Orange County,30,(657) 216-4133,RES,true,true,false,2026-10-31,false,6,6,1.1,CO-ED,true,false,33.6047,-117.686033
300780AP,OASIS TREATMENT CENTERS,"OASIS TREATMENT CENTERS, LLC",1901 NEWPORT BLVD,SUITE 271,,COSTA MESA,CA,92627,Orange County,30,(281) 210-6703,NON,false,false,true,2026-10-31,false,0,0,1.1,CO-ED,false,false,33.643621,-117.91645
300781AP,"NORTH STAR TREATMENT, LLC","NORTH STAR TREATMENT, LLC",27772 CAMINO LAS RAMBLAS,,27792 CAMINO LAS RAMBLAS,SAN JUAN CAPISTRANO,CA,92675,Orange County,30,(707) 450-7038,RES,true,true,true,2026-12-31,false,10,10,1.1,CO-ED,true,false,33.469821,-117.652251
300783AP,"METHOD 4 CHANGE, LLC","METHOD 4 CHANGE, LLC",16092 FELTHAM CIRCLE,,,WESTMINSTER,CA,92683,Orange County,30,(714) 280-2883,RES,true,true,false,2026-10-31,false,6,6,1.1,CO-ED,true,false,33.728914,-117.977581
300784AP,THRU HEALTH,"THRU, INC.",8331 SIERRA COLLEGE BOULEVARD,SUITE 221,,ROSEVILLE,CA,95661,Placer County,31,(888) 294-8478,NON,true,false,true,2026-12-31,false,0,0,1.1,CO-ED,false,false,38.7466,-121.226271
300787AP,ROA WELLNESS,ROA WELLNESS LLC,10452 CIRCULO DE VILLA,,,FOUNTAIN VALLEY,CA,92708,Orange County,30,(402) 250-8989,RES,true,true,false,2027-03-31,false,6,6,1.1,CO-ED,true,false,33.715391,-117.946357
300789AP,TRUST SOCAL LLC,TRUST SOCAL LLC,16537 ELM CIRCLE,,,FOUNTAIN VALLEY,CA,92708,Orange County,30,(949) 280-8360,RES,true,true,false,2026-12-31,false,6,6,1.1,CO-ED,true,false,33.722701,-117.965907
300790AP,EMPOWER RETREAT CENTER LLC,EMPOWER RETREAT CENTER LLC,18652 TOPANGA CANYON RD,,,SANTIAGO,CA,92676,Orange County,30,(586) 214-4990,RES,true,true,false,2027-01-31,false,6,6,1.1,CO-ED,true,false,33.691007,-117.619476
300792AP,ZION HEALING CENTER,ZION HEALING CENTER SOUTHERN CALIFORNIA LLC,1151 DOVE STREET,SUITE 150,,NEWPORT BEACH,CA,92660,Orange County,30,(323) 364-4233,NON,false,false,true,2026-12-31,false,0,0,1.1,CO-ED,false,false,33.66095,-117.865318
300793AP,REDEEMED MENTAL HEALTH,ANDREA M WAGNER PSYCHOLOGIST PC,456 OLD NEWPORT BVD,,,NEWPORT BEACH,CA,92663,Orange County,30,(949) 781-9025,NON,false,false,true,2026-12-31,false,0,0,1.8,DUAL DIAGNOSIS,false,false,33.627347,-117.926111
300794AP,WAVECREST BEHAVIORAL HEALTH,WAVECREST BEHAVIORAL HEALTH INC.,2913 PULLMAN STREET,,,"SANTA ANA,",CA,92705,Orange County,30,(866) 366-6178,NON,false,false,true,2027-03-31,false,0,0,1.1,CO-ED,false,false,33.706579,-117.852357
300797AP,BRIGHTER BEGINNINGS HEALTH SERVICES INC.,BRIGHTER BEGINNINGS HEALTH SERVICES INC.,14852 MONROE ST.,,,MIDWAY CITY,CA,92655,Orange County,30,(310) 371-5300,RES,true,true,false,2027-07-30,false,6,6,1.1,CO-ED,true,false,33.746735,-117.98526
300798AP,BETTER DAYS MENTAL HEALTH LLC,BETTER DAYS MENTAL HEALTH LLC,515 W. COMMONWEALTH AVENUE,SUITE 202,,FULLERTON,CA,92832,Orange County,30,(714) 609-9300,NON,false,false,true,2026-12-31,false,0,0,1.1,CO-ED,false,false,33.870311,-117.933792
300802AP,CRYSTAL COVE RECOVERY,"CRYSTAL COVE RECOVERY, LLC",516 REED STREET,AND C,"525, 533, & 540 PARK AVENUE, SUITE A, B, AND C",LAGUNA BEACH,CA,92651,Orange County,30,(619) 305-3332,RES,true,true,true,2027-06-30,false,18,18,1.1,CO-ED,true,false,33.541597,-117.778657
300803AP,NEXT STEP RECOVERY,"NSHB, LLC",808 CALIFORNIA ST,,810 CALIFORNIA ST,HUNTINGTON BEACH,CA,92646,Orange County,30,(714) 655-2635,RES,true,true,true,2027-05-31,false,12,12,1.1,CO-ED,true,false,33.66425,-117.993907
300804AP,NU DAI WELLNESS LLC,NU DAI WELLNESS LLC,26821 ESTANCIERO DRIVE,,,MISSION VIEJO,CA,92691,Orange County,30,(949) 463-0603,RES,true,true,false,2027-05-31,false,6,6,1.1,CO-ED,true,false,33.591578,-117.661796
300805AP,THE RETREAT AT SOUTH COAST,RETREAT AT SOUTH COAST LLC,609 JUNIPER AVE,,,SANTA ANA,CA,92707,Orange County,30,(415) 583-6761,RES,true,true,true,2027-07-31,false,6,6,1.1,CO-ED,true,false,33.699569,-117.876005
300807AP,AMLA FAMILY COUNSELING,AMLA FAMILY COUNSELING INC.,2900 BRISTOL ST,SUITE 320,,COSTA MESA,CA,92626,Orange County,30,(509) 319-0845,NON,false,false,true,2026-12-31,false,0,0,1.1,CO-ED,false,false,33.676691,-117.887483
300808AP,VOYAGER RECOVERY CENTER INC.,VOYAGER RECOVERY CENTER INC.,22 BARBERRY,,,LAKE FOREST,CA,92630,Orange County,30,(949) 607-1516,RES,true,true,false,2027-07-31,false,6,6,1.1,CO-ED,true,false,33.671866,-117.680687
300813AP,NEWPORT MENTAL HEALTH CENTER LLC,NEWPORT MENTAL HEALTH CENTER LLC,1300 QUAIL ST.,SUITE 210,,NEWPORT BEACH,CA,92660,Orange County,30,(714) 609-9300,NON,false,false,true,2027-05-31,false,0,0,1.1,CO-ED,false,false,33.66018,-117.867463
300814AP,NEWHOPE TREATMENT LLC,NEWHOPE TREATMENT LLC,17151 NEWHOPE STREET,SUITE 205,,FOUNTAIN VALLEY,CA,92708,Orange County,30,(323) 488-2011,NON,false,false,true,2027-09-30,false,0,0,1.1,CO-ED,false,false,33.71415,-117.928433
300816AP,ROOTED STILLNESS LLC,ROOTED STILLNESS LLC,20311 SW BIRCH STREET,SUITE 100,,NEWPORT BEACH,CA,92660,Orange County,30,(530) 828-6293,NON,false,false,true,2027-09-30,false,0,0,1.1,CO-ED,false,false,33.656894,-117.877621
300817AP,COASTAL POINT RECOVERY LLC,COASTAL POINT RECOVERY LLC,25235 PERCH DRIVE,,,DANA POINT,CA,92629,Orange County,30,(949) 288-8600,RES,true,true,false,2027-12-31,false,6,6,1.1,CO-ED,true,false,33.474417,-117.689527
300818AP,THE ICARUS PROJECT,THE ICARUS PROJECT LLC,27012 VENADO DRIVE,,,MISSION VIEJO,CA,92691,Orange County,30,(562) 400-7162,RES,true,true,false,2028-05-31,false,6,6,1.1,CO-ED,false,false,33.565921,-117.658591
300821AP,SOCAL RECOVERY SERVICES LLC,SOCAL RECOVERY SERVICES LLC,10572 LEXINGTON STREET,,,STANTON,CA,90680,Orange County,30,(909) 714-3672,RES,true,true,false,2027-09-30,false,6,6,1.1,CO-ED,true,false,33.80886,-118.007412
300822AP,ABOVE ALL ELSE,ABOVE ALL ELSE RECOVERY LLC,546 BERNARD ST.,,"548, 550A, 550B BERNARD ST.",COSTA MESA,CA,92626,Orange County,30,(949) 533-8562,RES,true,true,true,2028-03-31,false,18,18,1.1,CO-ED,true,false,33.645526,-117.921211
300823AP,"DETECTION & TREATMENT RESOURCES, LLC","DETECTION & TREATMENT RESOURCES, LLC",12235 BEACH BLVD,SUITE 105,,STANTON,CA,90680,Orange County,30,(800) 244-1996,NON,false,false,true,2028-04-30,false,0,0,1.1,CO-ED,false,false,33.784616,-117.993534
300824AP,BREA HILLS RECOVERY,BREA HILLS RECOVERY LLC,340 N OLINDA DR,,,BREA,CA,92823,Orange County,30,(407) 773-0165,RES,true,true,false,2028-02-29,false,6,6,1.1,CO-ED,true,false,33.930147,-117.801081
300825AP,RECOVERY BEACH,FORTIVA LLC,13212 CHAPMAN AVENUE,,13222 CHAPMAN AVENUE,GARDEN GROVE,CA,92840,Orange County,30,(714) 703-9492,RES,true,true,true,2028-03-31,false,32,32,1.1,CO-ED,true,false,33.788807,-117.902188
300826AP,CALIFORNIA HORIZON LLC,CALIFORNIA HORIZON LLC,14712 DAVIS STREET,,,WESTMINSTER,CA,92683,Orange County,30,(516) 300-3504,RES,true,true,true,2028-04-30,false,6,6,1.8,DUAL DIAGNOSIS,true,false,33.748747,-118.00319
300827AP,JUST ONE RECOVERY LLC,JUST ONE RECOVERY LLC,2140 W CHAPMAN AVENUE,SUITE 101,,ORANGE,CA,92868,Orange County,30,(714) 588-0226,NON,false,false,true,2028-03-31,false,0,0,1.1,CO-ED,false,false,33.787873,-117.875854
300828AP,LAGUNA BEACH RECOVERY LLC,LAGUNA BEACH RECOVERY LLC,866 COAST VIEW DR,,,LAGUNA BEACH,CA,92651,Orange County,30,(949) 400-7120,RES,true,true,false,2028-03-31,false,6,6,1.1,CO-ED,true,false,33.539853,-117.771228
300829AP,RETREAT AT ORANGE COUNTY,RETREAT AT ORANGE COUNTY LLC,2321 N. LINWOOD ST,,2325 N. LINWOOD ST,SANTA ANA,CA,92705,Orange County,30,(415) 583-6761,RES,true,true,true,2028-04-30,false,12,12,1.1,CO-ED,true,false,33.768179,-117.848121
300830AP,FR333 YOURSELF RECOVERY,FR333 YOURSELF RECOVERY,17151 GRANADA LANE,,,HUNTINGTON BEACH,CA,92647,Orange County,30,(765) 602-4118,RES,false,true,false,2028-03-31,false,6,6,1.8,DUAL DIAGNOSIS,false,false,33.71317,-117.987801
300831AP,ANAHEIM RECOVERY LLC,ANAHEIM RECOVERY LLC,864 SOUTH GRANITE CIRCLE,,,ANAHEIM,CA,92806,Orange County,30,(949) 280-8360,RES,true,true,false,2028-06-30,false,6,6,1.1,CO-ED,true,false,33.828698,-117.883482
300832AN,10 ACRE RANCH IOP,"10 ACRE RANCH, INC.",18002 IRVINE BLVD,SUITE 200,,TUSTIN,CA,92780,Orange County,30,(949) 233-3893,NON,false,false,true,2028-04-30,false,0,0,1.1,CO-ED,false,false,33.748162,-117.81799
300833AP,ENGRAVE RECOVERY,ENGRAVE RECOVERY INC,23072 LAKE CENTER DR,SUITE 203,,LAKE FOREST,CA,92630,Orange County,30,(949) 775-3363,NON,false,false,true,2028-07-31,false,0,0,1.1,CO-ED,false,false,33.627316,-117.716842
300834AP,CAPO COAST DETOX LLC,CAPO COAST DETOX LLC,34405 VIA GOMEZ,,,CAPISTRANO BEACH,CA,92624,Orange County,30,(949) 359-5669,RES,true,true,false,2028-05-31,false,6,6,1.1,CO-ED,true,false,33.463021,-117.669714
300835AP,VILLA SERENA RECOVERY CENTER,"VILLA SERENA RECOVERY CENTER, LLC",26126 OROVILLE PLACE,,,LAGUNA HILLS,CA,92653,Orange County,30,(747) 267-3600,RES,true,true,true,2028-07-31,false,6,6,1.1,CO-ED,true,false,33.58334,-117.679848
300836AP,CHELSEA MANOR RECOVERY,CHELSEA MANOR RECOVERY,380 N CHANDLER RANCH RD,,,ORANGE,CA,92869,Orange County,30,(661) 803-1723,RES,true,true,true,2028-04-30,false,6,6,1.1,CO-ED,true,false,33.793491,-117.778529
300837AP,DETOX CALIFORNIA AT LAGUNA BEACH,DETOX CALIFORNIA AT LAGUNA BEACH INC.,747 COAST VIEW DR,,,LAGUNA BEACH,CA,92651,Orange County,30,(805) 512-1964,RES,true,true,false,2028-06-30,false,6,6,1.1,CO-ED,true,false,33.540925,-117.77225
300839AP,THE CROSSING RECOVERY,"1545 NEWPORT BOULEVARD, LLC",1545 NEWPORT BLVD,,,COSTA MESA,CA,92627,Orange County,30,(562) 324-4875,NON,false,false,true,2028-06-30,false,0,0,1.1,CO-ED,false,false,33.632134,-117.923998
300840AP,TIDAL FORGE RECOVERY,TIDAL FORGE RECOVERY LLC,9582 PEPPERTREE DRIVE,,,HUNTINGTON BEACH,CA,92646,Orange County,30,(442) 216-1187,RES,true,true,true,2028-07-31,false,6,6,1.2,MEN ONLY,false,false,33.650989,-117.960704
300842AP,"PROCURE RECOVERY, INC.","PROCURE RECOVERY, INC.",49 MONTECITO DRIVE,,,CORONA DEL MAR,CA,92625,Orange County,30,(949) 629-9689,RES,true,true,true,2028-07-31,false,6,6,1.1,CO-ED,true,false,33.608998,-117.846786
300843AP,ALOHA RECOVERY CALIFORNIA,"ALOHA RECOVERY CALIFORNIA, LLC",4671 LOS PATOS AVE,,,HUNTINGTON BEACH,CA,92649,Orange County,30,(714) 969-0114,RES,true,true,false,2028-07-30,false,6,6,1.1,CO-ED,true,false,33.711685,-118.046696
300846AP,CLEAR RECOVERY CENTER,"CLEAR RECOVERY CENTER, LLC",5481 E. SANTA ANA CANYON ROAD,,,ANAHEIM HILLS,CA,92807,Orange County,30,(424) 788-1006,NON,false,false,true,2028-05-31,false,0,0,1.1,CO-ED,false,false,33.851542,-117.795926
310006BP,RESTORATION RECOVERY CENTER,MOUNTAIN SIDE BEHAVIORAL HEALTH LLC,1033 SOUTH AUBURN ST.,,,COLFAX,CA,95713,Placer County,31,(888) 290-0925,RES,true,true,false,2027-02-28,false,15,15,1.1,CO-ED,true,false,39.090066,-120.952984
310006EP,RESTORATION RECOVERY CENTER,MOUNTAIN SIDE BEHAVIORAL HEALTH LLC,1033 SOUTH AUBURN STREET,,,COLFAX,CA,95713,Placer County,31,,RES,true,true,true,2028-04-30,false,15,15,1.1,CO-ED,true,false,39.090066,-120.952984
310006FP,RESTORATION RECOVERY CENTER,MOUNTAIN SIDE BEHAVIORAL HEALTH LLC,1533 SOUTH AUBURN STREET,,,COLFAX,CA,95713,Placer County,31,,RES,true,true,true,2027-10-31,false,6,6,1.1,CO-ED,true,false,39.085309,-120.958329
310006GP,RESTORATION RECOVERY CENTER,MOUNTAIN SIDE BEHAVIORAL HEALTH LLC,70 COLLEGE WAY,,,AUBURN,CA,95063,Placer County,31,,NON,false,false,true,2028-02-29,false,0,0,1.1,CO-ED,false,false,38.896341,-121.07447
310008AP,NEW DAWN TREATMENT CENTER- VILLA LADERA,CDT SERVICE CORPORATION,6380 WELLS AVENUE,,,LOOMIS,CA,95650,Placer County,31,(916) 723-1319,RES,true,true,true,2028-07-31,false,6,6,1.1,CO-ED,true,false,38.778819,-121.184489
310008BP,NEW DAWN TREATMENT CENTERS,CDT SERVICE CORPORATION,1741 E ROSEVILLE PKWY,SUITE 200,,ROSEVILLE,CA,95661,Placer County,31,(916) 784-1149,NON,false,false,true,2026-12-31,false,0,0,1.1,CO-ED,false,false,38.741549,-121.235769
310008CP,NEW DAWN TREATMENT CENTERS,CDT SERVICE CORPORATION,3598 ANNABELLE AVE,,,ROSEVILLE,CA,95661,Placer County,31,(916) 784-1419,RES,true,true,true,2027-01-31,false,6,6,1.3,WOMEN ONLY,true,false,38.727626,-121.234526
310008DP,NEW DAWN TREATMENT CENTERS,CDT SERVICE CORPORATION,13781 LA DOLCE VITA PL,,,AUBURN,CA,95602,Placer County,31,(916) 784-1189,RES,true,true,true,2027-12-31,false,10,10,1.1,CO-ED,true,false,38.964503,-121.064958
310013AP,CALIFORNIA RECOVERY CENTER LLC,CALIFORNIA RECOVERY CENTER LLC,423 OAK STREET,,"427 OAK STREET, 207 TAYLOR STREET, AND 8026 COOK RIOLO ROAD, ROSEVILLE, CA 95747",ROSEVILLE,CA,95678,Placer County,31,(916) 380-5808,RES,true,true,false,2027-05-31,false,17,17,1.1,CO-ED,true,false,38.746611,-121.285054
310013BP,CALIFORNIA RECOVERY CENTER,CALIFORNIA RECOVERY CENTER LLC,920 RESERVE DRIVE,SUITE 180,,ROSEVILLE,CA,95678,Placer County,31,(866) 864-1986,NON,false,false,true,2026-08-31,false,0,0,1.1,CO-ED,false,false,38.763512,-121.270188
310019AN,AUBURN CAMPUS-OUTPATIENT PROGRAM,GRANITE WELLNESS CENTERS,12183 LOCKSLEY LANE,"SUITE 101, 102, 103 & 104",,AUBURN,CA,95602-2050,Placer County,31,(530) 885-1961,NON,false,false,true,2027-09-30,false,0,0,1.10,CO-ED/YOUTH,false,false,38.950307,-121.096269
310019FN,ROSEVILLE CAMPUS,GRANITE WELLNESS CENTERS,406 SUNRISE AVENUE,SUITE 100,,ROSEVILLE,CA,95661,Placer County,31,(916) 782-3737,NON,false,false,true,2027-11-30,false,0,0,1.1,CO-ED,false,false,38.739452,-121.272057
310019GN,LINCOLN SERVICE CENTER,GRANITE WELLNESS CENTERS,1530 3RD STREET,SUITE 106,,LINCOLN,CA,95648-2500,Placer County,31,(916) 434-8927,NON,false,false,true,2027-11-30,false,0,0,1.1,CO-ED,false,false,38.889186,-121.303616
310020AN,SIERRA NATIVE ALLIANCE - WHITE BISON PROGRAM (WBP),NATIVE ALLIANCE OF THE SIERRA NEVADA FOOTHILLS,610  AUBURN RAVINE ROAD,SUITE G,,AUBURN,CA,95603-3930,Placer County,31,(530) 888-8767,NON,false,false,true,2026-07-31,true,0,0,1.1,CO-ED,false,false,38.910036,-121.074156
310023AP,PATHWAYS RECOVERY,PATHWAYS RECOVERY,1101 KENSINGTON DRIVE,,,ROSEVILLE,CA,95661,Placer County,31,(916) 735-8377,RES,true,true,false,2027-10-31,false,6,6,1.2,MEN ONLY,true,false,38.727063,-121.273323
310023CP,PATHWAYS RECOVERY,PATHWAYS RECOVERY,775 SUNRISE AVENUE,SUITE 210,,ROSEVILLE,CA,95661,Placer County,31,(916) 735-8377,NON,false,false,true,2028-07-31,false,0,0,1.1,CO-ED,false,false,38.73244,-121.272033
310023DP,PATHWAYS RECOVERY,PATHWAYS RECOVERY,8615 ROCK SPRINGS RD.,,,PENRYN,CA,95663,Placer County,31,(916) 735-8377,RES,true,true,false,2028-04-30,false,8,8,1.1,CO-ED,true,false,38.840075,-121.141884
310023EP,PATHWAYS RECOVERY,PATHWAYS RECOVERY,3551 BANKHEAD ROAD,,,LOOMIS,CA,95650,Placer County,31,(916) 735-8377,RES,true,true,false,2028-07-31,false,8,8,1.1,CO-ED,true,false,38.824585,-121.210323
310033AP,THE PATHWAY PROGRAM,"AZEVEDO, INC.",3900 ROCKLIN ROAD,SUITE 100,,ROCKLIN,CA,95677,Placer County,31,(916) 234-0097,NON,false,false,true,2027-01-31,false,0,0,1.1,CO-ED,false,false,38.79024,-121.235044
310038BP,ROCKLIN REHAB LLC,ROCKLIN REHAB LLC,4960 ROCKLIN ROAD,SUITE 200,,ROCKLIN,CA,95677,Placer County,31,(714) 609-9300,NON,false,false,true,2026-08-31,false,0,0,1.1,CO-ED,false,false,38.78858,-121.210954
310039AP,TROST HEALTH CA LLC,TROST HEALTH CA LLC,3017 DOUGLAS BLVD,"SUITE 300, OFFICE #69",,ROSEVILLE,CA,95661,Placer County,31,(916) 891-6218,NON,false,false,true,2027-12-31,false,0,0,1.1,CO-ED,false,false,38.744115,-121.232428
310040AP,COMMUNITY OUTREACH RECOVERY & REHABILITATION,JCL INVESTMENTS LLC,318 LINCOLN WAY,"SUITE A, B, C, D",,AUBURN,CA,95603,Placer County,31,(530) 798-6367,RES,false,true,false,2028-02-28,false,15,15,1.2,MEN ONLY,false,false,38.906601,-121.06644
310041AP,"RECOVER MEDICAL GROUP, PC",RECOVER MEDICAL GROUP P.C.,3730 ATHERTON RD,,,ROCKLIN,CA,95765,Placer County,31,(858) 208-0121,NON,false,false,true,2026-06-30,true,0,0,1.1,CO-ED,false,false,38.815763,-121.294013
310042AN,PLACER COUNTY HHS SUBSTANCE USE SERVICES,COUNTY OF PLACER,101 CIRBY HILLS DR,,,ROSEVILLE,CA,95678,Placer County,31,(916) 787-8800,NON,false,false,true,2026-12-31,false,0,0,1.1,CO-ED,false,false,38.730928,-121.286535
310042BN,PLACER COUNTY HHS SUBSTANCE USE SERVICES,COUNTY OF PLACER,11434 B AVENUE,SUITE 200,,AUBURN,CA,95603,Placer County,31,(916) 787-8800,NON,false,false,true,2026-12-31,false,0,0,1.1,CO-ED,false,false,38.938745,-121.106205
310043AN,VALORS HARBOR REHAB AND RESPITE,VALORS HARBOR REHAB AND RESPITE,8435 CRATER HILL RD,,,NEWCASTLE,CA,95658,Placer County,31,(530) 222-3322,RES,true,true,true,2027-04-30,false,6,6,1.1,CO-ED,true,false,38.904936,-121.146183
310044AP,ROSEVILLE RECOVERY CENTER,SUNSHINE SANDS LLC,5088 GLENWOOD SPRINGS WAY,,,ROSEVILLE,CA,95747,Placer County,31,(916) 899-4581,RES,true,true,false,2027-04-30,false,6,6,1.1,CO-ED,true,false,38.789172,-121.387675
310045AP,NORCAL TREATMENT CENTERS,NORCAL TREATMENT CENTERS LLC,9391 HORSESHOE BAR ROAD,,,LOOMIS,CA,95650,Placer County,31,(530) 434-4595,RES,true,true,true,2028-02-29,false,6,6,1.1,CO-ED,true,false,38.811228,-121.124801
310045BP,NORCAL TREATMENT CENTERS,NORCAL TREATMENT CENTERS LLC,1905 BALD HILL ROAD,,,AUBURN,CA,95603,Placer County,31,(530) 434-4595,RES,true,true,true,2027-11-30,false,6,6,1.1,CO-ED,true,false,38.90194,-121.119942
310045CP,NORCAL TREATMENT CENTERS,NORCAL TREATMENT CENTERS LLC,4465 GRANITE DRIVE,# 1029 & 1031,,ROCKLIN,CA,95677,Placer County,31,(916) 251-4168,NON,false,false,true,2028-06-30,false,0,0,,,false,false,38.79447,-121.218239
310048AP,HOPESIDE DETOX LLC,HOPESIDE DETOX LLC,15 GOLFWOOD COURT,,,ROSEVILLE,CA,95678,Placer County,31,(916) 860-9900,RES,true,true,false,2026-10-31,false,6,6,1.1,CO-ED,true,false,38.771738,-121.294788
320002AN,PLUMAS COUNTY BEHAVIORAL HEALTH,PLUMAS COUNTY BEHAVIORAL HEALTH,270 CO. HOSPITAL RD,SUITE 109,,QUINCY,CA,95971,Plumas County,32,(530) 283-6307,NON,false,false,true,2026-12-31,false,0,0,1.1,CO-ED,false,false,39.952516,-120.963434
330001AN,ABC RECOVERY CENTERS,"A.B.C. RECOVERY CENTER, INC.",44374 PALM STREET,,44435 BISKRA STREET,INDIO,CA,92201,Riverside County,33,(760) 342-6616 X234,RES,true,true,true,2028-06-30,false,75,75,1.9,CO-ED/CHILDREN,true,false,33.72614,-116.227373
330001BN,ABC RECOVERY CENTER OUTPATIENT PROGRAM,"A.B.C. RECOVERY CENTER, INC.",82353 INDIO BLVD.,,,INDIO,CA,92201,Riverside County,33,(760) 342-6616,NON,false,false,true,2027-07-31,false,0,0,1.5,YOUTH/ADOLESCENT,false,false,33.725688,-116.228109
330003AN,THE RANCH,"THE RANCH RECOVERY CENTERS, INC.",7885 ANNANDALE AVENUE,,,DESERT HOT SPRINGS,CA,92240-1419,Riverside County,33,(760) 329-2924,RES,true,true,true,2028-06-30,false,41,41,1.2,MEN ONLY,true,false,33.990539,-116.524238
330003BN,HACIENDA VALDEZ,"THE RANCH RECOVERY CENTERS, INC.",12890 QUINTA WAY,,,DESERT HOT SPRINGS,CA,92240-4852,Riverside County,33,(760) 329-2959,RES,true,true,true,2028-06-30,false,35,35,1.3,WOMEN ONLY,true,false,33.954892,-116.476119
330004AN,MEN'S SUBSTANCE ABUSE RECOVERY HOME,WHITESIDE MANOR,2709 ORANGE STREET,,2743 & 2759 ORANGE STREET,RIVERSIDE,CA,92501,Riverside County,33,(951) 788-9515,RES,true,true,true,2028-05-31,false,32,32,1.2,MEN ONLY,true,false,33.991175,-117.36663
330004TN,WILSHIRE HOUSE,WHITESIDE MANOR,2452 WILSHIRE STREET,,2456 WILSHIRE STREET,RIVERSIDE,CA,92501,Riverside County,33,(951) 682-6631,RES,true,true,true,2026-11-30,false,14,14,1.3,WOMEN ONLY,true,false,33.994453,-117.36763
330004WN,PALM AVENUE WOMEN'S PROGRAM,WHITESIDE MANOR,4750 PALM AVENUE,,,RIVERSIDE,CA,92501,Riverside County,33,(951) 788-9515,RES,true,true,true,2027-10-31,false,12,12,1.3,WOMEN ONLY,true,false,33.976478,-117.390912
330006AP,SOLID GROUND WELLNESS IN RECOVERY LLC,SOLID GROUND WELLNESS IN RECOVERY LLC,6860 BROCKTON AVENUE,SUITE 9,,RIVERSIDE,CA,92506,Riverside County,33,(888) 747-6863,NON,false,false,true,2027-11-30,false,0,0,1.1,CO-ED,false,false,33.948989,-117.396722
330009ON,OMEGA/ BETA PROGRAM LAKE ELSINORE,RIVERSIDE RECOVERY RESOURCES,600 THIRD STREET,SUITE C,,LAKE ELSINORE,CA,92530,Riverside County,33,(951) 674-5354,NON,false,false,true,2028-05-31,false,0,0,1.1,CO-ED,false,false,33.68759,-117.336577
330009SN,OMEGA/BETA PROGRAM RIVERSIDE,RIVERSIDE RECOVERY RESOURCES,3757 ELIZABETH STREET,,,RIVERSIDE,CA,92506,Riverside County,33,(951) 684-3744,NON,false,false,true,2028-06-30,false,0,0,1.1,CO-ED,false,false,33.958641,-117.39165
330013AN,MFI WOODCREST RECOVERY CENTER,MFI RECOVERY CENTER,17270 ROOSEVELT STREET,,,RIVERSIDE,CA,92508,Riverside County,33,(951) 683-6596 X1072,RES,true,true,true,2027-11-30,false,56,56,1.2,MEN ONLY,true,false,33.868325,-117.348825
330013GN,A WOMAN'S PLACE,MFI RECOVERY CENTER,4295 BROCKTON AVENUE,,,RIVERSIDE,CA,92501,Riverside County,33,(951) 683-6596 X1072,RES,true,true,true,2027-07-31,false,38,64,1.4,WOMEN/CHILDREN,true,false,33.979538,-117.382297
330013IN,MFI RECOVERY CENTER,MFI RECOVERY CENTER,5870 ARLINGTON AVENUE,,,RIVERSIDE,CA,92504,Riverside County,33,(951) 683-6596,NON,false,false,true,2027-05-31,false,0,0,1.1,CO-ED,false,false,33.94593,-117.43128
330013JN,MFI RECOVERY CENTER,MFI RECOVERY CENTER,1035 WEST RAMSEY STREET,SUITE A,,BANNING,CA,92220,Riverside County,33,(951) 683-6596,NON,false,false,true,2027-05-31,false,0,0,1.1,CO-ED,false,false,33.925441,-116.888384
330013KN,MFI- MT. RUBIDOUX,MFI RECOVERY CENTER,4440 UNIVERSITY AVENUE,UNITS 1-9 AND 11-15,,RIVERSIDE,CA,92501,Riverside County,33,(818) 317-4086,RES,true,true,false,2027-08-31,false,33,33,1.1,CO-ED,true,false,33.986032,-117.383435
330013QN,VALLEY-WIDE COUNSELING SERVICES,MFI RECOVERY CENTER,950 NORTH STATE STREET,UNITS D AND E,,HEMET,CA,92543,Riverside County,33,(951) 683-6596,NON,false,false,true,2027-06-30,false,0,0,1.1,CO-ED,false,false,33.76326,-116.97179
330013RN,MFI RECOVERY CENTER,MFI RECOVERY CENTER,24885 WHITEWOOD ROAD,#105,,MURRIETA,CA,92563,Riverside County,33,(951) 683-6596,NON,false,false,true,2027-07-31,false,0,0,1.5,YOUTH/ADOLESCENT,false,false,33.577919,-117.1789
330013SN,"LA VISTA, A PROGRAM OF MFI RECOVERY CENTER",MFI RECOVERY CENTER,294 E. MIDWAY AVENUE,,"220 GIRARD STREET, BLDG. A & B",SAN JACINTO,CA,92583,Riverside County,33,(951) 925-8450,RES,true,true,true,2026-10-31,false,29,29,1.3,WOMEN ONLY,true,false,33.763893,-116.954615
330013TN,SUNRISE HOUSE,MFI RECOVERY CENTER,43250 MIDNIGHT CT,,,BANNING,CA,92220,Riverside County,33,(951) 683-6596,RES,true,true,true,2027-09-30,false,6,6,1.2,MEN ONLY,true,false,33.960088,-116.906938
330014DP,MICHAEL'S HOUSE,"PALM SPRINGS TREATMENT CENTERS, LLC",1910 SOUTH CAMINO REAL,,,PALM SPRINGS,CA,92264,Riverside County,33,(760) 320-3433,RES,true,true,false,2028-03-31,false,60,60,1.1,CO-ED,true,false,33.797264,-116.539093
330014EP,MICHAEL'S HOUSE OUTPATIENT CENTER,"PALM SPRINGS TREATMENT CENTERS, LLC",515 NORTH PALM CANYON DRIVE,BUILDING H,,PALM SPRINGS,CA,92262,Riverside County,33,(760) 459-6047,NON,false,false,true,2026-11-30,false,0,0,1.8,DUAL DIAGNOSIS,false,false,33.830694,-116.546864
330016AN,SOROPTIMIST HOUSE OF HOPE #1,"SOROPTIMIST HOUSE OF HOPE, INC.",13525 CIELO AZUL WAY,,,DESERT HOT SPRINGS,CA,92240,Riverside County,33,(760) 329-4673,RES,true,true,true,2028-02-29,false,6,6,1.3,WOMEN ONLY,true,false,33.950482,-116.481118
330019CP,SOLUTIONPOINT BEHAVIORAL HEALTH,PRIVATE SOLUTION DETOX CORP.,72301 COUNTRY CLUB DRIVE,SUITE 113,,RANCHO MIRAGE,CA,92270,Riverside County,33,(833) 773-3869,NON,false,false,true,2028-04-30,false,0,0,1.1,CO-ED,false,false,33.757775,-116.402454
330019DP,SOLUTIONPOINT BEHAVIORAL HEALTH,PRIVATE SOLUTION DETOX CORP.,72-301 COUNTRY CLUB DRIVE,SUITE 102 AND 200,,RANCHO MIRAGE,CA,92270,Riverside County,33,(833) 773-3869,RES,true,true,true,2028-04-30,false,10,10,1.1,CO-ED,true,false,33.686494,-116.407224
330020AN,METCALF RECOVERY RANCH,"VARP, INC.",9826 18TH AVENUE,,,BLYTHE,CA,92225,Riverside County,33,(760) 922-8625,RES,false,true,true,2028-06-30,false,20,20,1.2,MEN ONLY,false,false,33.574241,-114.584306
330022BP,"LIVING LONGER RECOVERY, INC",LIVING LONGER RECOVERY INC.,68257 CALLE AZTECA,,,DESERT HOT SPRINGS,CA,92240,Riverside County,33,(760) 894-3182,RES,true,true,false,2028-04-30,false,14,14,1.1,CO-ED,true,false,33.952605,-116.470685
330029AP,BELLA MONTE RECOVERY II LLC,BELLA MONTE RECOVERY II LLC,68111 CALLE LAS TIENDAS,,,DESERT HOT SPRINGS,CA,92240,Riverside County,33,(760) 676-5125,RES,true,true,true,2026-11-30,false,38,38,1.1,CO-ED,true,false,33.952918,-116.473587
330032BP,HILL ALCOHOL & DRUG TREATMENT,"COMMUNITY SOLUTIONS, INC.",41877 ENTERPRISE CIRCLE NORTH,SUITE 100,,TEMECULA,CA,92590,Riverside County,33,(951) 719-3685,NON,true,false,true,2026-12-31,false,0,0,1.1,CO-ED,false,false,33.517117,-117.169523
330037AN,CASA LAS PALMAS RECOVERY HOME,"RIVERSIDE COUNTY LATINO COMMISSION ON ALCOHOL AND DRUG ABUSE SERVICES, INC.",83844 HOPI AVENUE,,,INDIO,CA,92203,Riverside County,33,(760) 347-9442,RES,false,true,false,2028-07-31,false,7,7,1.2,MEN ONLY,true,false,33.733485,-116.202057
330037BN,CASA CECILIA RECOVERY HOME,"RIVERSIDE COUNTY LATINO COMMISSION ON ALCOHOL AND DRUG ABUSE SERVICES, INC.",83385 ROSA AVENUE,,,THERMAL,CA,92274,Riverside County,33,(760) 398-2008,RES,false,true,true,2028-05-31,false,6,7,1.3,WOMEN ONLY,true,false,33.648493,-116.20936
330037DN,RIVERSIDE COUNTY LATINO COMMISSION COUNSELING CENTER,"RIVERSIDE COUNTY LATINO COMMISSION ON ALCOHOL AND DRUG ABUSE SERVICES, INC.",1612 FIRST STREET,,,COACHELLA,CA,92236,Riverside County,33,(760) 398-9000,NON,false,false,true,2027-02-28,false,0,0,1.5,YOUTH/ADOLESCENT,false,false,33.683445,-116.178433
330037FN,MICHAEL'S YOUTH HOME FOR BOYS,"RIVERSIDE COUNTY LATINO COMMISSION ON ALCOHOL AND DRUG ABUSE SERVICES, INC.",43485 HOLLYHOCK ST.,,,INDIO,CA,92201,Riverside County,33,(760) 619-2860,DSS,false,false,true,2028-04-30,false,0,0,1.5,YOUTH/ADOLESCENT,false,false,33.732718,-116.244536
330037GN,BEA'S DETOX FOR MEN,"RIVERSIDE COUNTY LATINO COMMISSION ON ALCOHOL AND DRUG ABUSE SERVICES, INC.",50173 CALLE MARBELLA,,,COACHELLA,CA,92236,Riverside County,33,(442) 256-3145,RES,true,true,true,2027-01-31,false,10,10,1.2,MEN ONLY,true,false,33.683363,-116.197915
330053AP,CALIFORNIA BEHAVIORAL HEALTH,CALIFORNIA BEHAVIORAL HEALTH LLC,37066 BANKSIDE DRIVE,,,CATHEDRAL CITY,CA,92234,Riverside County,33,(760) 459-3736,RES,true,true,true,2027-07-31,false,30,30,1.1,CO-ED,true,false,33.779304,-116.47063
330064AP,PROMISING OUTLOOK,C&C HOMES LLC,4136 10TH STREET,,,RIVERSIDE,CA,92501,Riverside County,33,(714) 737-1494,NON,false,false,true,2027-07-31,false,0,0,1.1,CO-ED,false,false,33.982324,-117.380942
330081AP,TEMECULA VALLEY COMPREHENSIVE TREATMENT CENTER,"WCHS, INC.",40700 CALIFORNIA OAKS ROAD,"SUITES 201, 202 AND 203",,MURRIETA,CA,92562,Riverside County,33,(951) 894-5072,NON,true,false,true,2028-07-31,false,0,0,1.1,CO-ED,false,false,33.570833,-117.204387
330081CP,DESERT COMPREHENSIVE TREATMENT CENTER,"WCHS, INC.",1330 NORTH INDIAN CANYON DRIVE,"SUITES A, B, C AND G",,PALM SPRINGS,CA,92262,Riverside County,33,(760) 322-9065,NON,false,false,true,2028-06-30,false,0,0,1.1,CO-ED,false,false,33.841419,-116.54557
330081DP,RIVERSIDE COMPREHENSIVE TREATMENT CENTER,"WCHS, INC.",1021 WEST LA CADENA,,,RIVERSIDE,CA,92501,Riverside County,33,(951) 784-8010,NON,true,false,true,2026-11-30,false,0,0,1.1,CO-ED,false,false,34.00395,-117.350612
330100AP,RANCH CREEK RECOVERY,"RANCH CREEK RECOVERY, INC.",25650 BASS POINT,,,MURRIETA,CA,92562,Riverside County,33,(951) 696-9200,RES,true,true,true,2027-01-31,false,6,6,1.1,CO-ED,false,false,33.533604,-117.209024
330100BP,RANCH CREEK RECOVERY OUTPATIENT,"RANCH CREEK RECOVERY, INC.",43264 BUSINESS PARK DRIVE,#101,,TEMECULA,CA,92590,Riverside County,33,(951) 695-9300,NON,false,false,true,2028-07-31,false,0,0,1.1,CO-ED,false,false,33.500645,-117.165536
330101AP,HEMET VALLEY RECOVERY CENTER RESIDENTIAL SERVICES,"KPC GLOBAL MEDICAL CENTERS, INC.",371 NORTH WESTON PLACE,,,HEMET,CA,92543,Riverside County,33,(951) 765-4957,RES,false,true,false,2026-11-30,false,32,32,1.1,CO-ED,false,false,33.752446,-116.959809
330114AP,ADDICTION THERAPEUTIC SERVICES,"J. HERNDONS, LLC",69730 HWY 111,SUITE 109 AND 110,,RANCHO MIRAGE,CA,92270,Riverside County,33,(760) 778-6120,NON,true,false,true,2027-09-30,false,0,0,1.1,CO-ED,false,false,33.772787,-116.44737
330116BP,KEN SEELEY COMMUNITIES,INTERVENTION911,1900 EAST TAHQUITZ CANYON WAY,SUITES B1-B3,,PALM SPRINGS,CA,92262,Riverside County,33,(323) 401-3660,NON,false,false,true,2026-12-31,false,0,0,1.1,CO-ED,false,false,33.823204,-116.525535
330116EP,KEN SEELEY COMMUNITIES,INTERVENTION911,501 N. CANTERA CIRCLE,,502 N CERRITOS DRIVE,PALM SPRINGS,CA,92262,Riverside County,33,(323) 401-3660,RES,true,true,false,2026-11-30,false,12,12,1.1,CO-ED,false,false,33.830663,-116.522742
330128AP,SOUTH CALIFORNIA ROAD TO RECOVERY,"MALIBU BEHAVIORAL HEALTH SERVICES, INC.",7057 GASKIN PLACE,,,RIVERSIDE,CA,92506,Riverside County,33,(951) 776-8869,RES,true,true,false,2027-06-30,false,6,6,1.1,CO-ED,true,false,33.920207,-117.33964
330138BP,"THE KILOBY CENTER FOR RECOVERY, INC","THE KILOBY CENTER FOR RECOVERY, INC.",71-777 SAN JACINTO DRIVE,SUITE 102,,RANCHO MIRAGE,CA,92270,Riverside County,33,(562) 256-5216,NON,false,false,true,2027-04-30,false,0,0,1.1,CO-ED,false,false,33.74584,-116.4141
330143AP,PHOENIX RISING RECOVERY,"EXECUTIVE RECOVERY GROUP, LLC",35450 PEGASUS COURT,,"44295 VIA CORONADO, LA QUINTA, CA 92253",PALM DESERT,CA,92211,Riverside County,33,(760) 200-3839,RES,true,true,false,2028-01-31,false,12,12,1.1,CO-ED,true,false,33.791937,-116.345289
330143DP,PHOENIX RISING RECOVERY,"EXECUTIVE RECOVERY GROUP, LLC",35450 PEGASUS COURT,UNIT C,,PALM DESERT,CA,92211,Riverside County,33,(760) 409-1287,RES,true,true,false,2028-06-30,false,6,6,1.1,CO-ED,true,false,33.791937,-116.345289
330143FP,PHOENIX RISING RECOVERY IOP,"EXECUTIVE RECOVERY GROUP, LLC",43875 WASHINGTON STREET,SUITE F,,PALM DESERT,CA,92211,Riverside County,33,(760) 345-7239,NON,false,false,true,2027-02-28,false,0,0,1.1,CO-ED,false,false,33.730198,-116.303974
330144BP,THE RANCH,"RANCHO MILAGRO RECOVERY, INC.",37235 PAINTED PONY ROAD,,,TEMECULA,CA,92592,Riverside County,33,(951) 526-4582,RES,true,true,true,2028-03-31,false,10,10,1.1,CO-ED,true,false,33.584845,-116.95624
330144CP,RANCHO MILAGRO RECOVERY,"RANCHO MILAGRO RECOVERY, INC.",27570 COMMERCE CENTER DRIVE,SUITE 220 AND 222,,TEMECULA,CA,92592,Riverside County,33,(951) 526-4582,NON,false,false,true,2028-06-30,false,0,0,1.1,CO-ED,false,false,33.513435,-117.162152
330148BP,PALM DESERT RECOVERY CENTER,"PALM DESERT RECOVERY CENTER, INC.",74350 ALESSANDRO DRIVE,SUITE A1,,PALM DESERT,CA,92260,Riverside County,33,(760) 550-0613,NON,false,false,true,2028-06-30,false,0,0,1.1,CO-ED,false,false,33.722071,-116.367697
330152EP,SOLUTION BASED TREATMENT AND DETOX,"SBT HEALTH, INC.",30780 OLYMPIA ROSE DRIVE,,,MURRIETA,CA,92563,Riverside County,33,(877) 309-4311,RES,true,true,true,2028-07-31,false,6,6,1.1,CO-ED,true,false,33.608312,-117.122459
330152FP,SOLUTION BASED TREATMENT AND DETOX,"SBT HEALTH, INC.",34946 MANU CIRCLE,,,WINCHESTER,CA,92596,Riverside County,33,(877) 309-4311,RES,true,true,false,2028-01-31,false,6,6,1.1,CO-ED,true,false,33.613318,-117.107106
330158AN,DIVINE INTERVENTION RECOVERY RANCH,THE ROSE OF SHARON 7,23931 WARREN ROAD,,,SAN JACINTO,CA,92582,Riverside County,33,(760) 618-1286,RES,true,true,true,2027-01-31,false,6,6,1.3,WOMEN ONLY,false,false,33.773923,-117.037668
330161BP,"NATURAL REST HOUSE, INC.","NATURAL REST HOUSE, INC.",79100 OCOTILLO DRIVE,,,LA QUINTA,CA,92253,Riverside County,33,(760) 834-8418,RES,true,true,false,2026-12-31,false,6,6,1.1,CO-ED,true,false,33.7241,-116.284613
330161CP,NATURAL REST HOUSE,"NATURAL REST HOUSE, INC.",68487 E CANYON DRIVE,SUITE 32,,CATHEDRAL CITY,CA,92234,Riverside County,33,(734) 833-1454,NON,false,false,true,2028-02-29,false,0,0,1.1,CO-ED,false,false,33.780421,-116.467052
330164AN,BETTY FORD CENTER,HAZELDEN BETTY FORD FOUNDATION,39407 VISTA DEL SOL,,,RANCHO MIRAGE,CA,92270,Riverside County,33,(760) 423-6715,NON,false,false,true,2027-05-31,false,0,0,1.7,FAMILIES,false,false,33.762516,-116.39765
330165AP,EVERLAST RECOVERY CENTERS INC.,EVERLAST RECOVERY CENTERS INC.,6560 SANDY LANE,,"19192 TURRELL WAY, RIVERSIDE, CA 92508",RIVERSIDE,CA,92505,Riverside County,33,(951) 565-8474,RES,true,true,true,2027-05-31,false,20,20,1.1,CO-ED,true,false,33.947876,-117.494276
330166BP,TRANQUIL PALMS,SBR RECOVERY. LLC,74-075 EL PASEO,SUITE B-2,,PALM DESERT,CA,92260,Riverside County,33,(800) 277-3105,NON,false,false,true,2027-03-31,false,0,0,1.3,WOMEN ONLY,false,false,33.719799,-116.372404
330170CN,IMMANUEL HOUSE RESIDENTIAL TREATMENT PROGRAM,IMMANUEL SOBRIETY INC.,13921 COURAGE STREET,,,MORENO VALLEY,CA,92553,Riverside County,33,(951) 267-7688,RES,false,true,false,2027-07-31,false,6,6,1.1,CO-ED,false,false,33.91847,-117.265129
330170DN,IMMANUEL HOUSE RESIDENTIAL TREATMENT PROGRAM,IMMANUEL SOBRIETY INC.,835 ANIRA COURT,,,PERRIS,CA,92571,Riverside County,33,(951) 435-7199,RES,false,true,false,2027-07-31,false,15,15,1.1,CO-ED,false,false,33.853767,-117.206955
330170FN,IMMANUEL HOUSE RESIDENTIAL TREATMENT PROGRAM,IMMANUEL SOBRIETY INC.,13941 COURAGE STREET,,,MORENO VALLEY,CA,92553,Riverside County,33,(951) 775-3879,RES,false,true,false,2027-07-31,false,6,6,1.2,MEN ONLY,false,false,33.918464,-117.265129
330170GN,IMMANUEL HOUSE OUTPATIENT TREATMENT,IMMANUEL SOBRIETY INC.,14340 ELSWORTH STREET,SUITES 108 AND 109,,MORENO VALLEY,CA,92553,Riverside County,33,(951) 653-3000,NON,false,false,true,2027-01-31,false,0,0,1.1,CO-ED,false,false,33.912604,-117.2701
330171AP,CARING HANDS RECOVERY LLC,CARING HANDS RECOVERY LLC,1604 RIVENDEL DRIVE,,,CORONA,CA,92883,Riverside County,33,(760) 468-3444,RES,true,true,true,2027-07-31,false,6,6,1.1,CO-ED,true,false,33.812784,-117.544971
330173CP,BANYAN PALM SPRINGS LLC,BANYAN PALM SPRINGS LLC,67580 JONES ROAD,,,CATHEDRAL CITY,CA,92234,Riverside County,33,(760) 616-5800,RES,true,true,true,2027-05-31,false,42,42,1.1,CO-ED,true,false,33.790655,-116.482792
330173DP,BANYAN PALM SPRINGS LLC,BANYAN PALM SPRINGS LLC,73771 DINAH SHORE DRIVE,SUITE 200,,PALM DESERT,CA,92211,Riverside County,33,(760) 904-0203,NON,false,false,true,2027-05-31,false,0,0,1.1,CO-ED,false,false,33.795774,-116.376592
330179IP,MOUNTAIN GATE TREATMENT CENTER,SHAHIDA K SYED ENTERPRISES LLC,4300 GREEN RIVER RD.,SUITE 108,,CORONA,CA,92882,Riverside County,33,(909) 367-6818,NON,false,false,true,2027-04-30,false,0,0,1.1,CO-ED,false,false,33.878849,-117.64926
330189AP,REVIVING YOU RECOVERY HOUSE LLC,REVIVING YOU RECOVERY HOUSE LLC,28889 PARK TRAIL WAY,,29256 GUAVA STREET,MENIFEE,CA,92584,Riverside County,33,(760) 420-6654,RES,true,true,false,2028-04-30,false,14,14,1.1,CO-ED,true,false,33.703768,-117.144604
330191AP,WE LEVEL UP CALIFORNIA LLC,WE LEVEL UP CALIFORNIA LLC,31631 AUTO CENTER DRIVE,,,LAKE ELSINORE,CA,92530,Riverside County,33,(951) 461-5134,RES,true,true,false,2028-04-30,false,36,36,1.1,CO-ED,true,false,33.661794,-117.301156
330192CP,PALO VERDE WELLNESS,"PALM SPRINGS SOBER LIVING, INC.",1200 PASATIEMPO RD,,,PALM SPRINGS,CA,92262,Riverside County,33,(413) 579-7290,RES,true,true,true,2027-06-30,false,6,6,1.1,CO-ED,true,false,33.838707,-116.532181
330195AP,PH WELLNESS,"PH WELLNESS, INC.",7603 DUFFERIN AVENUE,,"7635 DUFFERIN AVENUE, AND 7770 BROADACRE PLACE AND 7927 WOODLAND DR.",RIVERSIDE,CA,92504,Riverside County,33,(951) 507-3145,RES,true,true,false,2028-05-31,false,24,24,1.1,CO-ED,true,false,33.916487,-117.39258
330196BP,COACHELLA VALLEY RECOVERY CENTER INC,COACHELLA VALLEY RECOVERY CENTER INC,29660 AVENIDA LA VISTA,,,CATHEDRAL CITY,CA,92234,Riverside County,33,(760) 760-2872 X5888,RES,true,true,false,2027-12-31,false,6,6,1.1,CO-ED,true,false,33.832563,-116.459267
330197BP,"RESURGENCE CALIFORNIA, LLC","RESURGENCE CALIFORNIA, LLC",3686 PACIFIC AVE,,,JURUPA VALLEY,CA,92509,Riverside County,33,(855) 458-0050,RES,true,true,false,2026-11-30,false,61,61,1.1,CO-ED,true,false,34.005871,-117.420352
330201BP,AURORA RECOVERY CENTER,URP CALIFORNIA LLC,210 W 6TH ST.,,,BEAUMONT,CA,92223,Riverside County,33,(951) 405-4711,RES,true,true,true,2028-07-31,false,31,31,1.1,CO-ED,true,false,33.929628,-116.98178
330202AP,"MOUNTAIN SKY RECOVERY, LLC","MOUNTAIN SKY RECOVERY, LLC",39785 SPINNING WHEEL DR,,37825 MOCKINGBIRD AVE,MURRIETA,CA,92562,Riverside County,33,(949) 228-8478,RES,true,true,false,2027-04-30,false,6,6,1.1,CO-ED,true,false,33.596652,-117.211853
330204AN,CEDAR HOUSE LIFE CHANGE CENTER AT ARLINGTON,"SOCIAL SCIENCE SERVICES, INC.",10001 COUNTY FARM RD,,,RIVERSIDE,CA,92503,Riverside County,33,(909) 421-7120,RES,true,true,true,2027-03-31,false,54,54,1.1,CO-ED,true,false,33.919874,-117.46064
330206AP,PALM SPRINGS REHAB LLC,PALM SPRINGS REHAB LLC,68487 E. PALM CANYON DRIVE,SUITE 44,,CATHEDRAL CITY,CA,92234,Riverside County,33,(949) 633-1245,NON,false,false,true,2027-10-31,false,0,0,1.1,CO-ED,false,false,33.780421,-116.467052
330208AP,AFZEEE LLC,AFZEEE LLC,1718 CASEROS DR.,,,SAN JACINTO,CA,92584,Riverside County,33,(818) 425-2664,RES,true,true,false,2028-04-30,false,12,12,1.1,CO-ED,true,false,33.793682,-116.994579
330209AP,HIDEAWAY RECOVERY,"HIDEAWAY RECOVERY, LLC",68910 CONCEPCION RD,,,CATHEDRAL CITY,CA,92234,Riverside County,33,(760) 832-6730,RES,true,true,false,2028-04-30,false,6,6,1.2,MEN ONLY,true,false,33.835062,-116.460185
330212BP,TEMECULA RECOVERY CENTER,"GHC OF TEM-RCFE, LLC",44320 CAMPANULA WAY,,,TEMECULA,CA,92592,Riverside County,33,(951) 428-4990,RES,true,true,true,2027-01-31,false,64,64,1.1,CO-ED,true,false,33.483942,-117.100211
330217AP,417 RECOVERY,"417 DESERT CITIES, LLC",74075 EL PASEO,SUITE A-5,,PALM DESERT,CA,92260,Riverside County,33,(760) 702-5713,NON,false,false,true,2028-06-30,false,0,0,1.5,YOUTH/ADOLESCENT,false,false,33.719808,-116.372334
330219AN,RIVERSIDE SAPT,COUNTY OF RIVERSIDE,2085 RUSTIN AVENUE,SUITE 3,,RIVERSIDE,CA,92507,Riverside County,33,(951) 358-5195,NON,false,false,true,2026-09-30,false,0,0,1.1,CO-ED,false,false,33.993155,-117.335502
330219BN,PERRIS VALLEY SAPT,COUNTY OF RIVERSIDE,450 E SAN JACINTO AVENUE,,,PERRIS,CA,92571,Riverside County,33,(951) 358-5188,NON,false,false,true,2026-09-30,false,0,0,1.1,CO-ED,false,false,33.786628,-117.216819
330219CN,BLYTHE SAPT,COUNTY OF RIVERSIDE,1297 W. HOBSONWAY,,,BLYTHE,CA,92225,Riverside County,33,(760) 358-5191,NON,false,false,true,2026-09-30,false,0,0,1.1,CO-ED,false,false,33.610197,-114.6111
330219DN,RIVERSIDE DAY REPORTING CENTER,COUNTY OF RIVERSIDE,1020 IOWA AVENUE,SUITE B,,RIVERSIDE,CA,92507,Riverside County,33,(951) 358-4193,NON,false,false,true,2028-09-30,false,0,0,1.1,CO-ED,false,false,34.004106,-117.339755
330219EN,MORENO VALLEY SAPT,COUNTY OF RIVERSIDE,23119 COTTONWOOD AVENUE,SUITE A-100,,MORENO VALLEY,CA,92553,Riverside County,33,(951) 413-5130,NON,false,false,true,2028-09-30,false,0,0,1.1,CO-ED,false,false,33.924489,-117.259657
330219FN,SAPT CARE COORDINATION,COUNTY OF RIVERSIDE,3525 PRESLEY AVENUE,,,RIVERSIDE,CA,92507,Riverside County,33,(951) 782-2400,NON,false,false,true,2028-09-30,false,0,0,1.1,CO-ED,false,false,33.978587,-117.34701
330219GN,SAN JACINTO SAPT,COUNTY OF RIVERSIDE,1370 SOUTH STATE STREET,SUITE A,,SAN JACINTO,CA,92583,Riverside County,33,(951) 358-5198,NON,false,false,true,2026-09-30,false,0,0,1.1,CO-ED,false,false,33.773931,-116.971888
330219HN,CORONA WELLNESS & RECOVERY CENTER,COUNTY OF RIVERSIDE,2813 SOUTH MAIN STREET,,,CORONA,CA,92882,Riverside County,33,(951) 358-5193,NON,false,false,true,2028-09-30,false,0,0,1.1,CO-ED,false,false,33.847774,-117.570619
330219IN,INDIO SUBSTANCE USE PROGRAM,COUNTY OF RIVERSIDE,44199 MONROE STREET,SUITE  A,,INDIO,CA,92201,Riverside County,33,(951) 358-5196,NON,false,false,true,2028-09-30,false,0,0,1.1,CO-ED,false,false,33.727837,-116.233843
330219JN,PALM SPRINGS WELLNESS CENTER,COUNTY OF RIVERSIDE,191 N SUNRISE WAY,SUITE 2,,PALM SPRINGS,CA,92262,Riverside County,33,(951) 358-5197,NON,false,false,true,2026-09-30,false,0,0,1.1,CO-ED,false,false,33.824279,-116.52832
330219KN,LAKE ELSINORE SUBSTANCE USE PROGRAM,COUNTY OF RIVERSIDE,31760 CASINO DRIVE,SUITE 200,,LAKE ELSINORE,CA,92530,Riverside County,33,(951) 358-5192,NON,false,false,true,2028-09-30,false,0,0,1.1,CO-ED,false,false,33.657467,-117.296015
330219LN,DESERT HOT SPRINGS SUBSTANCE USE PROGRAM,COUNTY OF RIVERSIDE,14320 PALM DRIVE,,,DESERT HOT SPRINGS,CA,92240,Riverside County,33,(760) 770-2264,NON,false,false,true,2028-09-30,false,0,0,1.1,CO-ED,false,false,33.944617,-116.501269
330219MN,INDIO DAY REPORTING CENTER,COUNTY OF RIVERSIDE,46900 MONROE STREET,SUITE A-101,,INDIO,CA,92201,Riverside County,33,(760) 863-7219,NON,false,false,true,2028-09-30,false,0,0,1.1,CO-ED,false,false,33.708116,-116.23384
330219NN,TEMECULA DAY REPORTING CENTER,COUNTY OF RIVERSIDE,41002 COUNTY CENTER DRIVE,SUITE A,,TEMECULA,CA,92591,Riverside County,33,(951) 600-6009,NON,false,false,true,2028-09-30,false,0,0,1.1,CO-ED,false,false,33.527657,-117.161725
330219ON,TEMECULA SAPT,COUNTY OF RIVERSIDE,40925 COUNTY CENTER DRIVE,SUITE 100 AND 200,,TEMECULA,CA,92591,Riverside County,33,(951) 358-5195,NON,false,false,true,2026-09-30,false,0,0,1.1,CO-ED,false,false,33.528119,-117.160654
330220AP,HOPE RANCH,HOPE RANCH 211 LLC,25780 STATE HIGHWAY 74,,25780 THEDA STREET,PERRIS,CA,92570,Riverside County,33,(949) 439-3788,RES,true,true,true,2026-09-30,false,6,6,1.1,CO-ED,true,false,33.745186,-117.278918
330221AP,DUNN RECOVERY AND BEHAVIORAL HEALTHCARE SERVICES LLC,DUNN RECOVERY AND BEHAVIORAL HEALTHCARE SERVICES LLC,22650 LOST RD,,,WILDOMAR,CA,92595,Riverside County,33,(951) 658-7707,RES,true,true,false,2026-07-31,true,6,6,1.1,CO-ED,true,false,33.639277,-117.263958
330222AP,"EVOLVE WELLNESS, INC.","EVOLVE WELLNESS, INC.",4160 TEMESCAL CANYON ROAD,SUITE  401-118,,CORONA,CA,92283,Riverside County,33,(949) 886-5700,NON,false,false,true,2028-06-30,false,0,0,1.1,CO-ED,false,false,33.819293,-117.507601
330223AP,PSYCH HEALTH CENTERS INC.,PSYCH HEALTH CENTERS INC.,1276 N. PALM CANYON DRIVE,SUITE 204,,PALM SPRINGS,CA,92262,Riverside County,33,(949) 313-5265,NON,false,false,true,2026-10-31,false,0,0,1.1,CO-ED,false,false,33.840763,-116.546741
330224AP,WEST COAST DETOX LLC,WEST COAST DETOX LLC,3225 BIGHORN CIR,,,CORONA,CA,92881,Riverside County,33,(714) 341-7749,RES,true,true,false,2028-09-30,false,6,6,1.1,CO-ED,true,false,33.840536,-117.568272
330224BP,WEST COAST DETOX LLC,WEST COAST DETOX LLC,1180 CLEVELAND WAY,,,CORONA,CA,92881,Riverside County,33,(714) 341-7749,RES,true,true,false,2028-04-30,false,6,6,1.1,CO-ED,true,false,33.827752,-117.555789
330225AP,"MUIR WOOD, LLC","MUIR WOOD, LLC",2320 MARY STREET,,,RIVERSIDE,CA,92506,Riverside County,33,(310) 910-1155,DSS,false,false,true,2027-02-28,false,0,0,1.5,YOUTH/ADOLESCENT,false,false,33.926188,-117.380736
330225BP,"MUIR WOOD, LLC","MUIR WOOD, LLC",2225 DA VINCI STREET,,,RIVERSIDE,CA,92506,Riverside County,33,(310) 903-1155,DSS,false,false,true,2027-02-28,false,0,0,1.5,YOUTH/ADOLESCENT,false,false,33.923881,-117.37931
330225CP,"MUIR WOOD, LLC","MUIR WOOD, LLC",1830 BRADLEY STREET,,,RIVERSIDE,CA,92504,Riverside County,33,(310) 903-1155,DSS,false,false,true,2027-02-28,false,0,0,1.5,YOUTH/ADOLESCENT,false,false,33.908883,-117.390552
330226BP,417 RECOVERY,"417 SOUTH RIVER, LLC",33050 ANTELOPE RD,STE 201-202,,MURRIETA,CA,92563,Riverside County,33,(888) 417-7417,NON,false,false,true,2026-12-31,false,0,0,1.1,CO-ED,false,false,33.640138,-117.168268
330228AP,JOURNEY 4 SUCCESS,JOURNEY 4 SUCCESS INC,68380 VERANO RD,,,CATHEDRAL CITY,CA,92234,Riverside County,33,(760) 517-9025,RES,true,true,false,2027-01-31,false,12,12,1.1,CO-ED,true,false,33.829596,-116.468654
330229AP,THE OASIS,THE OASIS ATC LLC,70411 DESERT COVE AVE,,,RANCHO MIRAGE,CA,92270,Riverside County,33,(866) 627-4789,RES,true,true,true,2026-09-30,false,6,6,1.1,CO-ED,true,false,33.763103,-116.436429
330230AN,KINDFUL RESTORATION,KINDFUL RESTORATION,7344 MAGNOLIA AVENUE,SUITE 110,,RIVERSIDE,CA,92504,Riverside County,33,(805) 622-7747,NON,false,false,true,2026-12-31,false,0,0,1.10,CO-ED/YOUTH,false,false,33.943108,-117.406325
330231AP,CLEAR VISION TREATMENT CENTERS INC.,CLEAR VISION TREATMENT CENTERS INC.,333 NORTH PALM SPRINGS CANYON DRIVE,UNIT 211,,PALM SPRINGS,CA,92262,Riverside County,33,(818) 201-5199,NON,false,false,true,2026-12-31,false,0,0,1.1,CO-ED,false,false,33.841612,-116.539054
330232AP,"NEW BEGINNINGS RECOVERY - RANCHO MIRAGE, INC.","NEW BEGINNINGS RECOVERY - RANCHO MIRAGE, INC.",34620 VIA JOSEPHINA,,,RANCHO MIRAGE,CA,92270,Riverside County,33,(760) 666-7976,RES,true,true,true,2027-07-31,false,6,6,1.1,CO-ED,true,false,33.796565,-116.398995
330233AP,COMPASS CENTER OF WELLNESS,"COMPASS CENTER OF WELLNESS, LLC",1113 S MAIN ST,,,CORONA,CA,92882,Riverside County,33,(626) 252-4314,NON,false,false,true,2026-12-31,false,0,0,1.1,CO-ED,false,false,33.86965,-117.567246
330234AP,DESERT WILLOW WELLNESS,DESERT WILLOW WELLNESS LLC,2950 RANCHERO DR,"UNIT 1, 2, 3, 4, 5, 6, 7",,PALM SPRINGS,CA,92262,Riverside County,33,(800) 939-0216,RES,true,true,false,2026-12-31,false,12,12,1.1,CO-ED,true,false,33.816935,-116.514159
330235AP,JOYFUL MINDS RECOVERY CENTER LLC,JOYFUL MINDS RECOVERY CENTER LLC,4505 ALLSTATE DR.,SUITE 222,,RIVERSIDE,CA,92501,Riverside County,33,(951) 899-5741,NON,false,false,true,2026-12-31,false,0,0,1.1,CO-ED,false,false,34.003469,-117.37558
330237AP,"PALM SPRINGS BEHAVIORAL HEALTHCARE CENTER, INC.","PALM SPRINGS BEHAVIORAL HEALTHCARE CENTER, INC.",660 S. DESERT VIEW DR.,,,PALM SPRINGS,CA,92264,Riverside County,33,(714) 724-7988,RES,true,true,false,2027-05-30,false,6,6,1.1,CO-ED,true,false,33.813028,-116.509722
330239AN,PARADISE FACILITY,PARADISE FACILITY,30431 TIN MINE STREET,,,HOMELAND,CA,92548,Riverside County,33,(951) 462-3014,RES,false,true,true,2027-07-31,false,6,6,1.1,CO-ED,true,false,33.745164,-117.130743
330241AP,RECOVER MEDICAL GROUP P.C.,RECOVER MEDICAL GROUP P.C.,24760 SUNNYMEADE BLVD,SUITE 108,,MORENO VALLEY,CA,92553,Riverside County,33,(858) 208-0121,NON,false,false,true,2027-07-31,false,0,0,1.1,CO-ED,false,false,33.939123,-117.230575
330242BP,CALIFORNIA HEALING HORIZONS INTENSIVE OUTPATIENT PROGRAM,CALIFORNIA HEALING HORIZONS CORPORATION,1650 SPRUCE STREET,SUITE 240,,RIVERSIDE,CA,92507,Riverside County,33,(951) 592-3132,NON,false,false,true,2028-05-31,false,0,0,1.1,CO-ED,false,false,33.990272,-117.347621
330243AP,"DETECTION & TREATMENT RESOURCES, LLC","DETECTION & TREATMENT RESOURCES, LLC",1760 CHICAGO AVE.,SUITE J-17,,RIVERSIDE,CA,92507,Riverside County,33,(800) 244-1996,NON,false,false,true,2028-01-31,false,0,0,1.1,CO-ED,false,false,33.99534,-117.348322
330245AP,THE VILLAGE CARE RESIDENTIAL RECOVERY PROGRAM,"THE VILLAGE CARE, INC.",38501 STRATTON ROAD,,,TEMECULA,CA,92592,Riverside County,33,(858) 761-3656,RES,false,true,false,2028-01-31,false,6,6,1.1,CO-ED,false,false,33.564459,-116.952421
330246AP,SOL WOMENS TREATMENT,SOL MENTAL WELLNESS LLC,4175 BROCKTON AVE,,,RIVERSIDE,CA,92501,Riverside County,33,(951) 972-5085,NON,false,false,true,2028-02-29,false,0,0,1.1,CO-ED,false,false,33.980613,-117.3818
330247AP,LIVING LIGHT RECOVERY,TRINITY PATH WELLNESS INC,7320 ROCKRIDGE ROAD,,,JURUPA VALLEY,CA,92509,Riverside County,33,(424) 285-9763,RES,true,true,true,2027-12-31,false,6,6,1.1,CO-ED,false,false,33.992129,-117.44268
330248AP,DUNN RITE RECOVERY LLC,DUNN RITE RECOVERY LLC,19980 GRAND AVE,SUITE F,,LAKE ELSINORE,CA,92530,Riverside County,33,(951) 566-6154,NON,false,false,true,2028-03-31,false,0,0,,,false,false,33.6159,-117.307212
330252AP,HEALING SANDS,"HEALING SANDS MARRIAGE, FAMILY, AND CHILD COUNSELING, PROFESSIONAL CORPORATION",410 EAST LINDSEY DRIVE,,,PALM SPRINGS,CA,92262,Riverside County,33,(909) 762-2186,RES,true,true,true,2028-06-30,false,6,6,1.1,CO-ED,true,false,33.857376,-116.543149
330253AP,TERRA BEHAVIORAL HEALTH,"TBH OPCO, LLC",38855 BELLA VISTA ROAD,,,TEMECULA,CA,92592,Riverside County,33,(951) 326-1977,RES,true,true,true,2028-06-30,false,6,6,1.1,CO-ED,true,false,33.555925,-117.020857
330254AP,GOLDEN MESA RECOVERY,GOLDEN MESA RECOVERY INC,390 W. CORTEZ RD.,,,PALM SPRINGS,CA,92262,Riverside County,33,(727) 717-1771,RES,true,true,false,2028-06-30,false,6,6,1.1,CO-ED,true,false,33.853479,-116.550489
340001AN,ALPHA OAKS,"ASSOCIATED REHABILITATION PROGRAM FOR WOMEN, INC.",8400 FAIR OAKS BOULEVARD,,,CARMICHAEL,CA,95608-2502,Sacramento County,34,(916) 944-3920,RES,false,true,true,2028-05-31,false,23,23,1.3,WOMEN ONLY,false,false,38.636482,-121.306482
340001BN,CORNERSTONE,"ASSOCIATED REHABILITATION PROGRAM FOR WOMEN, INC.",6348 APPIAN WAY,,6350 APPIAN WAY,CARMICHAEL,CA,95608-0724,Sacramento County,34,(916) 966-5102,RES,false,true,true,2028-04-30,false,11,12,1.3,WOMEN ONLY,false,false,38.663125,-121.316321
340002AN,ALTUA,"RIVER CITY RECOVERY CENTER, INC.",12490 ALTA MESA ROAD,,"500 22ND STREET, SACRAMENTO, CA 95816",HERALD,CA,95638-8409,Sacramento County,34,(916) 606-8436,RES,false,true,true,2028-07-31,false,62,84,1.2,MEN ONLY,false,false,38.300674,-121.226472
340002BN,STARLIGHT,"RIVER CITY RECOVERY CENTER, INC.",2218 E STREET,,500 22ND STREET,SACRAMENTO,CA,95816,Sacramento County,34,(916) 442-4519,RES,false,true,false,2026-11-30,false,26,26,1.2,MEN ONLY,false,false,38.581297,-121.474508
340007AP,BELLA NIRVANA CENTER,"BELLA NIRVANA CENTER, INC.",1103 SIBLEY STREET,,"811, 813, 813 1/2 SIBLEY STREET",FOLSOM,CA,95630,Sacramento County,34,(916) 222-2181,RES,true,true,false,2028-03-31,false,24,24,1.1,CO-ED,true,false,38.664974,-121.17318
340007CP,BELLA NIRVANA CENTER OUTPATIENT,"BELLA NIRVANA CENTER, INC.",1141 SIBLEY STREET,,,FOLSOM,CA,95630,Sacramento County,34,(916) 222-2181,NON,false,false,true,2027-09-30,false,0,0,1.1,CO-ED,false,false,38.659971,-121.169781
340012AN,FREEDOM THROUGH EDUCATION,FREEDOM THROUGH EDUCATION,3281 35TH AVENUE,SUITE 2 AND 5,,SACRAMENTO,CA,95824,Sacramento County,34,(916) 701-5113,NON,false,false,true,2028-06-30,false,0,0,1.1,CO-ED,false,false,38.520923,-121.471263
340015AN,ALTERNATIVE HOUSE,WELLSPACE HEALTH,1550 JULIESSE AVENUE,,,SACRAMENTO,CA,95815-1803,Sacramento County,34,(916) 460-4600,RES,true,true,true,2028-02-29,false,48,48,1.1,CO-ED,false,false,38.620147,-121.43212
340015CN,CRISIS INTAKE AND COUNSELING CENTER,WELLSPACE HEALTH,1820 J STREET,,,SACRAMENTO,CA,95811-3010,Sacramento County,34,(916) 737-5555,NON,false,false,true,2028-01-31,false,0,0,1.1,CO-ED,false,false,38.577164,-121.481814
340015JN,WELLSPACE HEALTH,WELLSPACE HEALTH,4441 AUBURN BOULEVARD,SUITES A-F,,SACRAMENTO,CA,95814,Sacramento County,34,(916) 737-5555,NON,false,false,true,2028-06-30,false,0,0,1.1,CO-ED,false,false,38.647378,-121.360994
340016CP,ZINNIA HEALTH SACRAMENTO,"CS II, LLC",8946 MADISON AVENUE,,,FAIR OAKS,CA,95628,Sacramento County,34,(844) 356-3026,RES,true,true,true,2026-09-30,false,6,6,1.1,CO-ED,true,false,38.663729,-121.222068
340037BN,"ANOTHER CHOICE, ANOTHER CHANCE","ANOTHER CHOICE, ANOTHER CHANCE",7000 FRANKLIN BOULEVARD,SUITE 200,,SACRAMENTO,CA,95823,Sacramento County,34,(916) 388-9418,NON,false,false,true,2028-06-30,false,0,0,1.1,CO-ED,false,false,38.499595,-121.46131
340039BP,NEW DAWN TREATMENT CENTERS,CDT SERVICE CORPORATION,6038 ROLOFF WAY,,"6039, 6040, 6043, AND 6045 ROLOFF WAY",ORANGEVALE,CA,95662-4544,Sacramento County,34,(916) 989-1675,RES,true,true,true,2027-11-30,false,22,22,1.1,CO-ED,true,false,38.67673,-121.232061
340039EP,NEW DAWN TREATMENT CENTERS,CDT SERVICE CORPORATION,9960 BUSINESS PARK DRIVE,SUITE 160,,SACRAMENTO,CA,95827-1733,Sacramento County,34,(916) 363-2732,NON,false,false,true,2027-10-31,false,0,0,1.1,CO-ED,false,false,38.573501,-121.327656
340039GP,NEW DAWN TREATMENT CENTERS,CDT SERVICE CORPORATION,8078 ORANGE AVENUE,,,FAIR OAKS,CA,95628,Sacramento County,34,(916) 671-3937,RES,true,true,true,2028-02-29,false,16,16,1.3,WOMEN ONLY,true,false,38.647623,-121.265346
340039HP,NEW DAWN TREATMENT CENTERS,CDT SERVICE CORPORATION,6371 AUBURN BLVD,SUITE A,,CITRUS HEIGHTS,CA,95621,Sacramento County,34,(916) 723-1319,NON,false,false,true,2027-11-30,false,0,0,,,false,false,38.682473,-121.31541
340039IP,NEW DAWN TREATMENT CENTERS,CDT SERVICE CORPORATION,9381 E STOCKTON BOULEVARD,SUITE 102,,ELK GROVE,CA,95624,Sacramento County,34,(916) 723-1319,NON,false,false,true,2026-09-30,false,0,0,1.1,CO-ED,false,false,38.416529,-121.391822
340041CN,BRIDGES OUTPATIENT TREATMENT SERVICES,BRIDGES PROFESSIONAL TREATMENT SERVICES,3600 POWER INN ROAD,"SUITE A, B, C & D",,SACRAMENTO,CA,95826-3826,Sacramento County,34,(916) 450-0700,NON,false,false,true,2027-01-31,false,0,0,1.10,CO-ED/YOUTH,false,false,38.541691,-121.409164
340041EN,BRIDGES PERINATAL PROGRAM,BRIDGES PROFESSIONAL TREATMENT SERVICES,2515 48TH AVE,,,SACRAMENTO,CA,95822,Sacramento County,34,(916) 519-8917,RES,false,true,true,2027-06-30,false,16,24,1.4,WOMEN/CHILDREN,false,false,38.509194,-121.479925
340048AN,CENTER POINT,"CENTER POINT, INC.",11228 FAIR OAKS BOULEVARD,,,FAIR OAKS,CA,95628-5139,Sacramento County,34,(916) 962-2800,RES,true,true,true,2027-09-30,false,31,31,1.1,CO-ED,true,false,38.655931,-121.264318
340048CN,CENTER POINT RECOVERY TREATMENT CENTER,"CENTER POINT, INC.",8745 FOLSOM BLVD.,,,SACRAMENTO,CA,95826,Sacramento County,34,(916) 620-6844,NON,false,false,true,2027-08-31,false,0,0,1.1,CO-ED,false,false,38.55125,-121.379046
340080AP,SACRAMENTO COMPREHENSIVE TREATMENT CENTER,"TREATMENT ASSOCIATES, LLC.",7225 EAST SOUTHGATE DRIVE,SUITE D,,SACRAMENTO,CA,95823-2651,Sacramento County,34,(916) 394-1000,NON,true,false,true,2026-11-30,false,0,0,1.1,CO-ED,false,false,38.495253,-121.436758
340082BN,SACRAMENTO NATIVE AMERICAN HEALTH CENTER,"SACRAMENTO NATIVE AMERICAN HEALTH CENTER, INC.",2020 J STREET,,,SACRAMENTO,CA,95811,Sacramento County,34,(916) 341-0576,NON,false,false,true,2026-07-31,true,0,0,1.1,CO-ED,false,false,38.576445,-121.479087
340082CN,"SACRAMENTO NATIVE AMERICAN HEALTH CENTER, INC","SACRAMENTO NATIVE AMERICAN HEALTH CENTER, INC.",3800 FLORIN RD,,,SACRAMENTO,CA,95823,Sacramento County,34,(916) 341-0575,NON,false,false,true,2026-12-31,false,0,0,1.1,CO-ED,false,false,38.495948,-121.463901
340090BP,"BHC SIERRA VISTA HOSPITAL, INC.","BHC SIERRA VISTA HOSPITAL, INC.",520 PLAZA DRIVE,SUITE 100,,FOLSOM,CA,95630,Sacramento County,34,(916) 805-5520,NON,false,false,true,2026-11-30,false,0,0,1.1,CO-ED,false,false,38.656867,-121.173555
340090CP,SACRAMENTO SIERRA WELLNESS CLINIC,"BHC SIERRA VISTA HOSPITAL, INC.",8009 BRUCEVILLE ROAD,SUITE 106,,SACRAMENTO,CA,95823,Sacramento County,34,(916) 288-0704,NON,false,false,true,2026-12-31,false,0,0,1.1,CO-ED,false,false,38.467396,-121.41795
340100AP,TOWNS HEALTH SERVICES,"TOWNS HEALTH SERVICES, INC.",750 SPAANS DRIVE,"SUITE C, D, E & F",,GALT,CA,95632-8609,Sacramento County,34,(916) 612-2452,NON,false,false,true,2028-03-31,false,0,0,1.1,CO-ED,false,false,38.265643,-121.302432
340100BP,PALM TREE RANCH,"TOWNS HEALTH SERVICES, INC.",12370 CLAY STATION ROAD,,,HERALD,CA,95638,Sacramento County,34,(916) 612-2452,RES,true,true,false,2028-01-31,false,6,7,1.1,CO-ED,true,false,38.307914,-121.178825
340100DP,TOWNS HEALTH SERVICES,"TOWNS HEALTH SERVICES, INC.",9727 ELK GROVE FLORIN RD,SUITE 140,,ELK GROVE,CA,95632,Sacramento County,34,(279) 744-9099,NON,false,false,true,2027-11-30,false,0,0,1.1,CO-ED,false,false,38.496623,-121.244154
340103AN,SACRAMENTO RECOVERY HOUSE,"SACRAMENTO RECOVERY HOUSE, INC.",1914 22ND STREET,,,SACRAMENTO,CA,95816-7109,Sacramento County,34,(916) 455-6258,RES,false,true,true,2028-08-31,false,17,18,1.2,MEN ONLY,true,false,38.565551,-121.481749
340103BN,GATEWAY HOUSE,"SACRAMENTO RECOVERY HOUSE, INC.",4049 MILLER WAY,,,SACRAMENTO,CA,95817-1332,Sacramento County,34,(916) 451-9312,RES,true,true,true,2028-05-31,false,18,18,1.3,WOMEN ONLY,true,false,38.556456,-121.460386
340111AP,DIAMOND HOUSE DETOX,"PSYCHNP CONSULTANTS, INC.",8624 DIAMOND OAK WAY,,"8500 CROWN PRINCE CT, 9524 SWANBROOK CT., 7104 SANTA JUANITA AVE & 6808 FLEMING AVE, SACRAMENTO, CA 95828","ELK GROVE, ORANGEVALE",CA,95624,Sacramento County,34,(800) 205-6107,RES,false,true,true,2026-11-30,false,50,50,1.1,CO-ED,true,false,38.414396,-121.386337
340111DP,DIAMOND HOUSE DETOX AND RECOVERY,"PSYCHNP CONSULTANTS, INC.",7880 ALTA VALLEY DRIVE,SUITE 107,,SACRAMENTO,CA,95823,Sacramento County,34,(800) 205-6107,NON,false,false,true,2026-11-30,false,0,0,1.1,CO-ED,false,false,38.471881,-121.424709
340113AP,AKUA MIND & BODY,"AKUA BEHAVIORAL HEALTH, INC.",10087 TERRA LOMA DRIVE,,,RANCHO CORDOVA,CA,95670,Sacramento County,34,(916) 368-7074,RES,true,true,true,2027-03-31,false,20,20,1.1,CO-ED,true,false,38.583882,-121.318019
340113CP,AKUA MIND & BODY,"AKUA BEHAVIORAL HEALTH, INC.",8086 ORANGE AVENUE,,,FAIR OAKS,CA,95628,Sacramento County,34,(916) 534-7226,RES,true,true,true,2028-06-30,false,35,35,1.1,CO-ED,false,false,38.647581,-121.265069
340113DP,"AKUA BEHAVIORAL HEALTH, INC.","AKUA BEHAVIORAL HEALTH, INC.",9121 FOLSOM BLVD.,"SUITE C,G, & F",,SACRAMENTO,CA,95826-2473,Sacramento County,34,(949) 777-2283,NON,false,false,true,2026-09-30,false,0,0,1.1,CO-ED,false,false,38.559622,-121.362383
340114BN,TLCS CO-OCCURRING DISORDERS TREATMENT PROGRAM 2,"TLCS, INC.",3737 MARCONI AVENUE,,,SACRAMENTO,CA,95821,Sacramento County,34,(916) 480-1801,NON,false,false,true,2026-09-30,false,0,0,1.1,CO-ED,false,false,38.617778,-121.376464
340115AN,SAINT JOHN'S PROGRAM FOR REAL CHANGE,SAINT JOHN'S PROGRAM FOR REAL CHANGE,8395 JACKSON ROAD,,,SACRAMENTO,CA,95826,Sacramento County,34,(916) 453-1482,RES,true,true,false,2028-01-31,false,49,124,1.4,WOMEN/CHILDREN,false,false,38.545578,-121.394885
340117AP,YELLOW WOOD RECOVERY,YELLOW WOOD RECOVERY INC.,12417 KIBBIE LAKE WAY,,"12646 THORNBERG WAY, 12786 EVANSTON WAY, 12591 SOLSBERRY WAY, 4061 QUARTER DOME CIRCLE",RANCHO CORDOVA,CA,95742,Sacramento County,34,(916) 238-6070,RES,true,true,true,2028-01-31,false,30,30,1.1,CO-ED,true,false,38.558721,-121.209482
340117BP,YELLOW WOOD RECOVERY INC,YELLOW WOOD RECOVERY INC.,2969 PROSPECT PARK DR.,SUITE 225,,RANCHO CORDOVA,CA,95760,Sacramento County,34,(916) 238-6070,NON,true,false,true,2028-03-31,false,0,0,1.1,CO-ED,false,false,38.594392,-121.277268
340118AP,SERENITY RECOVERY SOLUTIONS,SERENITY RECOVERY SOLUTIONS,130 PROSPECTOR COURT,,,FOLSOM,CA,95630,Sacramento County,34,(916) 293-9667,RES,true,true,true,2027-11-30,false,6,6,1.8,DUAL DIAGNOSIS,true,false,38.682767,-121.194698
340119AP,NEW START RECOVERY SOLUTIONS,SIERRA HEALTH AND WELLNESS CENTERS LLC,10396 SPIVA ROAD,,,SACRAMENTO,CA,95829,Sacramento County,34,(530) 854-4119,RES,true,true,true,2027-08-31,false,16,16,1.8,DUAL DIAGNOSIS,true,false,38.470796,-121.302499
340119BP,RECOVERY HAPPENS COUNSELING SERVICES,SIERRA HEALTH AND WELLNESS CENTERS LLC,9983 FOLSOM BOULEVARD,,,SACRAMENTO,CA,95827,Sacramento County,34,(530) 854-4119,NON,false,false,true,2027-11-30,false,0,0,1.8,DUAL DIAGNOSIS,false,false,38.579669,-121.322231
340122AP,SAGEPOINT BEHAVIORAL HEALTH,CAROLINE BENTLEY FAMILY THERAPIST INC.,2368 MARITIME DRIVE,SUITE 200,,ELK GROVE,CA,95758,Sacramento County,34,(916) 896-1061,NON,false,false,true,2027-09-30,false,0,0,1.8,DUAL DIAGNOSIS,false,false,38.413193,-121.482905
340126AP,AFFECT THERAPEUTICS,"AFFECT THERAPEUTICS, INC.",3550 WATT AVE,"SUITE 140, ROOM 202",,SACRAMENTO,CA,95821,Sacramento County,34,(845) 769-8758,NON,false,false,true,2026-09-30,false,0,0,1.1,CO-ED,false,false,38.630134,-121.38279
340127AP,MONARCH RECOVERY CENTERS LLC,MONARCH RECOVERY CENTERS LLC,2020 HURLEY WAY,SUITE 145B,,SACRAMENTO,CA,95825,Sacramento County,34,(773) 875-5625,NON,false,false,true,2026-11-30,false,0,0,1.1,CO-ED,false,false,38.588915,-121.417689
340128BP,NEWPORT ACADEMY,"MONROE OPERATIONS, LLC",1740 CREEKSIDE OAKS DR.,SUITE 100 & 150,,SACRAMENTO,CA,95833,Sacramento County,34,(866) 273-8095,NON,false,false,true,2027-07-31,false,0,0,1.1,CO-ED,false,false,38.609383,-121.499336
340129AP,A BETTER YOU SERVICES,A BETTER YOU SERVICES,1451 RIVER PARK DRIVE,SUITE 125,,"SACRAMENTO,",CA,95815,Sacramento County,34,(916) 454-3333,NON,false,false,true,2027-05-31,false,0,0,1.1,CO-ED,false,false,38.59835,-121.439322
340130BP,AUBURN REHAB LLC,AUBURN REHAB LLC,4441 AUBURN BLVD.,SUITE P,,SACRAMENTO,CA,95841,Sacramento County,34,,NON,false,false,true,2026-08-31,false,0,0,1.1,CO-ED,false,false,38.647378,-121.360994
340132AN,AMERICA'S HOMELESS VETERANS,AMERICA'S HOMELESS VETERANS,10401 GEORGETOWN DRIVE,,,RANCHO CORDOVA,CA,95670,Sacramento County,34,(916) 822-4240,RES,true,true,true,2027-11-30,false,6,6,1.1,CO-ED,false,false,38.604082,-121.30091
340133AN,MARENGO GROVE,G.L.O.M. SUBSTANCE ABUSE PROGRAM INC.,13389 MARENGO RD,,,GALT,CA,95632,Sacramento County,34,(925) 999-4119,RES,true,true,true,2027-10-31,false,24,24,1.1,CO-ED,true,false,38.2701,-121.282558
340133BN,BOESSOW GARDENS,G.L.O.M. SUBSTANCE ABUSE PROGRAM INC.,110898 BOESSOW RD,,,GALT,CA,95632,Sacramento County,34,(925) 999-4119,RES,true,true,true,2027-10-31,false,24,24,1.1,CO-ED,true,false,38.255311,-121.251399
340134AN,TRIAD FOR CHANGE,CENTER FOR HIGHER PURPOSE,730 HOWE AVENUE,SUITE 600,,SACRAMENTO,CA,95825,Sacramento County,34,(916) 205-6029,NON,false,false,true,2028-04-30,false,0,0,1.1,CO-ED,false,false,38.578901,-121.415294
340135AP,SACRAMENTO REHAB LLC,SACRAMENTO REHAB LLC,7248 SOUTH LAND PARK DRIVE,SUITE 100,,SACRAMENTO,CA,95831,Sacramento County,34,,NON,false,false,true,2026-08-31,false,0,0,1.1,CO-ED,false,false,38.495094,-121.512143
340136AN,RYSE ABOVE / STANFORD SIERRA YOUTH & FAMILIES,STANFORD YOUTH SOLUTIONS,8912 VOLUNTEER LANE,,,SACRAMENTO,CA,95826,Sacramento County,34,(916) 199-0199,NON,false,false,true,2026-09-30,false,0,0,1.1,CO-ED,false,false,38.554547,-121.375073
340138AP,ZEN RECOVERY HOME,"ZEN HEALTH SOLUTIONS, INC.",7624 FARMGATE WAY,,,CITRUS HEIGHTS,CA,95610,Sacramento County,34,(415) 340-9004,RES,true,true,true,2027-02-28,false,6,6,1.1,CO-ED,true,false,38.67188,-121.283506
340140AN,ANTELOPE,PARADISE OAKS YOUTH SERVICES,7730 ANTELOPE RD,,,CITRUS HEIGHTS,CA,95610,Sacramento County,34,(916) 725-2208,DSS,false,false,true,2027-08-31,false,0,0,1.5,YOUTH/ADOLESCENT,false,false,38.705584,-121.279918
340141AP,HORIZONS BEHAVIORAL HEALTH,HORIZONS BEHAVIORAL HEALTH LLC,7245 E. SOUTHGATE DRIVE,,,SACRAMENTO,CA,95823,Sacramento County,34,(916) 879-8921,NON,false,false,true,2027-08-31,false,0,0,1.1,CO-ED,false,false,38.494974,-121.436936
340142AN,BETTER DECISIONS COUNSELING,BETTER DECISIONS COUNSELING,10366 ROCKINGHAM DRIVE,,,SACRAMENTO,CA,95827,Sacramento County,34,(916) 368-0700,NON,false,false,true,2028-06-30,false,0,0,1.1,CO-ED,false,false,38.573983,-121.306233
340143AN,TRANSITIONS BUPRENORPHINE CLINIC OF SACRAMENTO,TRANSITIONS BUPRENORPHINE CLINIC OF SACRAMENTO,3647 40TH STREET,,,SACRAMENTO,CA,95817,Sacramento County,34,(916) 452-1068,NON,false,false,true,2028-02-29,false,0,0,1.1,CO-ED,false,false,38.541454,-121.460654
340144AP,FULL THROTTLE REHAB LLC,FULL THROTTLE REHAB LLC,5441 FAIR OAKS BLVD,B1,,CARMICHAEL,CA,95608,Sacramento County,34,(323) 443-0848,NON,false,false,true,2028-07-31,false,0,0,1.1,CO-ED,false,false,38.603646,-121.337532
340145AP,RENEW RECOVERY CENTER,RENEW RECOVERY CENTER LLC,2991 JOSEPH AVENUE,,,SACRAMENTO,CA,95864,Sacramento County,34,(916) 269-6000,RES,true,true,false,2028-03-31,false,6,6,1.1,CO-ED,true,false,38.582411,-121.39439
340146AP,SACRAMENTO OUTPATIENT RECOVERY SERVICES,SACRAMENTO OUTPATIENT RECOVERY SERVICES LLC,4600 47TH AVENUE,SUITE 106,,SACRAMENTO,CA,95824,Sacramento County,34,(916) 415-3411,NON,true,false,true,2028-03-31,false,0,0,1.1,CO-ED,false,false,38.510383,-121.451742
340147AP,BRIGHTER DAY DETOX,"BRIGHTER DAYS AHEAD, LLC",10224 KILO WAY,,,ELK GROVE,CA,95757,Sacramento County,34,(661) 717-8896,RES,true,true,false,2028-06-30,false,6,6,1.1,CO-ED,true,false,38.385973,-121.393336
340148AN,THRIVE HEALTHCARE SOLUTIONS,THRIVE HEALTHCARE SOLUTIONS,2801 K ST,SUITE 440,,SACRAMENTO,CA,95816,Sacramento County,34,(916) 580-2807,NON,false,false,true,2028-07-31,false,0,0,1.1,CO-ED,false,false,38.5727,-121.469486
350001AN,SAN BENITO COUNTY BEHAVIORAL HEALTH,SAN BENITO COUNTY BEHAVIORAL HEALTH,1131 COMMUNITY PARKWAY,,,HOLLISTER,CA,95203,San Benito County,35,(831) 636-4020,NON,false,false,true,2027-04-30,false,0,0,1.1,CO-ED,false,false,36.870846,-121.397342
350002AP,"BRIGHT FUTURE RECOVERY, INC.","BRIGHT FUTURE RECOVERY, INC.",1000 FAIRVIEW ROAD,,,HOLLISTER,CA,95023,San Benito County,35,(831) 638-9925,RES,true,true,true,2027-06-30,false,12,12,1.1,CO-ED,true,false,36.830367,-121.363623
350002CP,"BRIGHT FUTURE RECOVERY, INC.","BRIGHT FUTURE RECOVERY, INC.",330 TRES PINOS ROAD,SUITE F3,,HOLLISTER,CA,95023,San Benito County,35,(831) 498-2028,NON,false,false,true,2028-02-29,false,0,0,1.1,CO-ED,false,false,36.83951,-121.395559
350003AP,THE LAKES ARLINGTON,"THE LAKES TREATMENT CENTER, INC.",2720 ARLINGTON ROAD,,,HOLLISTER,CA,95023,San Benito County,35,(209) 325-8535,RES,true,true,false,2027-11-30,false,6,7,1.1,CO-ED,true,false,36.854845,-121.366534
350004BN,SUN STREET CENTERS WOMEN RESIDENTIAL PROGRAM,SUN STREET CENTERS,335 6TH STREET,,343 6TH STREET,HOLLISTER,CA,95023,San Benito County,35,(831) 265-7317,RES,true,true,true,2028-05-31,false,14,18,1.4,WOMEN/CHILDREN,false,false,36.850102,-121.402948
360001AAN,RECOVERY CENTER,INLAND VALLEY DRUG AND ALCOHOL RECOVERY SERVICES,934 NORTH MOUNTAIN AVENUE,"SUITES A, B, C & D",,UPLAND,CA,91786,San Bernardino County,36,(909) 949-4667,NON,false,false,true,2027-05-31,false,0,0,1.1,CO-ED,false,false,34.105643,-117.670097
360001ABN,INLAND VALLEY RECOVERY SERVICES - SAN BERNARDINO RECOVERY CENTER,INLAND VALLEY DRUG AND ALCOHOL RECOVERY SERVICES,939 N. D STREET,,,SAN BERNARDINO,CA,92410,San Bernardino County,36,(909) 889-6519,NON,false,false,true,2028-04-30,false,0,0,1.1,CO-ED,false,false,34.116536,-117.291889
360001ACN,CENTRAL VALLEY RECOVERY CENTER,INLAND VALLEY DRUG AND ALCOHOL RECOVERY SERVICES,1076 S. SANTO ANTONIO DR.,"SUITE B, C, D",,COLTON,CA,92324,San Bernardino County,36,(909) 433-9824,NON,false,false,true,2026-10-31,false,0,0,1.1,CO-ED,false,false,34.050793,-117.31113
360001ADN,CENTER FOR CHANGE,INLAND VALLEY DRUG AND ALCOHOL RECOVERY SERVICES,1874 BUSINESS CENTER S.,,,SAN BERNARDINO,CA,92408,San Bernardino County,36,(909) 386-0523,NON,false,false,true,2026-10-31,false,0,0,1.1,CO-ED,false,false,34.068504,-117.281378
360001ZN,WOMEN'S AND MEN'S RESIDENTIAL SERVICES,INLAND VALLEY DRUG AND ALCOHOL RECOVERY SERVICES,1260 E. ARROW HIGHWAY,BUILDING B & C,,UPLAND,CA,91786,San Bernardino County,36,(909) 981-2171,RES,true,true,true,2028-02-28,false,130,150,1.9,CO-ED/CHILDREN,true,false,34.099632,-117.633721
360002CN,CEDAR HOUSE LIFE CHANGE CENTER,"SOCIAL SCIENCE SERVICES, INC.",18612 SANTA ANA AVENUE,,,BLOOMINGTON,CA,92316,San Bernardino County,36,(909) 421-7120,NON,false,false,true,2028-01-31,false,0,0,1.1,CO-ED,false,false,34.055963,-117.398208
360002DN,CEDAR HOUSE LIFE CHANGE CENTER,"SOCIAL SCIENCE SERVICES, INC.",18612 SANTA ANA AVENUE,,,BLOOMINGTON,CA,92316,San Bernardino County,36,(909) 421-7120,RES,true,true,true,2028-01-31,false,125,125,1.1,CO-ED,true,false,34.055963,-117.398208
360002FN,CEDAR HOUSE LIFE CHANGE CENTER,"SOCIAL SCIENCE SERVICES, INC.",10888 MAPLE AVENUE,,,BLOOMINGTON,CA,92316,San Bernardino County,36,(909) 421-7120,RES,false,true,true,2027-10-31,false,11,26,1.4,WOMEN/CHILDREN,true,false,34.056211,-117.405149
360004BN,GIBSON HOUSE FOR MEN,"VARP, INC.",1064 NORTH D STREET,,"1068 ,1078, 1094, 1098, 1098 1/2, 1100 NORTH D STREET, AND 1071 & 1087 N STODDARD STREET & 349 11TH STREET",SAN BERNARDINO,CA,92410,San Bernardino County,36,(909) 884-0840,RES,true,true,true,2028-08-31,false,94,94,1.2,MEN ONLY,true,false,34.118688,-117.291939
360004FN,GIBSON HOUSE RECOVERY CENTER FOR WOMEN,"VARP, INC.",1069 NORTH D STREET,,"1103, 1107, 1135, 1139 NORTH D STREET, AND 349, 382, 384 11TH STREET",SAN BERNARDINO,CA,92410,San Bernardino County,36,(909) 888-6956,RES,true,true,true,2028-08-31,false,53,60,1.3,WOMEN ONLY,true,false,34.118982,-117.291885
360004TN,"VARP, INC. OUTPATIENT PROGRAM","VARP, INC.",1369 E HIGHLAND AVENUE,,,SAN BERNADINO,CA,92404,San Bernardino County,36,(909) 571-6035,NON,false,false,true,2026-10-31,false,0,0,1.1,CO-ED,false,false,34.135827,-117.256882
360015AN,"INLAND BEHAVIORAL AND HEALTH SERVICES, INC.","INLAND BEHAVIORAL AND HEALTH SERVICES, INC.",1963 NORTH E STREET,,,SAN BERNARDINO,CA,92405,San Bernardino County,36,(909) 881-6146,NON,false,false,true,2027-11-30,false,0,0,1.1,CO-ED,false,false,34.133199,-117.293792
360017AP,"RECOVERY REVELATIONS, INC.","RECOVERY REVELATIONS, INC.",9980 RIGGINS ROAD,,,PHELAN,CA,92371,San Bernardino County,36,(626) 696-7107,RES,true,true,false,2027-07-31,false,6,7,1.1,CO-ED,false,false,34.431287,-117.568249
360018AP,"GRACE HOPE TREATMENT & RECOVERY CENTERS, INC.","GRACE HOPE TREATMENT & RECOVERY CENTERS, INC.",7446 LIME AVENUE,,,FONTANA,CA,92336,San Bernardino County,36,(510) 333-0060,RES,true,true,true,2027-10-31,false,6,6,1.1,CO-ED,true,false,34.118964,-117.464581
360019BP,DESERT BLOOM RECOVERY LLC,DESERT BLOOM RECOVERY LLC,14286 CALIFORNIA AVENUE,SUITE 101 & 102,,VICTORVILLE,CA,92392,San Bernardino County,36,(888) 503-1503,NON,false,false,true,2026-12-31,false,0,0,1.1,CO-ED,false,false,34.510337,-117.328638
360030AN,"HIGH DESERT CHILD ADOLESCENT AND FAMILY SERVICES CENTER, INCORPORATED","HIGH DESERT CHILD ADOLESCENT AND FAMILY SERVICES CENTER, INCORPORATED",16248 VICTOR STREET,,,VICTORVILLE,CA,92395,San Bernardino County,36,(760) 243-7151,NON,false,false,true,2027-10-31,false,0,0,1.1,CO-ED,false,false,34.52357,-117.307965
360030BN,"HIGH DESERT CHILD ADOLESCENT AND FAMILY SERVICES CENTER, INCORPORATED","HIGH DESERT CHILD ADOLESCENT AND FAMILY SERVICES CENTER, INCORPORATED",225 BARSTOW ROAD,,,BARSTOW,CA,92311,San Bernardino County,36,(760) 255-1083,NON,false,false,true,2027-08-31,false,0,0,1.1,CO-ED,false,false,34.896821,-117.022937
360030CN,"HIGH DESERT CHILD ADOLESCENT AND FAMILY SERVICES CENTER, INC.","HIGH DESERT CHILD ADOLESCENT AND FAMILY SERVICES CENTER, INCORPORATED",58945 BUSINESS CENTER DR.,"SUITES J, P, N",,YUCCA VALLEY,CA,92284,San Bernardino County,36,(760) 610-6466,NON,false,false,true,2026-10-31,false,0,0,1.10,CO-ED/YOUTH,false,false,34.121845,-116.37763
360050MN,RIALTO BEHAVIORAL ADDICTION TREATMENT SERVICES,SAN BERNARDINO DEPARTMENT OF BEHAVIORAL HEALTH,850 EAST FOOTHILL BLVD,,,RIALTO,CA,92376,San Bernardino County,36,(909) 421-9465,NON,true,false,true,2026-07-31,true,0,0,1.1,CO-ED,false,false,34.106803,-117.354209
360050NN,SUPERVISED TREATMENT AFTER RELEASE (STAR),SAN BERNARDINO COUNTY DEPARTMENT OF BEHAVIORAL HEALTH,1330 E COOLEY DR,,,COLTON,CA,92324,San Bernardino County,36,(909) 580-3705,NON,false,false,true,2026-11-30,false,0,0,1.1,CO-ED,false,false,34.054507,-117.305726
360050ON,SAN BERNARDINO CHOICE,SAN BERNARDINO COUNTY DEPARTMENT OF BEHAVIORAL HEALTH,104 WEST 4TH ST,,,SAN BERNARDINO,CA,92415,San Bernardino County,36,(909) 382-7881,NON,false,false,true,2026-11-30,false,0,0,1.1,CO-ED,false,false,34.107304,-117.28629
360050PN,BARSTOW COUNSELING AND BEHAVIORAL HEALTH CENTER,SAN BERNARDINO DEPARTMENT OF BEHAVIORAL HEALTH,1841 EAST MAIN ST,,,BARSTOW,CA,92311,San Bernardino County,36,(760) 255-5700,NON,false,false,true,2026-11-30,false,0,0,1.1,CO-ED,false,false,34.889391,-116.996722
360050QN,PHOENIX COMMUNITY COUNSELING CENTER,SAN BERNARDINO COUNTY DEPARTMENT OF BEHAVIORAL HEALTH,820 E GILBERT ST,,,SAN BERNARDINO,CA,92415,San Bernardino County,36,(909) 386-8510,NON,false,false,true,2026-12-31,false,0,0,1.1,CO-ED,false,false,34.126835,-117.2698
360050RN,VICTORVILLE CHOICE,SAN BERNARDINO COUNTY DEPARTMENT OF BEHAVIORAL HEALTH,15480 RAMONA AVE,,,VICTORVILLE,CA,92392,San Bernardino County,36,(760) 243-8269,NON,false,false,true,2026-12-31,false,0,0,1.1,CO-ED,false,false,34.508744,-117.326166
360050SN,FONTANA CHOICE,SAN BERNARDINO COUNTY DEPARTMENT OF BEHAVIORAL HEALTH,17830 ARROW BLVD,,,FONTANA,CA,92335,San Bernardino County,36,(909) 356-6439,NON,false,false,true,2026-12-31,false,0,0,1.1,CO-ED,false,false,34.099485,-117.415601
360050TN,SUDRS - APPLE VALLEY RECOVERY CENTER,SAN BERNARDINO COUNTY DEPARTMENT OF BEHAVIORAL HEALTH,18818 HWY 18,,,APPLE VALLEY,CA,92307,San Bernardino County,36,(760) 995-8800,NON,false,false,true,2026-12-31,false,0,0,1.1,CO-ED,false,false,34.537924,-117.253318
360050UN,MARIPOSA COMMUNITY COUNSELING,SAN BERNARDINO COUNTY DEPARTMENT OF BEHAVIORAL HEALTH,2940 INLAND EMPIRE BLVD,,,ONTARIO,CA,91764,San Bernardino County,36,(909) 458-1376,NON,false,false,true,2026-12-31,false,0,0,1.1,CO-ED,false,false,34.070141,-117.588462
360058AN,SAN MANUEL INDIAN HEALTH CLINIC,"RIVERSIDE-SAN BERNARDINO COUNTY INDIAN HEALTH, INC.",11980 MOUNT VERNON AVENUE,,,GRAND TERRACE,CA,92313,San Bernardino County,36,(909) 864-1097 X4709,NON,false,false,true,2027-04-30,false,0,0,1.1,CO-ED,false,false,34.036405,-117.31366
360066AP,COLTON CLINICAL SERVICES,"WCHS, INC.",2275 EAST COOLEY DRIVE,,,COLTON,CA,92324,San Bernardino County,36,(909) 370-1777,NON,false,false,true,2026-11-30,false,0,0,1.1,CO-ED,false,false,34.059334,-117.288735
360071BN,TIME FOR CHANGE FOUNDATION,TIME FOR CHANGE FOUNDATION,2164 N. MOUNTAINVIEW AVENUE,,,SAN BERNARDINO,CA,92405,San Bernardino County,36,(909) 886-2994,NON,false,false,true,2027-10-31,false,0,0,1.1,CO-ED,false,false,34.135343,-117.287411
360075BP,HIS HOUSE,G AND C SWAN INC.,215 WEST 9TH STREET,"UNIT I, J, K","239 WEST 9TH STREET, UNIT A, B AND 227 N PALM AVENUE",UPLAND,CA,91786,San Bernardino County,36,(909) 981-6121,RES,true,true,true,2028-04-30,false,30,31,1.2,MEN ONLY,true,false,34.096119,-117.654008
360075DP,NEW CREATION ADDICTION TREATMENT CENTER,G AND C SWAN INC.,3286 E. GUASTI ROAD,SUITE 100 AND 110,,ONTARIO,CA,91761,San Bernardino County,36,(909) 476-2023,NON,false,false,true,2027-06-30,false,0,0,1.1,CO-ED,false,false,34.064511,-117.579412
360075EP,NEW CREATION ADDICTION TREATMENT CENTER,G AND C SWAN INC.,11646 ENCANTO LN,,23950 PRADO LN,COLTON,CA,92324,San Bernardino County,36,(909) 514-1958,RES,true,true,true,2027-01-31,false,16,16,1.1,CO-ED,true,false,34.041286,-117.280169
360091DP,SERENITY LODGE,SERENITY LODGE,974 MEADOW BROOK ROAD,,"977, 985, 986, 995, 1010 MEADOW BROOK ROAD, 1032 CEDAR LANE, 1000 PINE CT, 27438 NANCY DRIVE AND 341 & 345 CA-173",LAKE ARROWHEAD,CA,92352,San Bernardino County,36,(866) 379-4365,RES,true,true,true,2026-12-31,false,66,71,1.1,CO-ED,true,false,34.235624,-117.205281
360091EP,ZINNIA HEALTH SERENITY LODGE,SERENITY LODGE,27175 HIGHWAY 189,UNIT A,,BLUE JAY,CA,92317,San Bernardino County,36,(909) 316-2160,NON,false,false,true,2028-07-31,false,0,0,1.1,CO-ED,false,false,34.246079,-117.210412
360096AN,NEW CREATION,NEW CREATION BEHAVIORAL HEALTHCARE FOUNDATION,2511 S. MCCARTY DRIVE,,,COLTON,CA,92324,San Bernardino County,36,(909) 519-0767,RES,true,true,true,2028-06-30,false,10,10,1.1,CO-ED,true,false,34.026408,-117.27528
360099EP,BENCHMARK TRANSITIONS AT MONTCLAIR,"BENCHMARK YOUNG ADULT SCHOOL, INC.",4515 ORCHARD STREET,,"4523, 4533 ORCHARD STREET",MONTCLAIR,CA,91763,San Bernardino County,36,(818) 209-5011,RES,true,true,true,2028-07-31,false,77,77,1.1,CO-ED,true,false,34.070443,-117.706415
360099FP,BENCHMARK TRANSITIONS AT WILDWOOD CANYON,"BENCHMARK YOUNG ADULT SCHOOL, INC.",36442 WILDWOOD CANYON ROAD,,,YUCAIPA,CA,92399,San Bernardino County,36,(818) 209-5011,RES,true,true,false,2026-07-31,true,6,6,1.1,CO-ED,true,false,34.020417,-117.007247
360099GP,BENCHMARK TRANSITIONS,"BENCHMARK YOUNG ADULT SCHOOL, INC.",1906 ORANGE TREE LANE,SUITE 220,,REDLANDS,CA,92374,San Bernardino County,36,(818) 209-5011,NON,false,false,true,2028-07-31,false,0,0,1.1,CO-ED,false,false,34.067849,-117.218225
360099HP,BENCHMARK TRANSITIONS,"BENCHMARK YOUNG ADULT SCHOOL, INC.",1910 ORANGE TREE LANE,SUITE 300,,REDLANDS,CA,92374,San Bernardino County,36,(818) 209-5011,NON,false,false,true,2028-07-31,false,0,0,1.1,CO-ED,false,false,34.067853,-117.218818
360105AP,NEW ORIGINS,"NEW ORIGINS, LLC",101 E. REDLANDS BOULEVARD,SUITE 200,,REDLANDS,CA,92373,San Bernardino County,36,(855) 984-1788,NON,false,false,true,2027-10-31,false,0,0,1.1,CO-ED,false,false,34.057376,-117.180709
360108BP,"ASPIRE COUNCELING SERVICES - VICTORVILLE, LLC","ASPIRE COUNSELING SERVICES - VICTORVILLE, LLC",12571 HESPERIA ROAD,,,VICTORVILLE,CA,92395,San Bernardino County,36,(760) 780-1237,NON,false,false,true,2027-07-31,false,0,0,1.1,CO-ED,false,false,34.479507,-117.290854
360156AP,"DESTINY RECOVERY CENTER, LLC","DESTINY RECOVERY CENTER, LLC",1539 CAROLYN CT,,,REDLANDS,CA,92374,San Bernardino County,36,(818) 914-5165,RES,true,true,false,2028-02-28,false,6,6,1.1,CO-ED,true,false,34.074916,-117.168207
360157AP,LIBERTY HOUSE RECOVERY,LIBERTY HOUSE RECOVERY LLC,710 THE TERRACE,,,REDLANDS,CA,92734,San Bernardino County,36,(909) 754-1712,RES,true,true,false,2028-06-30,false,8,8,1.1,CO-ED,true,false,34.062576,-117.174255
360158AP,RANCHO RECOVERY,RANCHO RECOVERY LLC,13684 JEREMY CT,,,RANCHO CUCAMONGA,CA,91739,San Bernardino County,36,(909) 519-0767,RES,true,true,true,2027-05-31,false,10,10,1.1,CO-ED,true,false,34.133772,-117.506228
360162AP,"THE TEAM 4 YOU, INC.","THE TEAM 4 YOU, INC.",715 N. ARROWHEAD AVENUE,SUITE 101,,SAN BERNARDINO,CA,92409,San Bernardino County,36,(858) 847-7715,NON,false,false,true,2027-11-30,false,0,0,1.1,CO-ED,false,false,34.112257,-117.289631
360163AP,FOOTHILL AIDS PROJECT,FOOTHILL AIDS PROJECT,344 W. 2ND ST,,,SAN BERNARDINO,CA,92401,San Bernardino County,36,(909) 884-2722,NON,false,false,true,2026-09-30,false,0,0,1.1,CO-ED,false,false,34.102745,-117.290571
360164AP,READY TO EVOLVE RECOVERY CENTER,READY TO EVOLVE RECOVERY CENTER LLC,9320 BASELINE ROAD,SUITE A,,RANCHO CUCAMONGA,CA,91701,San Bernardino County,36,(909) 247-3772,NON,false,false,true,2028-05-31,false,0,0,1.1,CO-ED,false,false,34.121561,-117.601833
360165AP,THE HOPE CENTER,THE HOPE CENTER VICTORVILLE LLC,12233 BALI STREET,,,VICTORVILLE,CA,92392,San Bernardino County,36,(760) 885-7114,RES,true,true,false,2026-11-30,false,6,6,1.1,CO-ED,true,false,34.465968,-117.396493
360166AP,PHOENIX HOUSE VICTORVILLE,"PHOENIX HOUSE ORANGE COUNTY, INC.",13333 PALMDALE ROAD,,,VICTORVILLE,CA,92392,San Bernardino County,36,(818) 686-3000,RES,false,true,false,2028-07-31,false,66,66,1.1,CO-ED,false,false,34.506633,-117.371272
360167AP,ADDICTION THERAPEUTIC SERVICES,"J. HERNDONS, LLC",303 E. MAIN STREET,,,BARSTOW,CA,92311,San Bernardino County,36,(760) 778-6122,NON,true,false,true,2026-10-31,false,0,0,1.1,CO-ED,false,false,34.898842,-117.024374
360168AP,AMERICAN RECOVERY CENTER OF HOPE,ARCH-VICTORVILLE LLC,15000 SEVENTH STREET,SUITE 200,,VICTORVILLE,CA,92392,San Bernardino County,36,(626) 733-2685,NON,false,false,true,2026-11-30,false,0,0,1.1,CO-ED,false,false,34.523516,-117.305899
360169AP,REHABILITATION CENTER OF CALIFORNIA,RCOFC LLC,20419 SUNDANCE ROAD,,,APPLE VALLEY,CA,92308,San Bernardino County,36,(818) 314-5554,RES,true,true,true,2026-11-30,false,6,6,1.1,CO-ED,true,false,34.48137,-117.218158
360170AP,ANZA WELLNESS AND RECOVERY,ANZA WELLNESS AND RECOVERY,350 E COMMERCIAL ROAD,SUITE 112,,SAN BERNARDINO,CA,92408,San Bernardino County,36,(480) 999-8295,NON,false,false,true,2026-11-30,false,0,0,1.1,CO-ED,false,false,34.055871,-117.277467
360171AP,HEART 2 HEART BEHAVIORAL HEALTH,HEART 2 HEART UNLTD LLC,24230 BARTON ROAD,SUITE A,,LOMA LINDA,CA,92354,San Bernardino County,36,(747) 786-4209,NON,false,false,true,2026-11-30,false,0,0,1.1,CO-ED,false,false,34.05206,-117.27525
360174AP,RADIANT PATH THERAPY,RADIANT PATH THERAPY LLC,12139 MOUNT VERNON AVENUE,SUITE 210,,GRAND TERRACE,CA,92313,San Bernardino County,36,(951) 275-7074,NON,false,false,true,2026-12-31,false,0,0,1.1,CO-ED,false,false,34.033182,-117.313593
360175AP,HEALTHY LIFESTYLE IOP,HEALTHY LIFESTYLE IOP,2282 N SIERRA WAY,,,SAN BERNARDINO,CA,92405,San Bernardino County,36,(323) 919-9999,NON,true,false,true,2028-01-31,false,0,0,1.1,CO-ED,false,false,34.13686,-117.285166
370002AN,CROSSROADS FOUNDATION,THE CROSSROADS FOUNDATION,3594 FOURTH AVENUE,,,SAN DIEGO,CA,92103,San Diego County,37,(619) 296-1151,RES,true,true,true,2027-06-30,false,20,22,1.3,WOMEN ONLY,true,false,32.743164,-117.161578
370003AN,HEARTLAND HOUSE,THE TWELFTH STEP HOUSE OF SAN DIEGO,5855 STREAMVIEW DRIVE,,"5860 STREAMVIEW DRIVE, APT 2, 3 & 4",SAN DIEGO,CA,92105,San Diego County,37,(619) 287-5460,RES,false,true,true,2027-09-30,false,32,32,1.2,MEN ONLY,false,false,32.744216,-117.069959
370004AN,SAN DIEGO FREEDOM RANCH,"SAN DIEGO FREEDOM RANCH, INC.",1777 BUCKMAN SPRINGS ROAD,,,CAMPO,CA,91906,San Diego County,37,(619) 478-5696,RES,true,true,true,2027-10-31,false,54,60,1.2,MEN ONLY,true,false,32.649842,-116.48735
370005GN,SERENITY CENTER,HEALTHRIGHT 360,1341 NORTH ESCONDIDO BOULEVARD,,,ESCONDIDO,CA,92026,San Diego County,37,(760) 747-1015,RES,true,true,true,2028-05-31,false,120,140,1.4,WOMEN/CHILDREN,true,false,33.140442,-117.09242
370006AN,PATHFINDERS,PATHFINDERS OF SAN DIEGO,1530 DALE STREET,,,SAN DIEGO,CA,92102,San Diego County,37,(619) 239-7370,RES,false,true,true,2028-07-31,false,16,16,1.2,MEN ONLY,false,false,32.721908,-117.131154
370006BN,PATHFINDERS OF SAN DIEGO,PATHFINDERS OF SAN DIEGO,2952 CEDAR STREET,,,SAN DIEGO,CA,92102,San Diego County,37,(619) 239-7370,RES,true,true,true,2028-07-31,false,13,13,1.2,MEN ONLY,false,false,32.722386,-117.130698
370007FN,RENAISSANCE OUTPATIENT SERVICES,"VOLUNTEERS OF AMERICA, SOUTHWEST CALIFORNIA, INCORPORATION","3530 CAMINO DEL RIO, NORTH",SUITE 300,,SAN DIEGO,CA,92108,San Diego County,37,(619) 282-8211,NON,false,false,true,2028-07-31,false,0,0,1.1,CO-ED,false,false,32.778695,-117.118193
370008DN,STEPPING STONE OF SAN DIEGO,THE STEPPING STONE OF SAN DIEGO,3767 CENTRAL AVENUE,,,SAN DIEGO,CA,92105,San Diego County,37,(619) 584-4010,RES,false,true,true,2028-05-31,false,31,31,1.1,CO-ED,false,false,32.747152,-117.108138
370008FN,STEPPING OUT,THE STEPPING STONE OF SAN DIEGO,3928 ILLINOIS STREET,,,SAN DIEGO,CA,92104,San Diego County,37,(619) 584-4010,NON,false,false,true,2026-12-31,false,0,0,1.1,CO-ED,false,false,32.749072,-117.127744
370009AN,THE FELLOWSHIP CENTER,"FELLOWSHIP CENTER ALCOHOL SERVICES PROGRAM, INC.",737 EAST GRAND AVENUE,,"745 EAST GRAND AVENUE, AND 726 AND 736 EAST 2ND AVENUE",ESCONDIDO,CA,92025,San Diego County,37,(760) 745-8478,RES,true,true,true,2028-07-31,false,87,87,1.2,MEN ONLY,false,false,33.125148,-117.072049
370011AN,THE WAY BACK,THE WAY BACK,2516 A STREET,,,SAN DIEGO,CA,92102-2199,San Diego County,37,(619) 235-0592,RES,true,true,true,2028-02-29,false,30,30,1.2,MEN ONLY,false,false,32.718984,-117.139741
370012AN,TRADITION ONE-MEN,TRADITION ONE,4104 DELTA STREET,,4114 AND 4124 DELTA STREET,SAN DIEGO,CA,92113,San Diego County,37,(619) 264-0141,RES,false,true,false,2028-02-29,false,43,46,1.2,MEN ONLY,false,false,32.688801,-117.105748
370013AN,TURNING POINT,THE TURNING POINT HOME OF SAN DIEGO,1315 25TH STREET,,,SAN DIEGO,CA,92102,San Diego County,37,(619) 233-0067,RES,false,true,true,2027-07-31,false,20,20,1.3,WOMEN ONLY,false,false,32.719346,-117.140268
370014AN,CASA DE MILAGROS,"METROPOLITAN AREA ADVISORY COMMITTEE ON ANTI-POVERTY OF SAN DIEGO COUNTY, INC.",1127 SOUTH 38TH STREET,,,SAN DIEGO,CA,92113,San Diego County,37,(619) 262-4002,RES,false,true,true,2027-09-30,false,18,18,1.4,WOMEN/CHILDREN,false,false,32.694379,-117.112418
370014BN,NOSOTROS,"METROPOLITAN AREA ADVISORY COMMITTEE ON ANTI-POVERTY OF SAN DIEGO COUNTY, INC.",73 NORTH 2ND AVENUE,,,CHULA VISTA,CA,91910,San Diego County,37,(619) 426-4801,RES,false,true,true,2027-09-30,false,17,17,1.2,MEN ONLY,false,false,32.655574,-117.080848
370017AP,"SHORELINE RECOVERY CENTER, LLC","SHORELINE RECOVERY CENTER, LLC",183 CALLE MAGDALENA,SUITE 101,,ENCINITAS,CA,92024,San Diego County,37,(858) 900-5079,NON,false,false,true,2027-12-31,false,0,0,1.1,CO-ED,false,false,33.045708,-117.282443
370017BP,PARK MENTAL HEALTH TREATMENT OF SAN DIEGO,"SHORELINE RECOVERY CENTER, LLC",2859 EL CAJON BLVD,,,SAN DIEGO,CA,92104,San Diego County,37,(866) 420-2524,NON,false,false,true,2027-10-31,false,0,0,1.8,DUAL DIAGNOSIS,false,false,32.755208,-117.132312
370021AN,HOUSE OF METAMORPHOSIS,"HOUSE OF METAMORPHOSIS, INC.",4017 42ND STREET,,,SAN DIEGO,CA,92105,San Diego County,37,(619) 236-9217,RES,false,true,true,2027-11-30,false,64,64,1.1,CO-ED,false,false,32.750096,-117.104435
370024IN,SHORT TERM I--MARLBOROUGH,"CRASH, INC.",4161 MARLBOROUGH AVENUE,,,SAN DIEGO,CA,92105,San Diego County,37,(619) 282-7274,RES,false,true,true,2027-03-31,false,50,50,1.2,MEN ONLY,false,false,32.754681,-117.106122
370024KN,GOLDEN HILL HOUSE II,"CRASH, INC.",835 25TH STREET,,,SAN DIEGO,CA,92102,San Diego County,37,(619) 239-9691,RES,false,true,true,2028-05-31,false,45,45,1.1,CO-ED,false,false,32.71451,-117.140262
370024LN,GOLDEN HILL HOUSE,"CRASH, INC.",2410 E STREET,,,SAN DIEGO,CA,92102,San Diego County,37,(619) 234-3346,RES,false,true,true,2027-04-30,false,36,36,1.2,MEN ONLY,false,false,32.714798,-117.142223
370026AP,BOARDWALK RECOVERY CENTER,"LOCAL 92109, LLC",1940 GARNET AVENUE,SUITE 100 &120,,SAN DIEGO,CA,92109,San Diego County,37,(858) 717-4322,NON,false,false,true,2028-08-31,false,0,0,1.2,MEN ONLY,false,false,32.801228,-117.234386
370031AP,HEALTHY U BEHAVIORAL HEALTH,SOBER LIFE RECOVERY SOLUTIONS LLC.,3930 FOURTH AVENUE,THIRD FLOOR,,SAN DIEGO,CA,92103,San Diego County,37,(619) 542-9542,NON,false,false,true,2026-09-30,false,0,0,1.1,CO-ED,false,false,32.748939,-117.161639
370031BP,HIDDEN LEAF WELLNESS,SOBER LIFE RECOVERY SOLUTIONS LLC.,8619 JACKIE DRIVE,,,SAN DIEGO,CA,92119,San Diego County,37,(619) 542-9542,RES,true,true,false,2027-12-31,false,6,6,1.1,CO-ED,true,false,32.81127,-117.012631
370032AP,HARMONY GROVE RECOVERY,"NDLLJ, INC.",21734 AMBLE DRIVE,,,ESCONDIDO,CA,92029,San Diego County,37,(760) 697-0497,RES,true,true,true,2027-06-30,false,6,7,1.1,CO-ED,true,false,33.107161,-117.130525
370032BP,LILAC RECOVERY CENTER,"NDLLJ, INC.",28012 MOOSA CREEK WAY,,,VALLEY CENTER,CA,92082,San Diego County,37,(442) 341-6400,RES,true,true,true,2028-02-29,false,6,7,1.1,CO-ED,true,false,33.216928,-117.036655
370032CP,HARMONY GROVE RECOVERY,"NDLLJ, INC.",1535 GRAND AVENUE,SUITE C,,SAN MARCOS,CA,92708,San Diego County,37,(760) 697-0497,NON,true,false,true,2028-05-31,false,0,0,1.1,CO-ED,false,false,33.14494,-117.197286
370033AP,HEALTHY LIFE RECOVERY INC,HEALTHY LIFE RECOVERY INC,1010 TURQUOISE STREET,"SUITES 101, 102 & 265",,SAN DIEGO,CA,92109,San Diego County,37,(858) 888-5332,NON,false,false,true,2027-03-31,false,0,0,1.1,CO-ED,false,false,32.809522,-117.255279
370033BP,HEALTHY LIFE RECOVERY INC,HEALTHY LIFE RECOVERY INC,4320 TRIAS STREET,,,SAN DIEGO,CA,92103,San Diego County,37,(858) 888-5332,RES,true,true,false,2027-05-31,false,6,6,1.1,CO-ED,true,false,32.754281,-117.187988
370037AP,AKUA MIND AND BODY,"AKUA BEHAVIORAL HEALTH, INC.",3025 REYNARD WAY,,,SAN DIEGO,CA,92103,San Diego County,37,(949) 777-2283,RES,true,true,true,2027-04-30,false,32,32,1.1,CO-ED,true,false,32.736903,-117.16988
370037CP,"AKUA BEHAVIORAL HEALTH, INC","AKUA BEHAVIORAL HEALTH, INC.",1784 SAN DIEGO AVE,,,SAN DIEGO,CA,92110,San Diego County,37,(949) 891-0366,NON,false,false,true,2027-03-31,false,0,0,1.1,CO-ED,false,false,32.743788,-117.183756
370039IN,CHOICES IN RECOVERY/FOUNDATION HOUSE,THE BETHESDA RECOVERY CENTER,2473 BRADLEY STREET,,,OCEANSIDE,CA,92056,San Diego County,37,(760) 726-5171,RES,true,true,false,2028-09-30,false,6,8,1.1,CO-ED,false,false,33.204632,-117.285711
370039LN,CHOICES IN RECOVERY/HILL HOUSE,THE BETHESDA RECOVERY CENTER,1135 NORTH DRIVE,,,VISTA,CA,92083,San Diego County,37,(760) 945-5290,RES,false,true,true,2027-04-30,false,6,8,1.1,CO-ED,false,false,33.215398,-117.253385
370039MN,CHOICES IN RECOVERY/HUMBLE HOUSE,THE BETHESDA RECOVERY CENTER,248 HILL DRIVE,,,VISTA,CA,92083,San Diego County,37,(760) 945-5290,RES,false,true,true,2027-04-30,false,6,8,1.1,CO-ED,false,false,33.195764,-117.270885
370039NN,CHOICES IN RECOVERY - ALCOHOL AND DRUG ABUSE OUTPATIENT TREATMENT PROGRAM,THE BETHESDA RECOVERY CENTER,729-733 S. SANTA FE AVE,,,VISTA,CA,92083,San Diego County,37,(760) 945-5290,NON,false,false,true,2027-09-30,false,0,0,1.1,CO-ED,false,false,33.194863,-117.236483
370039SN,CHOICES IN RECOVERY/ BIG HOUSE,THE BETHESDA RECOVERY CENTER,543 PINA LANE,,,VISTA,CA,92083,San Diego County,37,(760) 945-5290,RES,true,true,true,2027-04-30,false,6,8,1.1,CO-ED,false,false,33.193518,-117.243208
370040AP,PRESENT MOMENTS RECOVERY,PMR IOP LLC,2945 HARDING STREET,SUITE 213,,CARLSBAD,CA,92008,San Diego County,37,(619) 363-4767,NON,true,false,true,2027-07-31,false,0,0,1.1,CO-ED,false,false,33.162487,-117.345093
370045ABN,MCALISTER INSTITUTE SOUTH BAY REGIONAL RECOVERY CENTER,"MCALISTER INSTITUTE FOR TREATMENT & EDUCATION, INC.",1180 3RD AVENUE,"SUITES C-3, C-4, C-5, C-6","1172 3RD AVENUE, SUITE D-1",CHULA VISTA,CA,91911,San Diego County,37,(619) 691-8164,NON,true,false,true,2027-02-28,false,0,0,1.1,CO-ED,false,false,32.611189,-117.068174
370045ACN,SOUTH TEEN RECOVERY CENTER,"MCALISTER INSTITUTE FOR TREATMENT & EDUCATION, INC.",371 E STREET,,,CHULA VISTA,CA,91910,San Diego County,37,(619) 691-1045,NON,false,false,true,2028-04-30,false,0,0,1.1,CO-ED,false,false,32.644066,-117.083898
370045AMN,MCALISTER INSTITUTE EAST TEEN RECOVERY CENTER,"MCALISTER INSTITUTE FOR TREATMENT & EDUCATION, INC.",550 FESLER STREET,SUITE G1 AND G2,,EL CAJON,CA,92020,San Diego County,37,(619) 588-5361,NON,false,false,true,2027-04-30,false,0,0,1.1,CO-ED,false,false,32.808807,-116.968803
370045AN,NORTH COASTAL REGIONAL RECOVERY CENTER,"MCALISTER INSTITUTE FOR TREATMENT & EDUCATION, INC.",1211 WEST VISTA WAY,BLDG C,,VISTA,CA,92083-6227,San Diego County,37,(760) 721-2781,NON,false,false,true,2028-04-30,false,0,0,1.1,CO-ED,false,false,33.193975,-117.266779
370045AQN,NORTH INLAND WOMEN/ADOLESCENT RECOVERY CENTER,"MCALISTER INSTITUTE FOR TREATMENT & EDUCATION, INC.",751 RANCHEROS DRIVE,SUITES 4 AND 5,,SAN MARCOS,CA,92069,San Diego County,37,(760) 761-0515,NON,true,false,true,2027-10-31,false,0,0,1.5,YOUTH/ADOLESCENT,false,false,33.140203,-117.14316
370045ATN,NORTH CENTRAL WOMEN'S RECOVERY CENTER,"MCALISTER INSTITUTE FOR TREATMENT & EDUCATION, INC.",8665 GIBBS DRIVE,SUITE 150,,SAN DIEGO,CA,92123-1739,San Diego County,37,(858) 384-6284,NON,true,false,true,2028-04-30,false,0,0,1.1,CO-ED,false,false,32.810435,-117.141907
370045AUN,NORTH INLAND REGIONAL RECOVERY CENTER,"MCALISTER INSTITUTE FOR TREATMENT & EDUCATION, INC.",200 E. WASHINGTON AVENUE,SUITE 100 AND SUITE 200,,ESCONDIDO,CA,92025-1806,San Diego County,37,(760) 741-7708,NON,true,false,true,2028-04-30,false,0,0,1.1,CO-ED,false,false,33.127509,-117.082173
370045AVN,NORTH COASTAL REGIONAL RECOVERY CENTER,"MCALISTER INSTITUTE FOR TREATMENT & EDUCATION, INC.",1701 MISSION AVENUE,UNIT 310,,OCEANSIDE,CA,92058-7110,San Diego County,37,(760) 721-2781,NON,true,false,true,2027-06-30,false,0,0,1.1,CO-ED,false,false,33.202911,-117.366576
370045BN,MCALISTER INSTITUTE SOUTH BAY WOMEN'S RECOVERY CENTER,"MCALISTER INSTITUTE FOR TREATMENT & EDUCATION, INC.",2414 HOOVER AVENUE,"SUITES A, B, C",,NATIONAL CITY,CA,91950-8581,San Diego County,37,(619) 336-1226,NON,true,false,true,2028-04-30,false,0,0,1.3,WOMEN ONLY,false,false,32.66062,-117.104458
370045DN,EAST COUNTY REGIONAL RECOVERY CENTER,"MCALISTER INSTITUTE FOR TREATMENT & EDUCATION, INC.",1365 NORTH JOHNSON AVENUE,"SUITES 111, 112 AND 113","1385 NORTH JOHNSON AVENUE, SUITES 102,103 AND 104",EL CAJON,CA,92020-1649,San Diego County,37,(619) 440-4801,NON,true,false,true,2028-04-30,false,0,0,1.1,CO-ED,false,false,32.813976,-116.970986
370045FN,MCALISTER INSTITUTE - LEMON GROVE FACILITY,"MCALISTER INSTITUTE FOR TREATMENT & EDUCATION, INC.",2049 SKYLINE DRIVE,,,LEMON GROVE,CA,91945-4421,San Diego County,37,(619) 465-7303,RES,true,true,true,2028-04-30,false,155,180,1.9,CO-ED/CHILDREN,true,false,32.727542,-117.026797
370045WN,NORTH COASTAL WOMEN'S RECOVERY CENTER,"MCALISTER INSTITUTE FOR TREATMENT & EDUCATION, INC.",3355 MISSION AVENUE,"SUITE 234, 235, 236, 237, AND 239",,OCEANSIDE,CA,92058,San Diego County,37,(760) 462-5581,NON,true,false,true,2027-06-30,false,0,0,1.1,CO-ED,false,false,33.217586,-117.342076
370059AN,AMITY FOUNDATION OF CALIFORNIA,EPIDAURUS,2260 WATSON WAY,,,VISTA,CA,92083,San Diego County,37,(760) 599-1892,RES,false,true,true,2026-12-31,false,60,68,1.2,MEN ONLY,false,false,33.164607,-117.222285
370069ABN,ACTION EAST,"MENTAL HEALTH SYSTEMS, INC.",8760 CUYAMACA STREET,SUITE 100,,SANTEE,CA,92071,San Diego County,37,(619) 383-6868,NON,false,false,true,2027-12-31,false,0,0,1.1,CO-ED,false,false,32.834827,-116.983909
370069ACN,TEEN RECOVERY CENTER-NORTH CENTRAL,"MENTAL HEALTH SYSTEMS, INC.",4660 VIEWRIDGE AVE,STE.1,,SAN DIEGO,CA,92123,San Diego County,37,(760) 227-1354,NON,false,false,true,2026-09-30,false,0,0,1.1,CO-ED,false,false,32.823982,-117.121454
370069BN,EAST COUNTY CENTER FOR CHANGE,"MENTAL HEALTH SYSTEMS, INC.",8760 CUYAMACA STREET,SUITE 100,,SANTEE,CA,92071,San Diego County,37,(619) 579-0947,NON,false,false,true,2027-02-28,false,0,0,1.1,CO-ED,false,false,32.834827,-116.983909
370069CN,NORTH COUNTY CENTER FOR CHANGE,"MENTAL HEALTH SYSTEMS, INC.",504 WEST VISTA WAY,,,VISTA,CA,92083-5704,San Diego County,37,(760) 940-1836,NON,false,false,true,2027-02-28,false,0,0,1.1,CO-ED,false,false,33.19614,-117.252279
370069FN,TEEN RECOVERY PROGRAM - NORTH INLAND,"MENTAL HEALTH SYSTEMS, INC.",221 W. CREST STREET,SUITE 100,,ESCONDIDO,CA,92025,San Diego County,37,(760) 744-3672,NON,false,false,true,2027-02-28,false,0,0,1.5,YOUTH/ADOLESCENT,false,false,33.13083,-117.088415
370069IN,TURN TO RECOVERY,"MENTAL HEALTH SYSTEMS, INC.",3340 KEMPER STREET,SUITES 105 AND 207,,SAN DIEGO,CA,92110,San Diego County,37,(619) 523-8121,NON,false,false,true,2027-01-31,false,0,0,1.1,CO-ED,false,false,32.752893,-117.214734
370069QN,SOUTH COUNTY CENTER FOR CHANGE,"MENTAL HEALTH SYSTEMS, INC.",336 OXFORD STREET,"SUITES 206, 207, 208, & 209",,CHULA VISTA,CA,91911,San Diego County,37,(858) 573-2600,NON,false,false,true,2027-03-31,false,0,0,1.1,CO-ED,false,false,32.609862,-117.069173
370069TN,FAMILY RECOVERY CENTER,"MENTAL HEALTH SYSTEMS, INC.",1100 SPORTFISHER DRIVE,,,OCEANSIDE,CA,92054,San Diego County,37,(760) 439-6702,RES,true,true,false,2028-05-31,false,55,90,1.4,WOMEN/CHILDREN,false,false,33.201227,-117.377131
370069XN,ACTION CENTRAL,"MENTAL HEALTH SYSTEMS, INC.",1011 CAMINO DEL RIO S,SUITE 300,,SAN DIEGO,CA,92108,San Diego County,37,(619) 287-8225,NON,false,false,true,2027-06-30,false,0,0,1.1,CO-ED,false,false,32.76421,-117.154562
370071EN,UPAC EXPANDING HORIZONS,UNION OF PAN ASIAN COMMUNITIES,3539 COLLEGE AVE,,,SAN DIEGO,CA,92115,San Diego County,37,(619) 818-3788,NON,true,false,true,2028-05-31,false,0,0,1.10,CO-ED/YOUTH,false,false,32.745316,-117.056526
370072CN,PARENTCARE CENTRAL FAMILY RECOVERY CENTER,VISTA HILL FOUNDATION,4125 ALPHA STREET,"SUITES E, F, AND G",,SAN DIEGO,CA,92113,San Diego County,37,(619) 266-0166,NON,false,false,true,2027-08-31,false,0,0,1.3,WOMEN ONLY,false,false,32.691878,-117.105395
370072FN,DONALD K. ALLEN PARENTCARE FAMILY RECOVERY CENTER,VISTA HILL FOUNDATION,4990 WILLIAMS AVENUE,,,LA MESA,CA,91942,San Diego County,37,(619) 668-4200,NON,false,false,true,2027-11-30,false,0,0,1.4,WOMEN/CHILDREN,false,false,32.769342,-117.037102
370073AN,CASA RAPHAEL,ALPHA PROJECT FOR THE HOMELESS,975 POSTAL WAY,,993 POSTAL WAY,VISTA,CA,92083,San Diego County,37,(760) 630-9922,RES,false,true,true,2027-06-30,false,132,134,1.2,MEN ONLY,false,false,33.191479,-117.231891
370083AN,NEW ENTRA CASA,NEW ENTRA CASA CORPORATION,3575 PERSHING AVENUE,,,SAN DIEGO,CA,92104,San Diego County,37,(619) 294-4526,RES,false,true,true,2028-04-30,false,6,6,1.3,WOMEN ONLY,false,false,32.74352,-117.134661
370093BN,"RECOVERY AND WELLNESS CENTER, WITHDRAWAL MANAGEMENT AND RESIDENTIAL TREATMENT","INTERFAITH COMMUNITY SERVICES, INC.",550 W. WASHINGTON AVE,,,ESCONDIDO,CA,92025,San Diego County,37,(760) 489-6380,RES,true,true,true,2027-07-31,false,70,70,1.2,MEN ONLY,false,false,33.124543,-117.091779
370108AP,CAPALINA COMPREHENSIVE TREATMENT CENTER,SAN DIEGO HEALTH ALLIANCE,1560 CAPALINA ROAD,,,SAN MARCOS,CA,92069,San Diego County,37,(760) 744-2104,NON,true,false,true,2026-11-30,false,0,0,1.1,CO-ED,false,false,33.150879,-117.194629
370108CP,FASHION VALLEY COMPREHENSIVE TREATMENT CENTER,SAN DIEGO HEALTH ALLIANCE,7545 METROPOLITAN DRIVE,,,SAN DIEGO,CA,92108,San Diego County,37,(619) 718-9890,NON,true,false,true,2026-08-31,false,0,0,1.1,CO-ED,false,false,32.776865,-117.158584
370108DP,EL CAJON COMPREHENSIVE TREATMENT CENTER,SAN DIEGO HEALTH ALLIANCE,234 N. MAGNOLIA AVE.,,,EL CAJON,CA,92020,San Diego County,37,(619) 579-8378,NON,true,false,true,2027-04-30,false,0,0,1.1,CO-ED,false,false,32.797112,-116.962448
370109AP,CHULA VISTA COMPREHENSIVE TREATMENT CENTER,"SAN DIEGO TREATMENT SERVICES, LLC",1155 THIRD AVE.,,,CHULA VISTA,CA,91911,San Diego County,37,(619) 498-8260,NON,true,false,true,2027-05-31,false,0,0,1.1,CO-ED,false,false,32.611749,-117.068334
370110AN,ST. VINCENT DE PAUL VILLAGE RECOVERY SERVICES,"ST. VINCENT DE PAUL VILLAGE, INC.","16 15TH STREET, PAUL MIRABILE CENTER BUILDING,","GRP RMS 200, 207, & 220; OFFICES 154, 211A, BH3, BH4, BH5, & BH10",,SAN DIEGO,CA,92101,San Diego County,37,(619) 645-6405,NON,false,false,true,2028-07-31,false,0,0,1.1,CO-ED,false,false,32.705557,-117.150429
370110CN,FATHER JOE'S VILLAGES DETOX PROGRAM,"ST. VINCENT DE PAUL VILLAGE, INC.",16 15TH STREET,SUITES 200,,SAN DIEGO,CA,92101,San Diego County,37,(619) 645-6405,RES,true,true,false,2027-09-30,false,44,44,1.1,CO-ED,false,false,32.705557,-117.150429
370111AP,SAN DIEGO TREATMENT AND RECOVERY CENTER,"JC SERVICE AND ENTERPRISES, INC.",6244 EL CAJON BOULEVARD,SUITE 26,,SAN DIEGO,CA,92115,San Diego County,37,(888) 397-4773,NON,false,false,true,2027-09-30,false,0,0,1.1,CO-ED,false,false,32.763436,-117.06381
370116CP,SOLEDAD HOUSE,"ABC SOBER LIVING., LLC",4747 MORENA BOULEVARD,SUITE 200,,SAN DIEGO,CA,92117,San Diego County,37,(866) 314-3181,NON,false,false,true,2027-08-31,false,0,0,1.3,WOMEN ONLY,false,false,32.82397,-117.228862
370120AN,SAN DIEGO AMERICAN INDIAN HEALTH CENTER,SAN DIEGO AMERICAN INDIAN HEALTH CENTER,2630 FIRST AVENUE,SUITE 200,,SAN DIEGO,CA,92103,San Diego County,37,(619) 234-2158 X102,NON,false,false,true,2027-04-30,false,0,0,1.5,YOUTH/ADOLESCENT,false,false,32.732881,-117.163967
370122AP,ATON CENTER,"ATON CENTER, INC.",3250 COUNTRY ROSE CIRCLE,,,ENCINITAS,CA,92024,San Diego County,37,(858) 759-5017,RES,true,true,true,2028-11-30,false,6,7,1.1,CO-ED,true,false,33.064723,-117.211861
370122CP,ATON CENTER,"ATON CENTER, INC.",3238 COUNTRY ROSE CIRCLE,,,ENCINITAS,CA,92024,San Diego County,37,(858) 759-5017,RES,true,true,true,2028-03-31,false,6,8,1.1,CO-ED,true,false,33.064565,-117.212041
370122DP,ATON CENTER,"ATON CENTER, INC.",3462 WESTERN SPRINGS ROAD,,,ENCINITAS,CA,92024,San Diego County,37,(858) 759-5017,RES,true,true,true,2027-12-31,false,6,6,1.1,CO-ED,true,false,33.064355,-117.210501
370122EP,ATON CENTER,"ATON CENTER, INC.",3262 COUNTRY ROSE CIRCLE,,,ENCINITAS,CA,92024,San Diego County,37,(858) 759-5017,RES,true,true,true,2028-04-30,false,6,6,1.1,CO-ED,true,false,33.064885,-117.210827
370122FP,ATON CENTER,"ATON CENTER, INC.",3225 COUNTRY ROSE CIRCLE,,,ENCINITAS,CA,92024,San Diego County,37,(858) 759-5017,RES,true,true,true,2027-05-31,false,6,6,1.1,CO-ED,true,false,33.064009,-117.212199
370135CP,WEST COAST RECOVERY CENTERS,"WEST COAST MEN'S, LLC",801 MISSION AVENUE,,,OCEANSIDE,CA,92054,San Diego County,37,(855) 927-2687,NON,false,false,true,2027-07-31,false,0,0,1.1,CO-ED,false,false,33.197339,-117.377047
370136AP,PACIFIC BAY RECOVERY,PACIFIC BAY RECOVERY INC,13967 CAMPO ROAD,SUITE 202B,,JAMUL,CA,91935,San Diego County,37,(619) 461-3717,NON,true,false,true,2028-05-31,false,0,0,1.8,DUAL DIAGNOSIS,false,false,32.71349,-116.871068
370136CP,PACIFIC BAY RECOVERY,PACIFIC BAY RECOVERY INC,13510 JAMUL DRIVE,,13518 JAMUL DRIVE,JAMUL,CA,91935,San Diego County,37,(619) 350-8220,RES,true,true,true,2026-10-31,false,12,12,1.1,CO-ED,true,false,32.734681,-116.890107
370136FP,PACIFIC BAY RECOVERY,PACIFIC BAY RECOVERY INC,4971 CRESITA DRIVE,,,SAN DIEGO,CA,92115,San Diego County,37,(619) 461-3717,RES,true,true,true,2026-09-30,false,6,6,1.1,CO-ED,true,false,32.767805,-117.069237
370138FP,"APEX RECOVERY, LLC","APEX RECOVERY, LLC",2810 CAMINO DEL RIO SOUTH,SUITE 106,,SAN DIEGO,CA,92108,San Diego County,37,(619) 914-2690,NON,true,false,true,2027-05-31,false,0,0,1.1,CO-ED,false,false,32.770107,-117.1344
370140AP,CONFIDENTIAL RECOVERY,"COMMUNITY BEHAVIORAL HEALTH SOLUTIONS, INC.",4420 HOTEL CIRCLE COURT,SUITE 300,,SAN DIEGO,CA,92108,San Diego County,37,(619) 452-1200 X3,NON,false,false,true,2026-08-31,false,0,0,1.1,CO-ED,false,false,32.758392,-117.174433
370141BP,VVIOP,"PRACTICAL RECOVERY PSYCHOLOGY GROUP, INC.",8950 VILLA LA JOLLA DRIVE,SUITE A220,,LA JOLLA,CA,92037,San Diego County,37,(858) 546-1100,NON,false,false,true,2026-05-31,true,0,0,1.1,CO-ED,false,false,32.865929,-117.233418
370142CN,SOLUTIONS FOR RECOVERY,"FAMILY HEALTH CENTERS OF SAN DIEGO, INC.",1750 5TH AVENUE,,,SAN DIEGO,CA,92101,San Diego County,37,(619) 515-2588,NON,true,false,true,2027-11-30,false,0,0,1.1,CO-ED,false,false,32.723582,-117.160236
370142EN,SOLUTIONS FOR RECOVERY AT NORTH CENTRAL BEHAVIORAL HEALTH CENTER,"FAMILY HEALTH CENTERS OF SAN DIEGO, INC.",4930 NAPLES ST,,,SAN DIEGO,CA,92110,San Diego County,37,(619) 269-8969,NON,false,false,true,2026-12-31,false,0,0,1.1,CO-ED,false,false,32.770491,-117.202878
370148AP,PRESENT MOMENTS RECOVERY,WINDRIVER RECOVERY LLC,1809 WINDRIVER STREET,,,SAN MARCOS,CA,92078,San Diego County,37,(619) 363-4767,RES,true,true,true,2027-04-30,false,6,7,1.1,CO-ED,true,false,33.097794,-117.181332
370151CP,CROWNVIEW CO-OCCURRING INSTITUTE INCORPORATED,CROWNVIEW CO-OCCURRING INSTITUTE INCORPORATED,315 NORTH CLEMENTINE STREET,,,OCEANSIDE,CA,92054,San Diego County,37,(760) 231-1170,NON,false,false,true,2028-06-30,false,0,0,1.12,WOMEN/YOUTH,false,false,33.199059,-117.377705
370151DP,CROWNVIEW CO-OCCURRING INST,CROWNVIEW CO-OCCURRING INSTITUTE INCORPORATED,212 NORTH CLEMENTINE STREET,,,OCEANSIDE,CA,92054,San Diego County,37,(760) 231-1170,NON,false,false,true,2027-09-30,false,0,0,1.1,CO-ED,false,false,33.197976,-117.376716
370154AP,VILLA KALI MA,KALI WEST LLC,2912 MANAGUA PLACE,,,CARLSBAD,CA,92009,San Diego County,37,(760) 683-5152,RES,true,true,true,2028-07-31,false,6,6,1.3,WOMEN ONLY,true,false,33.094767,-117.246083
370154BP,VILLA KALI MA,KALI WEST LLC,3790 VIA DE LA VALLE,SUITE 313,,DEL MAR,CA,92014,San Diego County,37,(858) 280-8004,NON,false,false,true,2026-11-30,false,0,0,1.1,CO-ED,false,false,32.982874,-117.229534
370159AP,LA JOLLA RECOVERY,"LA JOLLA RECOVERY, INC.",7632 HERSCHEL AVENUE,,7634 HERSCHEL AVENUE,LA JOLLA,CA,92037,San Diego County,37,(858) 345-7926,NON,false,false,true,2028-08-31,false,0,0,1.10,CO-ED/YOUTH,false,false,32.843498,-117.2722
370159CP,LA JOLLA RECOVERY,"LA JOLLA RECOVERY, INC.",5978 LA JOLLA CORONA DRIVE,,,LA JOLLA,CA,92037-7447,San Diego County,37,(858) 877-3422,RES,true,true,false,2026-09-30,false,6,6,1.1,CO-ED,true,false,32.82133,-117.266852
370159DP,LA JOLLA RECOVERY,"LA JOLLA RECOVERY, INC.",1446 DIAMOND STREET,,"1448, AND 1450 DIAMOND STREET",SAN DIEGO,CA,92109,San Diego County,37,(858) 345-7926,RES,true,true,false,2027-01-31,false,18,18,1.1,CO-ED,true,false,32.801996,-117.244473
370167AN,BETTY FORD CENTER - SAN DIEGO,HAZELDEN BETTY FORD FOUNDATION,11720 EL CAMINO REAL,SUITE 200,,SAN DIEGO,CA,92130,San Diego County,37,(888) 338-9773,NON,false,false,true,2027-05-31,false,0,0,1.7,FAMILIES,false,false,32.929926,-117.23765
370169AP,IMMERSIVE RECOVERY,"CALIFORNIA COASTAL RECOVERY CENTERS, LLC",2236 ENCINITAS BOULEVARD,"UNITS B, C-2, D, E, F, G, H",,ENCINITAS,CA,92024,San Diego County,37,(858) 342-9151,NON,false,false,true,2027-04-30,false,0,0,1.7,FAMILIES,false,false,33.037628,-117.239383
370171CP,RESTORE DETOX CENTERS,"RESTORE TREATMENT CENTERS, LLC",14099 SKY MOUNTAIN TRAIL,,,POWAY,CA,92064,San Diego County,37,(818) 614-5167,RES,true,true,false,2027-03-31,false,6,6,1.1,CO-ED,true,false,32.946559,-117.025189
370175AP,"CORECIVIC OF TENNESSEE, LLC","CORECIVIC OF TENNESSEE, LLC",2727 BOSTON AVENUE,,2761 BOSTON AVENUE,SAN DIEGO,CA,92113,San Diego County,37,(619) 232-1067,RES,false,true,false,2027-10-31,false,120,120,1.2,MEN ONLY,false,false,32.69381,-117.135032
370177BP,BOLD HEALTH,"BOLD HEALTH MEDICAL GROUP, A PROFESSIONAL CORPORATION",561 SAXONY PLACE,SUITE 101,"617 SAXONY PLACE, SUITE 103",ENCINITAS,CA,92024,San Diego County,37,(760) 503-4703,NON,false,false,true,2026-09-30,false,0,0,1.1,CO-ED,false,false,33.054789,-117.287135
370178AN,CENTRAL EAST REGIONAL RECOVERY CENTER,EPISCOPAL COMMUNITY SERVICES,4443 30TH STREET,,,SAN DIEGO,CA,92116,San Diego County,37,(619) 597-7335,NON,true,false,true,2028-02-29,false,0,0,1.1,CO-ED,false,false,32.758157,-117.130165
370180AP,OCEANSIDE COMPREHENSIVE TREATMENT CENTER,"MISSION TREATMENT SERVICES, INC.",1905 APPLE STREET,SUITE 3,,OCEANSIDE,CA,92054,San Diego County,37,(760) 547-1280,NON,false,false,true,2028-03-31,false,0,0,1.1,CO-ED,false,false,33.194649,-117.357312
370180BP,ESCONDIDO COMPREHENSIVE TREATMENT CENTER,"MISSION TREATMENT SERVICES, INC.",161 N. DATE STREET,,,ESCONDIDO,CA,92025,San Diego County,37,(760) 745-7786,NON,false,false,true,2028-02-29,false,0,0,1.1,CO-ED,false,false,33.126646,-117.070335
370180CP,SAN DIEGO COMPREHENSIVE TREATMENT CENTER,"MISSION TREATMENT SERVICES, INC.",8898 CLAIREMONT MESA BLVD.,SUITE H,,SAN DIEGO,CA,92123,San Diego County,37,(858) 715-1211,NON,false,false,true,2028-02-29,false,0,0,1.1,CO-ED,false,false,32.831509,-117.136908
370181BN,REENTRY COURT PROGRAM,SAN DIEGO SECOND CHANCE PROGRAM,6145 IMPERIAL AVENUE,SUITE A-H,,SAN DIEGO,CA,92114,San Diego County,37,(619) 234-8888,NON,false,false,true,2026-10-31,false,0,0,1.1,CO-ED,false,false,32.709478,-117.06587
370181CN,CENTRAL DRUG COURT,SAN DIEGO SECOND CHANCE PROGRAM,6145 IMPERIAL AVENUE,SUITE I - N,,SAN DIEGO,CA,92114,San Diego County,37,(619) 234-8888,NON,false,false,true,2027-12-31,false,0,0,1.1,CO-ED,false,false,32.709478,-117.06587
370182AP,JACKSON HOUSE RECOVERY CENTER,"BH-SD DD OPCO, LLC",2456 E STREET,,,SAN DIEGO,CA,92102,San Diego County,37,(619) 889-3399,RES,true,true,true,2028-07-31,false,35,35,1.1,CO-ED,true,false,32.714805,-117.141249
370183BP,RADAR RECOVERY CENTER,28TH STREET DETOX LLC,1119 28TH STREET,,,SAN DIEGO,CA,92102,San Diego County,37,(619) 485-1034,RES,true,true,true,2027-02-28,false,37,37,1.1,CO-ED,true,false,32.717344,-117.133782
370184AP,REFRESH RECOVERY,"REFRESH RECOVERY, LLC",4141 JUTLAND DRIVE,SUITE 110,,SAN DIEGO,CA,92117,San Diego County,37,(619) 455-1318,NON,false,false,true,2028-04-30,false,0,0,1.1,CO-ED,false,false,32.8242,-117.228001
370185BP,BRILLIANT START WELLNESS,BRILLIANT START WELLNESS,15644 POMERADO RD,SUITE 200,,POWAY,CA,92064,San Diego County,37,(858) 524-6008,NON,false,false,true,2027-10-31,false,0,0,1.1,CO-ED,false,false,32.997166,-117.058021
370186AP,VILLA OASIS,"VILLA OASIS SAN DIEGO, INC.",14980 RANCHO SANTA FE FARMS ROAD,,,RANCHO SANTA FE,CA,92067,San Diego County,37,(619) 598-0183,RES,true,true,false,2027-01-31,false,12,12,1.1,CO-ED,true,false,32.983155,-117.181173
370190BP,RHOMBUS COUNSELING,RHOMBUS,8058 LA MESA BLVD,,,LA MESA,CA,91942,San Diego County,37,(760) 303-4181,NON,false,false,true,2027-11-30,false,0,0,1.1,CO-ED,false,false,32.763394,-117.023395
370196AP,MENTAL HEALTH CENTER OF SAN DIEGO,MENTAL HEALTH CENTER OF SAN DIEGO LLC,960 GRAND AVENUE,,,SAN DIEGO,CA,92109,San Diego County,37,(619) 450-1874,NON,false,false,true,2027-12-31,false,0,0,1.8,DUAL DIAGNOSIS,false,false,32.795433,-117.251878
370199AP,LATITUDE RECOVERY CENTER,LATITUDE TELEHEALTH SERVICES LLC,560 CARLSBAD VILLAGE DRIVE,"SUITES 200, 201",,CARLSBAD,CA,92008,San Diego County,37,(760) 808-2504,NON,false,false,true,2027-11-30,false,0,0,1.8,DUAL DIAGNOSIS,false,false,33.159946,-117.34816
370201AP,CARLSBAD MENTAL HEALTH SERVICES,CARLSBAD MENTAL HEALTH SERVICES LLC,2850 PIO PICO DRIVE,SUITES E & F,,CARLSBAD,CA,92008,San Diego County,37,(949) 359-5669,NON,false,false,true,2028-01-31,false,0,0,1.1,CO-ED,false,false,33.166255,-117.343226
370202AP,PACIFIC BEACH HEALTH LLC,PACIFIC BEACH HEALTH LLC,2108 GARNET AVE,UNIT A,,SAN DIEGO,CA,92109,San Diego County,37,(858) 922-9359,NON,false,false,true,2027-11-30,false,0,0,1.8,DUAL DIAGNOSIS,false,false,32.801867,-117.231513
370202BP,PACIFIC BEACH HEALTH,PACIFIC BEACH HEALTH LLC,4425 BAYARD ST.,200,,SAN DIEGO,CA,92109,San Diego County,37,(858) 922-9359,NON,false,false,true,2026-12-31,false,0,0,1.8,DUAL DIAGNOSIS,false,false,32.795776,-117.253277
370204AN,TRUE LIFE RECOVERY,"NORTH COUNTY LIFELINE, INC.",200 MICHIGAN AVE,,,VISTA,CA,92084,San Diego County,37,(760) 726-4900,NON,false,false,true,2028-05-31,false,0,0,1.5,YOUTH/ADOLESCENT,false,false,33.203943,-117.242237
370207AP,COASTAL DETOX OF SOUTHERN CALIFORNIA,COASTAL DETOX OF SOUTHERN CALIFORNIA LLC,2572 PICO WAY,,2574 PICO WAY,SAN DIEGO,CA,92109,San Diego County,37,(530) 945-7546,RES,true,true,true,2028-05-31,false,12,12,1.1,CO-ED,true,false,32.807592,-117.224041
370208AP,WEST SIDE RECOVERY INC,WEST SIDE RECOVERY INC,4241 JUTLAND DRIVE,SUITE 101,,SAN DIEGO,CA,92117,San Diego County,37,(619) 796-9611,NON,false,false,true,2028-06-30,false,0,0,1.1,CO-ED,false,false,32.824616,-117.227462
370210AP,SAN DIEGO DETOX LLC,SAN DIEGO DETOX LLC,16916 DEER HILL ESTATES,,16916B DEER HILL ESTATES AND 16925 & 16925B DEER HILL ESTATES,LAKESIDE,CA,92040,San Diego County,37,(619) 433-4971,RES,true,true,true,2026-08-31,false,24,24,1.1,CO-ED,true,false,32.950735,-116.96307
370211CP,LUCID OCEANSIDE,"JRA, INC.",6880 PAKAMA LANE,,,VISTA,CA,92084,San Diego County,37,(760) 907-3422,RES,true,true,true,2027-02-28,false,10,10,1.1,CO-ED,true,false,33.258565,-117.186067
370213AP,RIGHT PATH RECOVERY,"SD HEALTH HOLDINGS, LLC",5935 JOEL LANE,,,LA MESA,CA,91942,San Diego County,37,(858) 999-0163,RES,true,true,false,2027-04-30,false,6,6,1.1,CO-ED,true,false,32.786442,-116.991684
370213CP,RIGHT PATH RECOVERY,"SD HEALTH HOLDINGS, LLC",4885 GREENCRAIG LANE,,,SAN DIEGO,CA,92123,San Diego County,37,(747) 265-9704,NON,false,false,true,2027-11-30,false,0,0,1.1,CO-ED,false,false,32.827509,-117.125267
370214AP,BAYVIEW RECOVERY CENTER,BAYVIEW RECOVERY CENTER LLC,2515 CAMINO DEL RIO SOUTH,"SUITE 300, 305 & 310",,SAN DIEGO,CA,92108,San Diego County,37,(619) 400-7476,NON,false,false,true,2027-06-30,false,0,0,1.2,MEN ONLY,false,false,32.769195,-117.137784
370215AP,ASSURE RECOVERY CENTER,ASSURE RECOVERY CENTER LLC,4858 MERCURY ST.,SUITE 100,,SAN DIEGO,CA,92111,San Diego County,37,(978) 912-4411,NON,false,false,true,2027-02-28,false,0,0,1.1,CO-ED,false,false,32.830494,-117.1489
370216BN,HEAL BEHAVIOR HEALTH,HEALTHY SOLUTIONS,4660 EL CAJON BOULEVARD,SUITE 105,,SAN DIEGO,CA,92105,San Diego County,37,(619) 213-9356,NON,false,false,true,2026-08-31,false,0,0,1.1,CO-ED,false,false,32.755887,-117.093601
370218AN,HEALING OAKS CLINIC,THE NEIGHBORHOOD HOUSE ASSOCIATION,286 EUCLID AVENUE,"SUITE 101,102,104 AND 301",,SAN DIEGO,CA,92114,San Diego County,37,(619) 859-6270 X0001,NON,false,false,true,2027-12-31,false,0,0,1.1,CO-ED,false,false,32.707233,-117.085123
370220AP,WORTHY WELLNESS CENTER,WORTHY RECOVERY CENTER LLC,2562 STATE STREET,SUITE D,,CARLSBAD,CA,92008,San Diego County,37,(516) 776-8595,NON,false,false,true,2027-08-31,false,0,0,1.1,CO-ED,false,false,33.164249,-117.35249
370221AN,CENTER FOR PROGRESSIVE WELLNESS,CENTER FOR POSITIVE CHANGES,6950 EL CAJON BLVD,,,SAN DIEGO,CA,92115,San Diego County,37,(619) 660-3886,NON,false,false,true,2027-08-31,false,0,0,1.10,CO-ED/YOUTH,false,false,32.768765,-117.048421
370222AP,INNER-TRIBAL TREATMENT,INNER-TRIBAL TREATMENT,16160  HIGHWAY 76,SUITE 401 AND UNIT 1,,PAUMA VALLEY,CA,92061,San Diego County,37,(442) 217-9854,NON,false,false,true,2027-08-31,false,0,0,1.1,CO-ED,false,false,33.303555,-116.978558
370223AP,ZION HEALING CENTER SOCAL,"ZION HEALING CENTER SOCAL, LLC",330 SOUTH MAGNOLIA AVE,SUITE 203,,EL CAJON,CA,92020,San Diego County,37,(619) 350-0302,NON,false,false,true,2027-10-31,false,0,0,1.1,CO-ED,false,false,32.792179,-116.962357
370224AP,SOLARA SOLEDAD,"SOLARA HEALTH, INC.",5322 SOLEDAD MOUNTAIN RD,,,SAN DIEGO,CA,92109,San Diego County,37,(858) 203-3516,RES,true,true,true,2027-11-30,false,6,6,1.1,CO-ED,true,false,32.816029,-117.236381
370225AP,PROTECTED ROOTS INTEGRATIVE TREATMENT CENTER LLC,PROTECTED ROOTS INTREGRATIVE TREATMENT CENTER LLC,7817 HERSCHEL AVE,SUITE 101-102,,LA JOLLA,CA,92037,San Diego County,37,(858) 295-1815,NON,false,false,true,2027-09-30,false,0,0,1.5,YOUTH/ADOLESCENT,false,false,32.84582,-117.272883
370227AP,PROJECT RECOVERY SAN DIEGO,PROJECT RECOVERY LLC,9760 BIRCH CANYON PLACE,,,SAN DIEGO,CA,92126,San Diego County,37,(760) 581-4357,NON,false,false,true,2026-05-31,true,0,0,1.1,CO-ED,false,false,32.89753,-117.145886
370228AN,COMMUNITY REUNIFICATION PROJECT,COMMUNITY REUNIFICATION PROJECT,6280 JACKSON DRIVE,SUITE 8,,SAN DIEGO,CA,92119,San Diego County,37,(619) 324-4893,NON,false,false,true,2028-06-30,false,0,0,1.1,CO-ED,false,false,32.792697,-117.018373
370229AP,INFINITY RECOVERY LLC,INFINITY RECOVERY LLC,9486 OWL COURT,,,SAN DIEGO,CA,92129,San Diego County,37,(858) 538-9561,RES,true,true,false,2028-05-31,false,6,6,1.1,CO-ED,true,false,32.948152,-117.120481
370230AP,SAN DIEGO REHAB LLC,SAN DIEGO REHAB LLC,430 NUTMEG STREET,SUITE 200,,SAN DIEGO,CA,92103,San Diego County,37,(714) 609-9300,NON,false,false,true,2026-09-30,false,0,0,1.1,CO-ED,false,false,32.733534,-117.160734
370231AP,CARDIFF HEALTH SERVICES LLC,CARDIFF HEALTH SERVICES LLC,4537 COVE DRIVE,SUITE A AND B,,CARLSBAD,CA,92008,San Diego County,37,(760) 704-8076,RES,true,true,true,2028-05-31,false,12,12,1.1,CO-ED,true,false,33.145197,-117.324146
370232AN,SIGNS OF LIFE,"DEAF COMMUNITY SERVICES OF SAN DIEGO, INC.",2240 CLEVELAND AVENUE,,,NATIONAL CITY,CA,91950,San Diego County,37,(619) 550-3436,NON,false,false,true,2028-08-31,false,0,0,1.1,CO-ED,false,false,32.66092,-117.110264
370233AP,"RECOVER MEDICAL GROUP, PC",RECOVER MEDICAL GROUP P.C.,120 BIRMINGHAM DRIVE,SUITE 240A,,CARDIFF BY THE SEA,CA,92007,San Diego County,37,(858) 208-0121,NON,false,false,true,2026-12-31,false,0,0,1.1,CO-ED,false,false,33.023076,-117.282626
370233BP,"RECOVER MEDICAL GROUP, PC",RECOVER MEDICAL GROUP P.C.,940 E VALLEY PKWY,STE. D,,ESCONDIDO,CA,92025,San Diego County,37,(858) 208-0121,NON,true,false,true,2027-05-31,false,0,0,1.1,CO-ED,false,false,33.128985,-117.070414
370233CP,"RECOVER MEDICAL GROUP, PC",RECOVER MEDICAL GROUP P.C.,333 F ST.,STE. C,,CHULA VISTA,CA,91910,San Diego County,37,(858) 208-0121,NON,true,false,true,2027-05-31,false,0,0,1.1,CO-ED,false,false,32.640999,-117.0813
370233DP,RECOVER MEDICAL GROUP P.C.,RECOVER MEDICAL GROUP P.C.,4033 3RD AVENUE,SUITE 200,,SAN DIEGO,CA,92103,San Diego County,37,(858) 208-0121,NON,true,false,true,2027-05-31,false,0,0,1.1,CO-ED,false,false,32.750517,-117.162746
370234AP,MINDFUL BODY'S RECOVERY,MINDFUL BEHAVIORAL OUTPATIENT DISCOVERING YOUR SELF,717 PIER VIEW WAY,,,OCEANSIDE,CA,92054,San Diego County,37,(760) 994-8846,NON,true,false,true,2026-09-30,false,0,0,1.10,CO-ED/YOUTH,false,false,33.198019,-117.378099
370237AP,IRONWOOD RECOVERY,IRONWOOD RECOVERY LLC,4339 PARK DRIVE,A,,CARLSBAD,CA,92008,San Diego County,37,(949) 463-9406,RES,true,true,false,2026-09-30,false,6,6,1.1,CO-ED,true,false,33.149219,-117.325946
370237BP,IRONWOOD RECOVERY,IRONWOOD RECOVERY LLC,4339 PARK DRIVE,B,,CARLSBAD,CA,92008,San Diego County,37,(949) 463-9406,RES,true,true,false,2026-09-30,false,6,6,1.1,CO-ED,true,false,33.149219,-117.325946
370238AP,LEUCADIA DETOX,LA COSTA RECOVERY LLC,136 E JASON STREET,"SUITES A, B, C & D",,ENCINITAS,CA,92024,San Diego County,37,(949) 359-5669,RES,true,true,true,2026-12-31,false,14,14,1.1,CO-ED,true,false,33.070928,-117.303154
370240AP,"VILLA OASIS SAN DIEGO IOP, INC.","VILLA OASIS SAN DIEGO IOP, INC.",16516 BERNARDO CENTER DR,STE 130,,SAN DIEGO,CA,92128,San Diego County,37,(714) 609-9300,NON,false,false,true,2026-12-31,false,0,0,1.1,CO-ED,false,false,33.014355,-117.077262
370241AP,OCEANSIDE MENTAL HEALTH,"JBI WELLNESS, LLC",3142 VISTA WAY,SUITE 207 AND SUITE 400,,OCEANSIDE,CA,92056,San Diego County,37,(951) 331-0031,NON,false,false,true,2026-11-30,false,0,0,1.1,CO-ED,false,false,33.182566,-117.325069
370242AP,EVOLVE TREATMENT CENTER SAN DIEGO IOP,"EVOLVE GROWTH INITIATIVES, LLC",3702 VIA DE LA VALLE,SUITE 202,,DEL MAR,CA,92014,San Diego County,37,(858) 369-3300,NON,false,false,true,2026-12-31,false,0,0,1.5,YOUTH/ADOLESCENT,false,false,32.982792,-117.230163
370243AP,"MISSION PREP HEALTHCARE, LLC","MISSION PREP HEALTHCARE, LLC",4045 LIMBER PINE RD,,,FALLBROOK,CA,92028,San Diego County,37,(760) 783-5405,DSS,false,false,true,2027-04-30,false,0,0,1.13,CO-ED/CHILD/DUAL,false,false,33.31274,-117.20282
370243BP,"MISSION PREP HEALTHCARE, LLC","MISSION PREP HEALTHCARE, LLC",7046 VIA DE LA REINA,,,BONSALL,CA,92003,San Diego County,37,(760) 783-5405,DSS,true,false,true,2027-04-30,false,0,0,1.5,YOUTH/ADOLESCENT,false,false,33.271679,-117.184036
370243CP,"MISSION PREP HEALTHCARE, LLC","MISSION PREP HEALTHCARE, LLC",7082 EAGLE MOUNTAIN RD,,,BONSALL,CA,92003,San Diego County,37,(760) 783-5404,DSS,true,false,true,2027-04-30,false,0,0,1.5,YOUTH/ADOLESCENT,false,false,33.267785,-117.181223
370244AP,AMITY SAN DIEGO,AMITY SAN DIEGO LLC,3565 DEL REY ST,SUITE 202 & 203,,SAN DIEGO,CA,92109,San Diego County,37,(561) 562-6697,NON,false,false,true,2027-03-31,false,0,0,1.1,CO-ED,false,false,32.803498,-117.214208
370246AN,UPAC ADDICTION TREATMENT AND RECOVERY CENTER,UNION OF PAN ASIAN COMMUNITES,3288 EL CAJON BLVD.,"SUITES 1A,1B,2,3,5,6,8,9,10,11,12&13",,SAN DIEGO,CA,92104,San Diego County,37,(619) 521-5720,NON,true,false,true,2026-12-31,false,0,0,1.1,CO-ED,false,false,32.755373,-117.122844
370248AP,CARLSBAD BEACH RECOVERY,"CBRC, LLC",3081 MADISON ST.,,,CARLSBAD,CA,92008,San Diego County,37,(760) 822-7143,NON,false,false,true,2027-07-31,false,0,0,1.1,CO-ED,false,false,33.159977,-117.346042
370249AP,CIRRUS BEHAVIORAL HEALTH,"FINSOUT 3, INC.",4901 MORENA BLVD.,SUITE 111,,SAN DIEGO,CA,92117,San Diego County,37,(858) 338-2482,NON,false,false,true,2027-10-31,false,0,0,1.1,CO-ED,false,false,32.826846,-117.230346
370250AP,SACRED JOURNEY RECOVERY,SACRED JOURNEY RECOVERY SOLUTIONS LLC,161 THUNDER DRIVE,SUITE 214,,VISTA,CA,92083,San Diego County,37,(760) 888-5202,NON,false,false,true,2027-06-30,false,0,0,1.1,CO-ED,false,false,33.186299,-117.288218
370251AP,OAK ANTLER RANCH RECOVERY LLC,OAK ANTLER RANCH RECOVERY LLC,36374 MONTEZUMA VALLEY ROAD,,,RANCHITA,CA,92066,San Diego County,37,(619) 917-1233,RES,true,true,true,2028-01-31,false,6,6,1.1,CO-ED,false,false,33.213147,-116.5503
370251BP,OAK ANTLER RANCH RECOVERY,OAK ANTLER RANCH RECOVERY LLC,36372 MONTEZUMA VALLEY ROAD,,,RANCHITA,CA,92066,San Diego County,37,(619) 917-1233,RES,true,true,true,2028-01-31,false,6,6,1.1,CO-ED,false,false,33.213147,-116.550299
370252AP,CACTUS AND COAST BEHAVIORAL HEALTH,RESILIENCE INTEGRATIVE,6719 ALVARADO RD.,STE. 201,,SAN DIEGO,CA,92120,San Diego County,37,(619) 535-5528,NON,true,false,true,2027-10-31,false,0,0,1.1,CO-ED,false,false,32.776886,-117.055194
370253AP,"DETECTION & TREATMENT RESOURCES, LLC","DETECTION & TREATMENT RESOURCES, LLC",4420 HOTEL CIRCLE COURT,SUITE 345,,SAN DIEGO,CA,92108,San Diego County,37,(800) 244-1996,NON,false,false,true,2027-10-31,false,0,0,1.1,CO-ED,false,false,32.758392,-117.174433
370254AP,GOLDEN COAST REHAB,GOLDEN COAST REHAB LLC,8809 LA MESA BLVD,SUITE 102,,LA MESA,CA,91942,San Diego County,37,(858) 925-8589,NON,true,false,true,2028-02-29,false,0,0,1.1,CO-ED,false,false,32.770963,-117.007584
370256AP,PROSPEROUS HEALTH SAN DIEGO TRANSFORMATION CENTER,"PROSPEROUS HEALTH SAN DIEGO, LLC",9909 HUENNEKENS ST.,"SUITE 110, 225, 230",,SAN DIEGO,CA,92121,San Diego County,37,(833) 364-4722,NON,true,false,true,2027-10-31,false,0,0,1.1,CO-ED,false,false,32.902582,-117.180571
370257AP,MONIMA WELLNESS CENTER,"MONIMA WELLNESS CENTER, LLC",3760 CONVOY ST.,SUITES 200,,SAN DIEGO,CA,92111,San Diego County,37,(858) 264-1241,NON,false,false,true,2027-11-30,false,0,0,1.1,CO-ED,false,false,32.811919,-117.153268
370258AP,516 RECOVERY CENTER,516 RECOVERY LLC,2537 DAVIS AVENUE,,,CARLSBAD,CA,92008,San Diego County,37,(516) 776-2595,RES,true,true,true,2027-12-31,false,6,6,1.8,DUAL DIAGNOSIS,true,false,33.168062,-117.345724
370259AP,"SAN DIEGO CENTER FOR RECOVERY, LLC","SAN DIEGO CENTER FOR RECOVERY, LLC",2821 LANGE AVE,,,SAN DIEGO,CA,92122,San Diego County,37,(888) 438-0268,RES,true,true,false,2028-04-30,false,6,6,1.1,CO-ED,false,false,32.847454,-117.225743
370260AP,SEASIDE DETOX LLC,SEASIDE DETOX LLC,1859 S. PACIFIC STREET,,,OCEANSIDE,CA,92054,San Diego County,37,(442) 266-8449,RES,true,true,false,2028-02-29,false,6,6,1.1,CO-ED,true,false,33.171862,-117.364208
370310AP,NATIONAL CROSSROADS,NATIONAL CROSSROADS PROGRAMS,4990 HOLLY DRIVE,,,SAN DIEGO,CA,92113,San Diego County,37,(619) 262-0868,RES,true,true,true,2026-12-31,false,14,14,1.1,CO-ED,false,false,32.703169,-117.087125
370312AP,THE SHORES ACADEMY -OR- SHORES HEALTH,"OASIS LIFE, INC.",2159 AVENIDA DE LA PLAYA,,,LA JOLLA,CA,92037,San Diego County,37,(619) 750-6626,NON,false,false,true,2026-12-31,false,0,0,1.1,CO-ED,false,false,32.853879,-117.256238
370313AP,SAN DIEGO MENTAL HEALTH LLC,SAN DIEGO MENTAL HEALTH LLC,2850 PIO PICO DRIVE,SUITE C & D,,CARLSBAD,CA,92008,San Diego County,37,(949) 359-5669,NON,false,false,true,2026-12-31,false,0,0,1.2,MEN ONLY,false,false,33.166255,-117.343226
370314AP,BROADVIEW RECOVERY,BROADVIEW RECOVERY INC,2009 69TH ST.,,2021 69TH ST.,LEMON GROVE,CA,91945,San Diego County,37,(310) 245-7814,RES,true,true,false,2027-06-30,false,12,12,1.1,CO-ED,true,false,32.726876,-117.049218
370315AP,HOPE 4 2MORROW LLC,HOPE 4 2MORROW LLC,7710 BALBOA AVE,SUITE 204,,SAN DIEGO,CA,92111,San Diego County,37,(614) 266-1079,NON,false,false,true,2028-02-29,false,0,0,1.1,CO-ED,false,false,32.821843,-117.158102
370317AP,ELEMENT Q HEALING,"ELEMENT Q HEALING, LLC",3750 CONVOY STREET,SUITE 310,,SAN DIEGO,CA,92111,San Diego County,37,(833) 451-4717,NON,false,false,true,2027-12-31,false,0,0,1.1,CO-ED,false,false,32.811988,-117.153227
370319AP,SAN DIEGO COASTAL RECOVERY,S&S SUPPORTIVE HOUSING LLC,1719 NATIONAL AVE.,,,SAN DIEGO,CA,92113,San Diego County,37,(619) 391-7359,NON,false,false,true,2028-02-29,false,0,0,1.1,CO-ED,false,false,32.70271,-117.148094
370321AP,HAND AT HOME LIMITED LIABILITY COMPANY,HAND AT HOME LIMITED LIABILITY COMPANY,4388 BELLFLOWER DR,,,LA MESA,CA,91941,San Diego County,37,(310) 345-4149,RES,true,true,false,2028-02-29,false,6,6,1.1,CO-ED,false,false,32.758068,-117.009527
370322AP,ZION HEALING CARLSBAD,"NEURAL REBOOT, INC.",1207 CARLSBAD VILLAGE DRIVE,SUITE R,,CARLSBAD,CA,92008,San Diego County,37,(619) 208-7215,NON,false,false,true,2028-05-31,false,0,0,1.1,CO-ED,false,false,33.16399,-117.340864
380004AN,FRIENDSHIP HOUSE,THE FRIENDSHIP HOUSE ASSOCIATION OF AMERICAN INDIANS,56 JULIAN AVENUE,"1ST, 2ND, 3RD AND 4TH FLOORS",,SAN FRANCISCO,CA,94103,San Francisco County,38,(415) 865-0964,RES,false,true,true,2027-10-31,false,80,80,1.1,CO-ED,true,false,37.76727,-122.421159
380006AN,SAN FRANCISCO HARBOR LIGHT CENTER,THE SALVATION ARMY,1275 HARRISON STREET,,,SAN FRANCISCO,CA,94103,San Francisco County,38,(415) 503-3000,RES,true,true,true,2028-04-30,false,136,136,1.1,CO-ED,false,false,37.772789,-122.409793
380008AN,LATINO FAMILY ALCOHOLISM COUNSELING CENTER,MISSION COUNCIL ON ALCOHOL ABUSE FOR THE SPANISH SPEAKING,154-A CAPP STREET,,,SAN FRANCISCO,CA,94110,San Francisco County,38,(415) 826-6767,NON,false,false,true,2027-08-31,false,0,0,1.1,CO-ED,false,false,37.764064,-122.418618
380008CN,FAMILY DAY TREATMENT CENTER,MISSION COUNCIL ON ALCOHOL ABUSE FOR THE SPANISH SPEAKING,154 A CAPP STREET,,,SAN FRANCISCO,CA,94110,San Francisco County,38,(415) 826-6767,NON,false,false,true,2027-05-31,false,0,0,1.1,CO-ED,false,false,37.764064,-122.418618
380013AN,HENRY OHLHOFF HOUSE,HENRY OHLHOFF HOUSE,601 STEINER STREET,,625 STEINER STREET,SAN FRANCISCO,CA,94117,San Francisco County,38,(415) 621-4388,RES,true,true,true,2027-10-31,false,52,52,1.1,CO-ED,true,false,37.774933,-122.432743
380013CN,HENRY OHLHOFF OUTPATIENT PROGRAMS,HENRY OHLHOFF HOUSE,927 IRVING STREET,,,SAN FRANCISCO,CA,94122,San Francisco County,38,(415) 575-1100,NON,false,false,true,2028-05-31,false,0,0,1.1,CO-ED,false,false,37.763949,-122.467968
380016AFN,HEALTHRIGHT 360,HEALTHRIGHT 360,890 HAYES STREET,,,SAN FRANCISCO,CA,94117,San Francisco County,38,(415) 762-3705,RES,true,true,false,2028-04-30,false,115,115,1.2,MEN ONLY,true,false,37.775902,-122.430905
380016AJN,HEALTHRIGHT 360,HEALTHRIGHT 360,1601 DONNER AVENUE,#3,,SAN FRANCISCO,CA,94124,San Francisco County,38,(415) 970-7500,NON,false,false,true,2027-09-30,false,0,0,1.1,CO-ED,false,false,37.724499,-122.394228
380016AKN,HEALTHRIGHT 360,HEALTHRIGHT 360,2261 BRYANT STREET,,2263 BRYANT STREET,SAN FRANCISCO,CA,94110,San Francisco County,38,(415) 970-7500,RES,false,true,true,2027-07-31,false,16,32,1.4,WOMEN/CHILDREN,true,false,37.758272,-122.409614
380016ALN,HEALTHRIGHT 360,HEALTHRIGHT 360,815 BUENA VISTA AVENUE WEST,,,SAN FRANCISCO,CA,94117,San Francisco County,38,(415) 762-3705,RES,true,true,true,2028-06-30,false,108,108,1.1,CO-ED,true,false,37.76918,-122.442998
380016AQN,AARS-PROJECT ADAPT,HEALTHRIGHT 360,2020 HAYES STREET,,,SAN FRANCISCO,CA,94117,San Francisco County,38,(415) 750-5125,NON,false,false,true,2026-09-30,false,0,0,1.1,CO-ED,false,false,37.773515,-122.449656
380016ASN,HEALTHRIGHT 360 - OUTPATIENT PROGRAM,HEALTHRIGHT 360,1563 MISSION STREET,"1ST, 3RD AND 4TH FLOORS",,SAN FRANCISCO,CA,94103,San Francisco County,38,(415) 213-1700 X301,NON,false,false,true,2028-02-29,false,0,0,1.1,CO-ED,false,false,37.77318,-122.41829
380017EN,FATHER ALFRED CENTER,ST. ANTHONY FOUNDATION,291 10TH ST,,,SAN FRANCISCO,CA,94103,San Francisco County,38,(415) 592-2831,RES,false,true,false,2026-11-30,false,80,80,1.2,MEN ONLY,false,false,37.773021,-122.413059
380040BN,GOOD SHEPHERD GRACENTER,THE GOOD SHEPHERD GRACENTER OF SAN FRANCISCO,250 AMHERST STREET,,,SAN FRANCISCO,CA,94134,San Francisco County,38,(415) 337-1938,RES,false,true,false,2028-06-30,false,18,18,1.3,WOMEN ONLY,false,false,37.726198,-122.416148
380055AN,CASA QUETZAL RECOVERY HOME,"LATINO COMMISSION ON ALCOHOL AND DRUG ABUSE SERVICES OF SAN MATEO COUNTY, INC.",635 BRUNSWICK STREET,,,SAN FRANCISCO,CA,94112,San Francisco County,38,(415) 337-4065,RES,false,true,true,2027-10-31,false,9,9,1.2,MEN ONLY,false,false,37.709582,-122.446142
380055BN,AVIVA HOUSE,"LATINO COMMISSION ON ALCOHOL AND DRUG ABUSE SERVICES OF SAN MATEO COUNTY, INC.",1724 BRYANT STREET,,1726 BRYANT STREET,SAN FRANCISCO,CA,94110,San Francisco County,38,(415) 558-9125,RES,false,true,true,2028-03-31,false,6,9,1.1,CO-ED,false,false,37.765062,-122.410459
380059BN,JUVENTUD,"HORIZONS UNLIMITED OF SAN FRANCISCO, INC.",440 POTRERO AVENUE,,,SAN FRANCISCO,CA,94110,San Francisco County,38,(415) 487-6700,NON,false,false,true,2027-02-28,false,0,0,1.7,FAMILIES,false,false,37.764189,-122.407428
380061CN,STIMULANT TREATMENT OUTPATIENT PROGRAM,"UNIVERSITY OF CALIFORNIA, SAN FRANCISCO",1263 MISSION STREET,,,SAN FRANCISCO,CA,94103,San Francisco County,38,(415) 759-7212,NON,false,false,true,2026-08-31,false,0,0,1.1,CO-ED,false,false,37.776417,-122.413926
380081CN,EPIPHANY RESIDENTIAL PROGRAM,MOUNT ST. JOSEPH - ST. ELIZABETH,100 MASONIC AVENUE,,,SAN FRANCISCO,CA,94118,San Francisco County,38,(415) 567-8370,RES,false,true,false,2027-11-30,false,26,46,1.3,WOMEN ONLY,true,false,37.780729,-122.44714
380081DN,FAMILY RESILENCE AT EPIPHANY CENTER,MOUNT ST. JOSEPH - ST. ELIZABETH,242 BALBOA STREET,,,SAN FRANCISCO,CA,94118,San Francisco County,38,(415) 567-8370,NON,false,false,true,2026-12-31,false,0,0,1.1,CO-ED,false,false,37.777368,-122.461569
380083BN,POST RELEASE EDUCATION PROGRAM (P.R.E.P.),SAN FRANCISCO SHERIFF'S DEPARTMENT,930 BRYANT STREET,,,SAN FRANCISCO,CA,94103,San Francisco County,38,(415) 575-6450,NON,false,false,true,2027-05-31,false,0,0,1.1,CO-ED,false,false,37.773749,-122.405506
380091BN,CURRY SENIOR CENTER,CURRY SENIOR CENTER,315 TURK STREET,,520 TURK STREET,SAN FRANCISCO,CA,94102,San Francisco County,38,(415) 292-1062,NON,false,false,true,2028-02-29,false,0,0,1.1,CO-ED,false,false,37.782731,-122.414363
380096AN,THE STONEWALL PROJECT,THE SAN FRANCISCO AIDS FOUNDATION,940 HOWARD STREET,,,SAN FRANCISCO,CA,94103,San Francisco County,38,(415) 487-3100,NON,false,false,true,2028-03-31,false,0,0,1.2,MEN ONLY,false,false,37.780648,-122.406052
380098AN,"ASIAN AND PACIFIC ISLANDER WELLNESS CENTER, INC.","ASIAN AND PACIFIC ISLANDER WELLNESS CENTER, INC.",730 POLK STREET,4TH FLOOR,,SAN FRANCISCO,CA,94109,San Francisco County,38,(415) 292-3400,NON,false,false,true,2027-07-31,false,0,0,1.1,CO-ED,false,false,37.783764,-122.419289
380104BP,FOUNDATIONS SAN FRANCISCO,FRN OUTPATIENT SAN FRANCISCO LLC,1700 MONTGOMERY STREET,SUITE 435,,SAN FRANCISCO,CA,94111,San Francisco County,38,(415) 293-1693,NON,false,false,true,2028-02-29,false,0,0,1.1,CO-ED,false,false,37.805149,-122.405243
380105AN,UCSF ALLIANCE HEALTH PROJECT,THE REGENTS OF THE UNIVERSITY OF CALIFORNIA,1930 MARKET STREET,,,SAN FRANCISCO,CA,94102,San Francisco County,38,(415) 476-3902,NON,false,false,true,2028-07-31,false,0,0,1.1,CO-ED,false,false,37.77034,-122.425525
380106BP,MARINA HARBOR DETOX LLC,MARINA HARBOR DETOX LLC,289 MARINA BLVD,,,SAN FRANCISCO,CA,94123,San Francisco County,38,(415) 926-8900,RES,true,true,false,2028-03-31,false,6,6,1.1,CO-ED,true,false,37.80643,-122.437056
380108AP,AMAR HEALING & RECOVERY CENTER,"AMAR HEALING & RECOVERY CENTER, LLC",1564 BUSH ST.,,,SAN FRANCISCO,CA,94109,San Francisco County,38,(833) 467-2627,NON,false,false,true,2027-11-30,false,0,0,1.8,DUAL DIAGNOSIS,false,false,37.788366,-122.42311
380109AN,OFFICE-BASED BUPRENORPHINE INDUCTION CLINIC (OBIC),CITY AND COUNTY OF SAN FRANCISCO,1380 HOWARD STREET,"2ND FLOOR, SUITE 220, GROUP ROOM 1ST FLOOR",,SAN FRANCISCO,CA,94110,San Francisco County,38,(415) 552-6242,NON,false,false,true,2026-12-31,false,0,0,1.1,CO-ED,false,false,37.774187,-122.414218
380112AN,GLIDE FOUNDATION BEHAVIORAL HEALTH HUB,GLIDE FOUNDATION,330 ELLIS STREET,3RD FLOOR,,SAN FRANCISCO,CA,94102,San Francisco County,38,(415) 674-6156,NON,false,false,true,2027-10-31,false,0,0,1.1,CO-ED,false,false,37.785044,-122.411665
380113AN,BRINGING EXPANDED ACCESS TO MEDICATION (BEAM) TELEHEALTH AND NAVIGATION,SAN FRANCISCO DEPARTMENT OF PUBLIC HEALTH,1380 HOWARD STREET,SUITE BHAC 19,,SAN FRANCISCO,CA,94103,San Francisco County,38,(628) 754-9139,NON,true,false,true,2028-01-31,false,0,0,1.1,CO-ED,false,false,37.774187,-122.414218
380114AP,"THE CAMDEN CENTER, INC.","THE CAMDEN CENTER, INC.",8 JACKSON STREET,,,SAN FRANCISCO,CA,94111,San Francisco County,38,(424) 320-4848,NON,false,false,true,2028-01-31,false,0,0,1.1,CO-ED,false,false,37.797251,-122.397433
380115AN,HCN KUPONA,HOMELESS CHILDREN'S NETWORK,1426 FILLMORE STREET,SUITE 301,,SAN FRANCISCO,CA,94115,San Francisco County,38,(415) 651-7650,NON,false,false,true,2027-10-31,false,0,0,1.1,CO-ED,false,false,37.78281,-122.432583
380116AP,REAL RECOVERY LLC,REAL RECOVERY LLC,900 FOLSOM STREET,SUITE 751,,SAN FRANCISCO,CA,94107,San Francisco County,38,(916) 870-5809,NON,false,false,true,2028-03-31,false,0,0,1.1,CO-ED,false,false,37.779897,-122.403922
390002AN,MEN'S RESIDENTIAL RECOVERY SERVICES,SAN JOAQUIN COUNTY BEHAVIORAL HEALTH SERVICES,7248 SOUTH RECOVERY ROAD,,,FRENCH CAMP,CA,95231,San Joaquin County,39,(209) 468-6857,RES,true,true,false,2028-04-30,false,16,16,1.2,MEN ONLY,false,false,37.886013,-121.289165
390002DN,COMMUNITY RECOVERY SERVICES,SAN JOAQUIN COUNTY BEHAVIORAL HEALTH SERVICES,620 N. AURORA STREET,"SUITE 3, 3A, & S2-9",,STOCKTON,CA,95202,San Joaquin County,39,(209) 468-3720,NON,false,false,true,2026-09-30,false,0,0,1.1,CO-ED,false,false,37.960995,-121.281099
390002EN,WOMEN'S RESIDENTIAL RECOVERY SERVICES,SAN JOAQUIN COUNTY BEHAVIORAL HEALTH SERVICES,7178 SOUTH RECOVERY ROAD,,,FRENCH CAMP,CA,95231,San Joaquin County,39,(209) 468-6208,RES,true,true,true,2028-01-31,false,28,53,1.3,WOMEN ONLY,false,false,37.88639,-121.289101
390003AN,THREE RIVERS INDIAN LODGE,"NATIVE DIRECTIONS, INC.",13505 SOUTH UNION ROAD,,,MANTECA,CA,95336,San Joaquin County,39,(209) 858-2421,RES,false,true,true,2027-05-31,false,20,21,1.2,MEN ONLY,false,false,37.840653,-121.236514
390007BN,NEW DIRECTIONS,ALCOHOL AND DRUG AWARENESS PROGRAM,1981 CHEROKEE ROAD,,,STOCKTON,CA,95205,San Joaquin County,39,(209) 870-6506,RES,true,true,true,2028-02-28,false,80,95,1.1,CO-ED,false,false,37.979218,-121.263575
390007CN,NEW DIRECTIONS,ALCOHOL AND DRUG AWARENESS PROGRAM,1981 CHEROKEE ROAD,OP MEETING ROOM,,STOCKTON,CA,95205,San Joaquin County,39,(209) 870-6500,NON,false,false,true,2028-02-28,false,0,0,1.1,CO-ED,false,false,37.979218,-121.263575
390017AN,SERVICE FIRST OUTPATIENT PROGRAM,SERVICE FIRST OF NORTHERN CALIFORNIA,3422 WEST HAMMER LANE,"SUITE A, B, C",,STOCKTON,CA,95219,San Joaquin County,39,(209) 644-6327,NON,false,false,true,2027-11-30,false,0,0,1.1,CO-ED,false,false,38.021248,-121.360406
390017BN,SERVICE FIRST OUTPATIENT PROGRAM,SERVICE FIRST OF NORTHERN CALIFORNIA,1001 N. CENTER STREET,,7 W. ACACIA STREET,STOCKTON,CA,95202,San Joaquin County,39,(209) 644-6327,NON,false,false,true,2028-03-31,false,0,0,1.1,CO-ED,false,false,37.962627,-121.293875
390032AN,STOCKTON CIRCLE OF FRIENDS ADULT PROGRAMS,STOCKTON CIRCLE OF FRIENDS ADULT PROGRAMS,3128 EAST ANITA STREET,,,STOCKTON,CA,95205,San Joaquin County,39,(209) 451-0315,RES,false,true,false,2027-06-30,false,18,18,1.2,MEN ONLY,false,false,37.971994,-121.25181
390038AP,SERENITY RECOVERY TREATMENT CENTER,SERENITY RECOVERY TREATMENT CENTER,672 WEST 11TH STREET,SUITE 124,,TRACY,CA,95376,San Joaquin County,39,(209) 831-9767,NON,false,false,true,2027-09-30,false,0,0,1.1,CO-ED,false,false,37.739581,-121.435982
390039AP,"COMMUNITY MEDICAL CENTERS, RESPITE RESIDENTIAL CENTER","COMMUNITY MEDICAL CENTERS, INC.",201 N. STANISLAUS ST.,SUITE 102,,STOCKTON,CA,95202,San Joaquin County,39,(209) 636-0718,RES,true,true,false,2028-04-30,false,13,13,1.8,DUAL DIAGNOSIS,false,false,37.956238,-121.282606
390040AP,TOWNS HEALTH SERVICES IN LODI,"TOWNS HEALTH SERVICES, INC.",330 S. FAIRMONT AVENUE,SUITE 2,,LODI,CA,95240,San Joaquin County,39,(916) 612-2452,NON,false,false,true,2028-03-31,false,0,0,1.1,CO-ED,false,false,38.128802,-121.285849
390040BP,TOWNS HEALTH SERVICES INC.,"TOWNS HEALTH SERVICES, INC.",832 S. FAIRMONT AVE.,,,LODI,CA,95240,San Joaquin County,39,(209) 744-9909,NON,false,false,true,2027-08-31,false,0,0,1.1,CO-ED,false,false,38.123205,-121.285801
390041BP,NATIONAL PSYCHIATRIC CARE AND REHABILITATION SERVICES INC.,NATIONAL PSYCHIATRIC CARE AND REHABILITATION SERVICES INC.,401 S AIRPORT WAY,,,MANTECA,CA,95337,San Joaquin County,39,(209) 206-6020,DSS,true,false,true,2028-05-31,false,0,0,1.1,CO-ED,false,false,37.794665,-121.252222
390042AP,ST. JOSEPH'S BEHAVIORAL HEALTH CENTER OUTPATIENT FACILITY,"PORT CITY OPERATING COMPANY, LLC",510 E. MAGNOLIA STREET,SUITE 100,,STOCKTON,CA,95202,San Joaquin County,39,(209) 938-0831,NON,true,false,true,2026-08-31,false,0,0,1.1,CO-ED,false,false,37.964552,-121.286616
390043AN,LOTUS RISING RECOVERY SERVICES,LILY PAD LIVING OUTREACH,333 N SAN JOAQUIN ST,,,STOCKTON,CA,95202,San Joaquin County,39,(209) 683-9300,NON,false,false,true,2026-11-30,false,0,0,1.1,CO-ED,false,false,37.956792,-121.288224
390044AN,GLOM SUBSTANCE ABUSE PROGRAM INC.,GLOM SUBSTANCE ABUSE PROGRAM INC.,130 W FLORA ST,,,STOCKTON,CA,95202,San Joaquin County,39,(925) 334-7186,NON,false,false,true,2026-11-30,false,0,0,1.1,CO-ED,false,false,37.960065,-121.295223
390044BN,G.L.O.M. SUBSTANCE ABUSE PROGRAM INC.,G.L.O.M. SUBSTANCE ABUSE PROGRAM INC.,1111 W TOKAY STREET,SUITE A,,LODI,CA,95240,San Joaquin County,39,(925) 334-7186,NON,false,false,true,2026-12-31,false,0,0,1.1,CO-ED,false,false,38.126371,-121.28651
390045AP,NEW DAWN TREATMENT CENTERS,CDT SERVICE CORPORATION,903 RIVER BEND DRIVE,,915 RIVER BEND DRIVE,LATHROP,CA,95330,San Joaquin County,39,(916) 784-1419,RES,true,true,true,2027-07-31,false,12,12,1.1,CO-ED,true,false,37.792492,-121.315318
400003AN,COUNTY OF SAN LUIS OBISPO DRUG AND ALCOHOL SERVICES,COUNTY OF SAN LUIS OBISPO DRUG AND ALCOHOL SERVICES,2180 JOHNSON AVENUE,ANNEX ROOM AND AQUA ROOM,,SAN LUIS OBISPO,CA,93401,San Luis Obispo County,40,(805) 781-4275,NON,false,false,true,2028-01-31,false,0,0,1.1,CO-ED,false,false,35.274501,-120.646507
400003DN,COUNTY OF SAN LUIS OBISPO DRUG AND ALCOHOL SERVICES,COUNTY OF SAN LUIS OBISPO DRUG AND ALCOHOL SERVICES,1523 LONGBRANCH AVENUE,,,GROVER BEACH,CA,93433,San Luis Obispo County,40,(805) 473-7080,NON,true,false,true,2028-06-30,false,0,0,1.1,CO-ED,false,false,35.119132,-120.612631
400008AP,"BRYAN'S HOUSE RECOVERY HOME, INC.","BRYAN'S HOUSE RECOVERY HOME, INC.",5655 ARDILLA AVENUE,,,ATASCADERO,CA,93422,San Luis Obispo County,40,(805) 464-4660,RES,false,true,true,2028-04-30,false,6,16,1.12,WOMEN/YOUTH,false,false,35.489099,-120.674057
400010AP,KEN STARR MD WELLNESS GROUP,"KEN STARR, M.D. WELLNESS GROUP, INC.",107 NELSON STREET,,,ARROYO GRANDE,CA,93420,San Luis Obispo County,40,(805) 242-1360,NON,true,false,true,2027-08-31,false,0,0,1.7,FAMILIES,false,false,35.121729,-120.577741
400012AN,RESTORATIVE PARTNERS' TREATMENT PROGRAM,"RESTORATIVE PARTNERS, INC.",3380 SOUTH HIGUERA STREET,,,SAN LUIS OBISPO,CA,93401,San Luis Obispo County,40,(805) 242-1272,NON,false,false,true,2026-04-30,true,0,0,1.1,CO-ED,false,false,35.254988,-120.668891
400013DN,COUNTY OF SAN LUIS OBISPO DRUG AND ALCOHOL SERVICES,COUNTY OF SAN LUIS OBISPO DRUG AND ALCOHOL SERVICES,277 SOUTH STREET,SUITE T,,SAN LUIS OBISPO,CA,93401,San Luis Obispo County,40,(805) 781-4750,NON,false,false,true,2026-11-30,false,0,0,1.1,CO-ED,false,false,35.269507,-120.666337
400013EN,COUNTY OF SAN LUIS OBISPO DRUG AND ALCOHOL SERVICES,COUNTY OF SAN LUIS OBISPO DRUG AND ALCOHOL SERVICES,5575 HOSPITAL WAY,,,ATASCADERO,CA,93422,San Luis Obispo County,40,(805) 461-6080,NON,true,false,true,2026-12-31,false,0,0,1.1,CO-ED,false,false,35.492283,-120.663056
400013FN,COUNTY OF SAN LUIS OBISPO DRUG AND ALCOHOL SERVICES,COUNTY OF SAN LUIS OBISPO DRUG AND ALCOHOL SERVICES,805 4TH STREET,SUITE 101,,PASO ROBLES,CA,93446,San Luis Obispo County,40,(805) 226-3200,NON,true,false,true,2026-10-31,false,0,0,1.1,CO-ED,false,false,35.618491,-120.689455
400017AP,BRIGHT FUTURE RECOVERY,"BRIGHT FUTURE RECOVERY, INC.",6850 ONTARIO ROAD,,,SAN LUIS OBISPO,CA,93405,San Luis Obispo County,40,(831) 498-2028,RES,true,true,false,2027-04-30,false,6,6,1.1,CO-ED,true,false,35.188187,-120.701749
400018BP,MORRO BAY RECOVERY,"TWINS BAY, INC.",2460 MAIN STREET,,,MORRO BAY,CA,93442,San Luis Obispo County,40,(805) 772-2212,RES,true,true,true,2027-01-31,false,26,28,1.1,CO-ED,true,false,35.386849,-120.857675
400019AP,ASPIRE COUNSELING SERVICES LLC,ASPIRE COUNSELING SERVICES LLC,865 AEROVISTA PLACE,SUITE 106,,SAN LUIS OBISPO,CA,93401,San Luis Obispo County,40,(805) 329-5595,NON,false,false,true,2028-07-31,false,0,0,1.1,CO-ED,false,false,35.242498,-120.641026
400020AN,SUN STREET CENTERS,SUN STREET CENTERS,34 PRADO ROAD,,,SAN LUIS OBISPO,CA,93401,San Luis Obispo County,40,(805) 457-3331,RES,true,true,true,2028-07-31,false,16,16,1.2,MEN ONLY,false,false,35.255879,-120.672074
400022AP,PISMO BEACH RECOVERY,PISMO BEACH RECOVERY INC,330 JAMES WAY,SUITE 150,,PISMO BEACH,CA,93449,San Luis Obispo County,40,(831) 245-7736,NON,false,false,true,2026-09-30,false,0,0,1.1,CO-ED,false,false,35.137505,-120.624874
410001AN,PROJECT NINETY,CAMINAR,416 2ND AVENUE,,,SAN MATEO,CA,94401-3205,San Mateo County,41,(650) 579-7881,NON,false,false,true,2027-05-31,false,0,0,1.1,CO-ED,false,false,37.56721,-122.321835
410003AN,PALM AVENUE SOCIAL MODEL DETOXIFICATION,"HORIZON SERVICES, INCORPORATED",2251 PALM AVENUE,,,SAN MATEO,CA,94403,San Mateo County,41,(510) 450-1190,RES,true,true,false,2028-02-29,false,22,22,1.1,CO-ED,true,false,37.546165,-122.306096
410012CN,OUR COMMON GROUND EPA,"OUR COMMON GROUND, INC.",2560 PULGAS AVENUE,,,EAST PALO ALTO,CA,94303,San Mateo County,41,(650) 325-6466,RES,true,true,true,2026-08-31,false,30,30,1.1,CO-ED,true,false,37.475413,-122.131874
410012DN,"OUR COMMON GROUND, INC.","OUR COMMON GROUND, INC.",26 CENTRAL AVE,,,REDWOOD CITY,CA,94061,San Mateo County,41,(650) 385-8762,NON,false,false,true,2028-06-30,false,0,0,1.1,CO-ED,false,false,37.468991,-122.222963
410013AN,HOPE HOUSE,SERVICES LEAGUE OF SAN MATEO COUNTY,3787-A HOOVER STREET,,3787-B AND 3789 HOOVER STREET,REDWOOD CITY,CA,94063,San Mateo County,41,(650) 363-8735,RES,false,true,false,2027-05-31,false,16,20,1.4,WOMEN/CHILDREN,false,false,37.483187,-122.183633
410020AN,CASA MARIA RECOVERY HOME,"LATINO COMMISSION ON ALCOHOL AND DRUG ABUSE SERVICES OF SAN MATEO COUNTY, INC.",508 7TH AVENUE,,,SAN BRUNO,CA,94066-4522,San Mateo County,41,(650) 244-1444,RES,false,true,true,2027-04-30,false,6,6,1.3,WOMEN ONLY,false,false,37.625433,-122.404758
410020DN,CASA AZTLAN RECOVERY HOME,"LATINO COMMISSION ON ALCOHOL AND DRUG ABUSE SERVICES OF SAN MATEO COUNTY, INC.",401 BRIARFIELD WAY,,,BELMONT,CA,94002,San Mateo County,41,(650) 355-7573,RES,false,true,true,2027-04-30,false,9,9,1.2,MEN ONLY,false,false,37.527333,-122.274321
410020IN,LATINO COMMISSION-ENTRE FAMILIA OUTPATIENT,"LATINO COMMISSION ON ALCOHOL AND DRUG ABUSE SERVICES OF SAN MATEO COUNTY, INC.",1001 SNEATH LANE,SUITE 210,,SAN BRUNO,CA,94066-2308,San Mateo County,41,(650) 244-1442,NON,false,false,true,2027-11-30,false,0,0,1.1,CO-ED,false,false,37.634744,-122.425698
410023CN,SITIKE COUNSELING CENTER,SITIKE,306 SPRUCE AVENUE,1ST FLOOR,,SOUTH SAN FRACISCO,CA,94080,San Mateo County,41,(650) 589-9305,NON,false,false,true,2026-11-30,false,0,0,1.1,CO-ED,false,false,37.65679,-122.415861
410026CN,"EL CENTRO DE LIBERTAD/THE FREEDOM CENTER, INC.","EL CENTRO DE LIBERTAD/THE FREEDOM CENTER, INC.",500 ALLERTON STREET,,,REDWOOD CITY,CA,94063,San Mateo County,41,(650) 599-9955,NON,false,false,true,2027-02-28,false,0,0,1.1,CO-ED,false,false,37.488658,-122.231593
410026DN,"EL CENTRO DE LIBERTAD/THE FREEDOM CENTER, INC.","EL CENTRO DE LIBERTAD/THE FREEDOM CENTER, INC.",225 SOUTH CABRILLO HWY,SUITE 201-C,,HALF MOON BAY,CA,94109,San Mateo County,41,(650) 599-9995,NON,false,false,true,2027-01-31,false,0,0,1.1,CO-ED,false,false,37.465368,-122.433783
410027AN,WALKER HOUSE/ WILLIAMS HOUSE I AND II,FREE AT LAST: COMMUNITY RECOVERY AND REHABILITATION SERVICES,1085-A WEEKS STREET,,1085-B AND 1095 WEEKS STREET,EAST PALO ALTO,CA,94303,San Mateo County,41,(650) 462-6996,RES,false,true,true,2027-08-31,false,18,18,1.2,MEN ONLY,false,false,37.470273,-122.131224
410027BN,MALAIKA HOUSE,FREE AT LAST: COMMUNITY RECOVERY AND REHABILITATION SERVICES,819 JAMIE LANE,,823 JAMIE LANE,EAST PALO ALTO,CA,94303,San Mateo County,41,(650) 462-6996,RES,false,true,true,2027-08-31,false,10,14,1.4,WOMEN/CHILDREN,false,false,37.470588,-122.136738
410027NN,FREE AT LAST,FREE AT LAST: COMMUNITY RECOVERY AND REHABILITATION SERVICES,1796 BAY ROAD,,,EAST PALO ALTO,CA,94303,San Mateo County,41,(650) 462-6999,NON,false,false,true,2027-08-31,false,0,0,1.1,CO-ED,false,false,37.471658,-122.135713
410041BN,JERICHO PROJECT,JERICHO PROJECT,163 DEL PRADO DRIVE,,193 DEL PRADO DRIVE,DALY CITY,CA,94015,San Mateo County,41,(650) 994-9832,RES,false,true,false,2027-03-31,false,24,24,1.2,MEN ONLY,false,false,37.681011,-122.479684
410043AN,OUTPATIENT DRUG AND ALCOHOL SERVICES FOR ASIANS (ODASA),HEALTHRIGHT 360,1115 MISSION ROAD,,,SOUTH SAN FRANCISCO,CA,94080,San Mateo County,41,(415) 337-0140,NON,false,false,true,2026-11-30,false,0,0,1.1,CO-ED,false,false,37.660553,-122.437874
410043EN,"WRA, THE ELMS",HEALTHRIGHT 360,202 EAST BELLEVUE AVENUE,,,SAN MATEO,CA,94401,San Mateo County,41,(650) 348-6603,RES,false,true,true,2028-02-28,false,15,16,1.3,WOMEN ONLY,false,false,37.572396,-122.335706
410043FN,"WRA, LAUREL HOUSE",HEALTHRIGHT 360,900 LAUREL AVENUE,,,SAN MATEO,CA,94401,San Mateo County,41,(650) 348-6603,RES,false,true,true,2028-02-29,false,12,13,1.2,MEN ONLY,false,false,37.560723,-122.319306
410043GN,HEALTHRIGHT 360,HEALTHRIGHT 360,117 N SAN MATEO DRIVE,SUITE 2,,SAN MATEO,CA,94401,San Mateo County,41,(415) 348-6603,NON,false,false,true,2028-07-31,false,0,0,1.1,CO-ED,false,false,37.568713,-122.328712
410046AP,MULTI CONCEPT RECOVERY,CONCEPTS TREATMENT CENTERS LLC,1023 CHESNUT STREET,,,REDWOOD CITY,CA,94063,San Mateo County,41,(818) 433-8835,NON,false,false,true,2028-07-31,false,0,0,1.1,CO-ED,false,false,37.487368,-122.218118
410047AN,HOME,RETRAINING THE VILLAGE,2219 MENALTO AVE,,2219-A MENALTO AVE,EAST PALO ALTO,CA,94303,San Mateo County,41,(650) 461-0433,RES,false,true,false,2027-07-31,false,14,14,1.2,MEN ONLY,false,false,37.468315,-122.150493
410048AN,GUIDE BEHAVIORAL HEALTH  LLC,GUIDE BEHAVIORAL HEALTH LLC,1906 EL CAMINO REAL,SUITE 101,,MENLO PARK,CA,94027,San Mateo County,41,(650) 485-9779,NON,false,false,true,2026-12-31,false,0,0,1.5,YOUTH/ADOLESCENT,false,false,37.459726,-122.195162
420004AP,D & J'S TRANSITIONS,JEFF ROBERT JEFFERY,117 S. BENWILEY AVENUE,,,SANTA MARIA,CA,93458,Santa Barbara County,42,(805) 332-3439,NON,false,false,true,2028-01-31,false,0,0,1.1,CO-ED,false,false,34.952527,-120.445735
420010BN,RECOVERY POINT ACUTE CARE,GOOD SAMARITAN SHELTER,401B W MORRISON AVENUE,,,SANTA MARIA,CA,93458,Santa Barbara County,42,(805) 347-3338 X102,RES,true,true,false,2026-10-31,false,12,12,1.1,CO-ED,false,false,34.943856,-120.441057
420010DN,ANOTHER ROAD DETOX PROGRAM,GOOD SAMARITAN SHELTER,113 SOUTH M STREET,,,LOMPOC,CA,93436,Santa Barbara County,42,(805) 736-0357 X201,RES,true,true,true,2026-10-31,false,6,6,1.1,CO-ED,false,false,34.638669,-120.464276
420010EN,TURNING POINT,GOOD SAMARITAN SHELTER,604 WEST OCEAN AVENUE,,,LOMPOC,CA,93436,Santa Barbara County,42,(805) 736-0357,NON,false,false,true,2026-10-31,false,0,0,1.3,WOMEN ONLY,false,false,34.638895,-120.464367
420010FN,RECOVERY POINT OUTPATIENT PROGRAM,GOOD SAMARITAN SHELTER,245 INGER DRIVE,SUITE 103B,,SANTA MARIA,CA,93454,Santa Barbara County,42,(805) 346-8185,NON,false,false,true,2026-11-30,false,0,0,1.1,CO-ED,false,false,34.926618,-120.434139
420010GN,CASA DE FAMILIA TREATMENT CENTER,GOOD SAMARITAN SHELTER,403B W MORRISON AVENUE,,,SANTA MARIA,CA,93454,Santa Barbara County,42,(805) 332-3647,NON,false,false,true,2028-05-31,false,0,0,1.1,CO-ED,false,false,34.9432,-120.441051
420010HN,LOMPOC RECOVERY CENTER,GOOD SAMARITAN SHELTER,104 SOUTH C STREET,SUITE A,,LOMPOC,CA,93436,Santa Barbara County,42,(805) 741-7853,NON,false,false,true,2026-09-30,false,0,0,1.1,CO-ED,false,false,34.638719,-120.451546
420010IN,RECOVERY WAY HOME,GOOD SAMARITAN SHELTER,608 WEST OCEAN AVENUE,,,LOMPOC,CA,93436,Santa Barbara County,42,(805) 736-0357 X201,RES,true,true,false,2028-06-30,false,16,32,1.4,WOMEN/CHILDREN,false,false,34.638921,-120.464707
420010JN,TRANSITIONAL CENTER FOR WOMEN AND CHILDREN,GOOD SAMARITAN SHELTER,412 E TUNNELL STREET,,412C E TUNNELL STREET,SANTA MARIA,CA,93454,Santa Barbara County,42,(805) 925-0315,RES,true,true,false,2028-06-30,false,20,40,1.4,WOMEN/CHILDREN,false,false,34.957505,-120.430762
420010KN,PROJECT PREMIE,GOOD SAMARITAN SHELTER,412B E TUNNELL STREET,,,SANTA MARIA,CA,93454,Santa Barbara County,42,(805) 925-0315,NON,false,false,true,2028-08-31,false,0,0,1.3,WOMEN ONLY,false,false,34.957505,-120.430762
420016AN,SANTA BARBARA RESCUE MISSION - RECOVERY PROGRAM,SANTA BARBARA RESCUE MISSION,535 EAST YANONALI STREET,BLDG. A,,SANTA BARBARA,CA,93103,Santa Barbara County,42,(805) 966-1316,RES,false,true,true,2027-02-28,false,45,45,1.2,MEN ONLY,false,false,34.418954,-119.684404
420016BN,BETHEL HOUSE,SANTA BARBARA RESCUE MISSION,24 WEST ARRELLEGA STREET,,,SANTA BARBARA,CA,93101,Santa Barbara County,42,(805) 966-1316 X800,RES,false,true,true,2027-02-28,false,24,25,1.3,WOMEN ONLY,false,false,34.426532,-119.710251
420017AN,COTTAGE RESIDENTIAL CENTER,SANTA BARBARA COTTAGE HOSPITAL,316 W MONTECITO STREET,,,SANTA BARBARA,CA,93101,Santa Barbara County,42,(805) 569-7422,RES,false,true,false,2027-06-30,false,24,24,1.1,CO-ED,true,false,34.411233,-119.696941
420022AN,PROJECT RECOVERY ADULT OUTPATIENT TREATMENT,COUNCIL ON ALCOHOLISM AND DRUG ABUSE,232 EAST CANON PERDIDO STREET,,,SANTA BARBARA,CA,93101,Santa Barbara County,42,(805) 564-6057,NON,false,false,true,2027-05-31,false,0,0,1.1,CO-ED,false,false,34.423558,-119.697355
420022BN,DANIEL BRYANT YOUTH AND FAMILY TREATMENT CENTER,COUNCIL ON ALCOHOLISM AND DRUG ABUSE,1111 GARDEN STREET,,,SANTA BARBARA,CA,93101,Santa Barbara County,42,(805) 730-7575,NON,false,false,true,2027-05-31,false,0,0,1.1,CO-ED,false,false,34.425962,-119.700238
420022EN,PROJECT RECOVERY RESIDENTIAL DETOX PROGRAM,COUNCIL ON ALCOHOLISM AND DRUG ABUSE,1020 PLACIDO AVENUE,,,SANTA BARBARA,CA,93101,Santa Barbara County,42,(805) 963-1836,RES,true,true,false,2027-12-31,false,12,12,1.1,CO-ED,true,false,34.41841,-119.706589
420022FN,DANIEL BRYANT ADOLESCENT TREATMENT CENTER - SANTA MARIA,COUNCIL ON ALCOHOLISM AND DRUG ABUSE,120 EAST JONES STREET,"SUITES 100, 110, 113, 117 AND 123",,SANTA MARIA,CA,93454,Santa Barbara County,42,(805) 925-8860,NON,false,false,true,2027-08-31,false,0,0,1.1,CO-ED,false,false,34.945824,-120.434651
420022GN,DANIEL BRYANT ADOLESCENT TREATMENT CENTER - LOMPOC,COUNCIL ON ALCOHOLISM AND DRUG ABUSE,106 SOUTH C STREET,SUITE A,,LOMPOC,CA,93436,Santa Barbara County,42,(805) 741-4243,NON,false,false,true,2027-08-31,false,0,0,1.1,CO-ED,false,false,34.638715,-120.451546
420022IN,PROJECT RECOVERY OUTPATIENT TREATMENT - LOMPOC,COUNCIL ON ALCOHOLISM AND DRUG ABUSE,106 SOUTH C STREET,B & C,"604 E OCEAN AVE, SUITE B",LOMPOC,CA,93436,Santa Barbara County,42,(805) 741-1316,NON,false,false,true,2026-10-31,false,0,0,1.1,CO-ED,false,false,34.638715,-120.451546
420024AN,CASA SERENA RESIDENTIAL RECOVERY PROGRAM,CASA SERENA,1515 BATH STREET,,,SANTA BARBARA,CA,93101,Santa Barbara County,42,(805) 966-1260,RES,true,true,false,2027-06-30,false,15,15,1.3,WOMEN ONLY,true,false,34.423423,-119.712344
420024DN,CASA SERENA,CASA SERENA,1900 STATE STREET,SUITE G,,SANTA BARBARA,CA,93101,Santa Barbara County,42,(805) 966-1260,NON,false,false,true,2027-07-31,false,0,0,1.3,WOMEN ONLY,false,false,34.430098,-119.713572
420026AN,"SANCTUARY CENTERS OF SANTA BARBARA, INC.","SANCTUARY CENTERS OF SANTA BARBARA, INC.",222 W VALERIO STREET,REAR BUILDING,,SANTA BARBARA,CA,93101,Santa Barbara County,42,(805) 569-2785,NON,false,false,true,2027-05-31,false,0,0,1.1,CO-ED,false,false,34.425295,-119.713836
420026BN,ARLINGTON DAY TREATMENT CENTER,"SANCTUARY CENTERS OF SANTA BARBARA, INC.",1136 DE LA VINA STREET,,,SANTA BARBARA,CA,93101,Santa Barbara County,42,(805) 569-2785,NON,false,false,true,2026-08-31,false,0,0,1.1,CO-ED,false,false,34.420659,-119.705897
420037BP,MISSION HARBOR BEHAVIORAL HEALTH,AMERICAN RIVIERA LLC,403 E MONTECITO STREET,SUITE A & C,,SANTA BARBARA,CA,93101,Santa Barbara County,42,(805) 874-5922,NON,false,false,true,2026-08-31,false,0,0,1.1,CO-ED,false,false,34.419698,-119.687863
420043AP,STILLWATER BEHAVIORAL HEALTH,TRINITY HEALTH PARTNERS LLC,1151 GLENVIEW ROAD,,,MONTECITO,CA,91308,Santa Barbara County,42,(503) 791-3205,RES,true,true,false,2027-10-31,false,6,6,1.8,DUAL DIAGNOSIS,true,false,34.429845,-119.648179
420043BP,STILLWATER BEHAVIORAL HEALTH,TRINITY HEALTH PARTNERS LLC,1157 GLENVIEW ROAD,,,MONTECITO,CA,91308,Santa Barbara County,42,(503) 791-3205,RES,true,true,false,2028-05-31,false,6,6,1.1,CO-ED,true,false,34.429971,-119.647796
420045AP,SANTA BARBARA RECOVERY,CENTRAL COAST RECOVERY CENTER LLC,801 GARDEN STREET,SUITE 101,,SANTA BARBARA,CA,93101,Santa Barbara County,42,(858) 342-9151,NON,false,false,true,2028-03-31,false,0,0,1.1,CO-ED,false,false,34.423045,-119.696238
420047AN,SANTA BARBARA COUNTY AUDITOR,SANTA BARBARA COUNTY AUDITOR,315 CAMINO DEL REMEDIO,BUILDING 3,,SANTA BARBARA,CA,93110,Santa Barbara County,42,(805) 681-5323,NON,false,false,true,2026-11-30,false,0,0,1.10,CO-ED/YOUTH,false,false,34.443936,-119.779473
420048AN,SUD WELLNESS AND RECOVERY ACCESS POINT - LOMPOC,SANTA BARBARA COUNTY DEPT. OF BEHAVIORAL WELLNESS,425 W. CENTRAL AVE,SUITE 201,,LOMPOC,CA,93458,Santa Barbara County,42,(805) 681-5323,NON,false,false,true,2028-04-30,false,0,0,1.1,CO-ED,false,false,34.660873,-120.461768
420048BN,SUD WELLNESS AND RECOVERY ACCESS POINT - SANTA MARIA,SANTA BARBARA COUNTY DEPT. OF BEHAVIORAL WELLNESS,222 W. CARMEN LANE,SUITE 104,,SANTA MARIA,CA,93458,Santa Barbara County,42,(805) 681-5445,NON,false,false,true,2028-04-30,false,0,0,1.1,CO-ED,false,false,34.924829,-120.438893
430004BP,MURIEL WRIGHT RECOVERY CENTER - SUDS,TELECARE CORPORATION,298 BERNAL ROAD,SUITE B,,SAN JOSE,CA,95119,Santa Clara County,43,(408) 780-0755,RES,true,true,true,2027-11-30,false,32,32,1.1,CO-ED,true,false,37.218223,-121.790074
430005AP,THE MEADOWS OUTPATIENT CENTER,BEHAVIORAL HEALTH SOLUTIONS OF CALIFORNIA LLC,1309 SOUTH MARY AVENUE,SUITE 100,,SUNNYVALE,CA,94087,Santa Clara County,43,(408) 501-6203,NON,false,false,true,2027-04-30,false,0,0,1.10,CO-ED/YOUTH,false,false,37.34947,-122.05053
430016AN,PATHWAY HOUSE,"PATHWAY SOCIETY, INC.",102 SOUTH 11TH STREET,,,SAN JOSE,CA,95112,Santa Clara County,43,(408) 998-5599,RES,true,true,true,2027-12-31,false,67,67,1.2,MEN ONLY,true,false,37.339133,-121.878425
430016BN,PATHWAY OUTPATIENT CENTER,"PATHWAY SOCIETY, INC.",1659 SCOTT BOULEVARD,SUITE 210,,SANTA CLARA,CA,95050,Santa Clara County,43,(408) 244-1834,NON,false,false,true,2027-05-31,false,0,0,1.1,CO-ED,false,false,37.354319,-121.959524
430016DN,PATHWAY SOCIETY,"PATHWAY SOCIETY, INC.",16433 MONTEREY STREET,SUITE 140,,MORGAN HILL,CA,95037,Santa Clara County,43,(408) 782-6363,NON,false,false,true,2028-03-31,false,0,0,1.1,CO-ED,false,false,37.118295,-121.646125
430027GP,"SUPPORT SYSTEMS HOMES, INC.","SUPPORT SYSTEMS HOMES, INC.",240 MERIDIAN AVENUE,SUITE 3,,SAN JOSE,CA,95126,Santa Clara County,43,(408) 370-9688,NON,false,false,true,2027-05-31,false,0,0,1.1,CO-ED,false,false,37.324681,-121.913754
430053AP,NEW LIFE RECOVERY CENTERS,"NEW LIFE RECOVERY CENTERS, INC.",473 NORTH SAN PEDRO,,169 CLAYTON AVENUE,SAN JOSE,CA,95110-2229,Santa Clara County,43,(408) 297-1182,RES,true,true,true,2028-04-30,false,26,26,1.1,CO-ED,true,false,37.343325,-121.899052
430053BP,"NEW LIFE RECOVERY CENTERS, INC.","NEW LIFE RECOVERY CENTERS, INC.",1101 PARK AVENUE,,,SAN JOSE,CA,95126,Santa Clara County,43,(408) 297-1182,NON,false,false,true,2027-05-31,false,0,0,1.1,CO-ED,false,false,37.326,-121.912312
430077CP,SUMMIT ESTATE RECOVERY CENTER - OUTPATIENT,SUMMIT ESTATE RECOVERY CENTERS LLC,7280 BLUE HILL DRIVE,"SUITES 2, 2A, 8, 9, 10",,SAN JOSE,CA,95126,Santa Clara County,43,(800) 701-6997,NON,false,false,true,2028-02-29,false,0,0,1.1,CO-ED,false,false,37.304521,-122.031334
430079AN,"ASIAN AMERICAN RECOVERY SERVICES, A HEALTHRIGHT 360 PROGRAM",HEALTHRIGHT 360,1340 TULLY ROAD,SUITE 301 & 304,,SAN JOSE,CA,95122-3056,Santa Clara County,43,(408) 271-3900,NON,false,false,true,2028-09-30,false,0,0,1.1,CO-ED,false,false,37.317051,-121.833479
430084AP,WELLNESS RETREAT RECOVERY CENTER,WELLNESS RECOVERY RETREAT CENTER,25971 MAR VISTA COURT,,,LOS GATOS,CA,95033,Santa Cruz County,43,(855) 762-3797,RES,true,true,false,2026-09-30,false,6,6,1.1,CO-ED,true,false,37.10298,-121.894674
430088BN,"FAMILY AND CHILDREN SERVICES, A DIVISION OF CAMINAR",CAMINAR,2202-2210 N. FIRST STREET,,2218 AND 2226 N. FIRST STREET,SAN JOSE,CA,95131,Santa Clara County,43,(408) 538-0880,NON,false,false,true,2027-05-31,false,0,0,1.1,CO-ED,false,false,37.377425,-121.921135
430088CN,"FAMILY AND CHILDREN SERVICES, A DIVISION OF CAMINAR",CAMINAR,375 CAMBRIDGE AVE.,,,PALO ALTO,CA,94306,Santa Clara County,43,(650) 326-6576,NON,false,false,true,2027-05-31,false,0,0,1.1,CO-ED,false,false,37.427568,-122.145129
430092CP,EVOLVE TREATMENT CENTERS-SAN JOSE OUTPATIENT,"EVOLVE GROWTH INITIATIVES, LLC",1991 PARK AVENUE,,,SAN JOSE,CA,95126,Santa Clara County,43,(408) 816-8431,NON,false,false,true,2028-01-31,false,0,0,1.1,CO-ED,false,false,37.33881,-121.929968
430093BN,PROYECTO PRIMAVERA,"GARDNER FAMILY HEALTH NETWORK, INC.",160 E. VIRGINIA STREET,ROOM 264,,SAN JOSE,CA,95112,Santa Clara County,43,(408) 977-1591,NON,false,false,true,2026-11-30,false,0,0,1.1,CO-ED,false,false,37.325837,-121.877727
430094AP,SILICON VALLEY RECOVERY LLC,SILICON VALLEY RECOVERY LLC,1179 CURTNER AVENUE,,"1179 CURTNER AVE, UNIT 2 AND 1189 CURTNER AVENUE",SAN JOSE,CA,95125,Santa Clara County,43,(949) 836-6793,RES,true,true,true,2027-12-31,false,18,18,1.1,CO-ED,true,false,37.288908,-121.890363
430099AP,PARISI HOUSE ON THE HILL,MOMENTUM FOR HEALTH,9505 MALECH ROAD,,9501 MALECH ROAD,SAN JOSE,CA,95138,Santa Clara County,43,(408) 281-6570,RES,true,true,true,2027-05-31,false,20,42,1.4,WOMEN/CHILDREN,false,false,37.225746,-121.740748
430100AP,SUMMIT ESTATE RECOVERY CENTER - RESIDENTIAL,SUMMIT ESTATE RECOVERY CENTERS LLC,14455 PIKE ROAD,,"4145 OLD ADOBE ROAD, PALO ALTO, CA 94306",SARATOGA,CA,95070,Santa Clara County,43,(800) 701-6997,RES,true,true,false,2027-10-31,false,16,16,1.1,CO-ED,true,false,37.262926,-122.050867
430101AP,THE CAMP - OUTPATIENT SERVICES,"THE CAMP RECOVERY CENTER, LLC",256 E. HAMILTON AVE.,SUITE J,,CAMPBELL,CA,95008,Santa Clara County,43,(831) 438-1868,NON,false,false,true,2028-02-29,false,0,0,1.1,CO-ED,false,false,37.294153,-121.946218
430102AP,"STARLIGHT COMMUNITY SERVICES, INC.","STARLIGHT COMMUNITY SERVICES, INC.",1885 LUNDY AVENUE,SUITE 223,,SAN JOSE,CA,95131,Santa Clara County,43,(408) 284-9000,NON,false,false,true,2026-12-31,false,0,0,1.1,CO-ED,false,false,37.393295,-121.89072
430103AN,BEHAVIORAL HEALTH SERVICES DEPARTMENT,COUNTY OF SANTA CLARA,151 W MISSION STREET,"WING A, SUITE A1",,SAN JOSE,CA,95110,Santa Clara County,43,(408) 535-4859,NON,false,false,true,2026-12-31,false,0,0,1.1,CO-ED,false,false,37.349904,-121.903563
430103DN,BEHAVIORAL HEALTH SERVICES DEPARTMENT,COUNTY OF SANTA CLARA,660 S FAIR OAKS AVENUE,"SUITE 3068, 3087, 3081",,SUNNYVALE,CA,94086,Santa Clara County,43,(408) 961-4645,NON,false,false,true,2026-12-31,false,0,0,1.5,YOUTH/ADOLESCENT,false,false,37.364979,-122.023878
430103EN,BEHAVIORAL HEALTH SERVICES DEPARTMENT,COUNTY OF SANTA CLARA,2101 ALEXIAN DRIVE,SUITE 110,,SAN JOSE,CA,95116,Santa Clara County,43,(408) 961-4645,NON,false,false,true,2026-12-31,false,0,0,1.5,YOUTH/ADOLESCENT,false,false,37.359307,-121.848119
430103FN,BEHAVIORAL HEALTH SERVICES DEPARTMENT,COUNTY OF SANTA CLARA,90 HIGHLAND AVENUE,BUILDING J,,SAN MARTIN,CA,95046,Santa Clara County,43,(408) 852-2420,NON,false,false,true,2026-12-31,false,0,0,1.1,CO-ED,false,false,37.074018,-121.605313
430103GN,BEHAVIORAL HEALTH SERVICES DEPARTMENT,COUNTY OF SANTA CLARA,2090 EVANS LN,,,SAN JOSE,CA,95125,Santa Clara County,43,(408) 793-2400,NON,false,false,true,2026-12-31,false,0,0,1.1,CO-ED,false,false,37.295183,-121.876243
430103HN,BEHAVIORAL HEALTH SERVICES DEPARTMENT,COUNTY OF SANTA CLARA,2425 ENBORG LN,,,SAN JOSE,CA,95128,Santa Clara County,43,(408) 885-5400,NON,false,false,true,2026-12-31,false,0,0,1.1,CO-ED,false,false,37.311045,-121.938081
430105AP,RECOVER MEDICAL GROUP P.C.,RECOVER MEDICAL GROUP P.C.,7600 EIGLEBERRY STREET,,,GILROY,CA,95020,Santa Clara County,43,(858) 208-0121,NON,false,false,true,2027-08-31,false,0,0,1.1,CO-ED,false,false,37.0098,-121.571377
430106AP,MIGHTY OAKS RECOVERY LLC,MIGHTY OAKS RECOVERY LLC,4100 MOOREPARK AVE,SUITE 124,,SAN JOSE,CA,95117,Santa Clara County,43,(323) 818-3648,NON,false,false,true,2027-09-30,false,0,0,1.1,CO-ED,false,false,37.315843,-121.974155
430107AP,REPRIEVE HOUSE SILICON VALLEY,REPRIEVE HOUSE LLC,24860 OLIVE TREE LANE,,,LOS ALTOS HILL,CA,94024,Santa Clara County,43,(415) 717-3413,RES,true,true,false,2027-10-31,false,6,6,1.1,CO-ED,true,false,37.344786,-122.123491
430108AN,OUR COMMON GROUND - MORRISON,"OUR COMMON GROUND, INC.",264 N. MORRISON,,,SAN JOSE,CA,95126,Santa Clara County,43,(650) 367-9030,RES,true,true,true,2027-10-31,false,32,32,1.1,CO-ED,true,false,37.333266,-121.908484
440001EN,ALTO COUNSELING CENTER-SOUTH,ENCOMPASS COMMUNITY SERVICES,585 AUTO CENTER DRIVE,SUITE B,,WATSONVILLE,CA,95076,Santa Cruz County,44,(831) 728-2233,NON,false,false,true,2026-12-31,false,0,0,1.1,CO-ED,false,false,36.917009,-121.767347
440003AN,OUT-PATIENT CLIENT SERVICES,JANUS OF SANTA CRUZ,200 7TH AVENUE,SUITE 160,240 7TH AVENUE,SANTA CRUZ,CA,95062,Santa Cruz County,44,(831) 462-1060,NON,false,false,true,2026-08-31,false,0,0,1.1,CO-ED,false,false,36.964381,-121.998438
440003BN,RESIDENTIAL TREATMENT CENTER & SPECIAL CARE UNIT,JANUS OF SANTA CRUZ,718 CARMEL STREET,,"200 7TH AVENUE, SUITE 150",SANTA CRUZ,CA,95062,Santa Cruz County,44,(831) 462-1060,RES,true,true,true,2026-08-31,false,40,40,1.1,CO-ED,true,false,36.965123,-121.997812
440003DN,MONDANARO-BASKIN CENTER FOR WOMEN & CHILDREN,JANUS OF SANTA CRUZ,516 CHESTNUT STREET,,,SANTA CRUZ,CA,95060,Santa Cruz County,44,(831) 423-9015,RES,false,true,true,2026-08-31,false,10,24,1.4,WOMEN/CHILDREN,false,false,36.973167,-122.030763
440008AN,SANTA CRUZ RESIDENTIAL RECOVERY,ENCOMPASS COMMUNITY SERVICES,125 RIGG STREET,,"121 WEEKS AVENUE, COTTAGE A, SUITE A",SANTA CRUZ,CA,95060,Santa Cruz County,44,(831) 226-3728,RES,false,true,true,2028-06-30,false,30,30,1.1,CO-ED,true,false,36.969679,-122.034122
440008HN,ALTO COUNSELING CENTER - NORTH,ENCOMPASS COMMUNITY SERVICES,380 ENCINAL STREET,SUITE 200,,SANTA CRUZ,CA,95060,Santa Cruz County,44,(831) 423-2003,NON,false,false,true,2028-04-30,false,0,0,1.1,CO-ED,false,false,36.987449,-122.037865
440008LN,SI SE PUEDE,ENCOMPASS COMMUNITY SERVICES,106 MAPLE AVENUE,,,WATSONVILLE,CA,95076,Santa Cruz County,44,(831) 761-5422,RES,false,true,true,2028-06-30,false,10,10,1.2,MEN ONLY,true,false,36.909978,-121.754563
440008ON,YOUTH SUBSTANCE USE DISORDER SERVICES NORTH,ENCOMPASS COMMUNITY SERVICES,380 ENCINAL STREET,SUITE 200,,SANTA CRUZ,CA,95060,Santa Cruz County,44,(831) 469-1700,NON,false,false,true,2028-06-30,false,0,0,1.5,YOUTH/ADOLESCENT,false,false,36.987449,-122.037865
440010AN,"NEW LIFE COMMUNITY SERVICES, INC.","NEW LIFE COMMUNITY SERVICES, INC.",707 FAIR AVENUE,,717 FAIR AVENUE,SANTA CRUZ,CA,95060,Santa Cruz County,44,(831) 298-5482,RES,false,true,false,2027-04-30,false,38,52,1.7,FAMILIES,false,false,36.956316,-122.04523
440011AP,CAMP RECOVERY CENTER,"THE CAMP RECOVERY CENTER, LLC",3192 GLEN CANYON ROAD,,,SCOTTS VALLEY,CA,95066,Santa Cruz County,44,(831) 438-1868,RES,true,true,true,2027-09-30,false,74,74,1.1,CO-ED,true,false,37.036175,-122.016621
440011DP,THE CAMP RECOVERY CENTER,"THE CAMP RECOVERY CENTER, LLC",3600 GLEN CANYON ROAD,SUITE 2,,SCOTTS VALLEY,CA,95066,Santa Cruz County,44,(831) 438-1868,NON,false,false,true,2027-11-30,false,0,0,1.1,CO-ED,false,false,37.040911,-122.022974
440014AP,SOBRIETY WORKS,"RIKKI RAP, INC.",8030 SOQUEL AVENUE,SUITE 103,,SANTA CRUZ,CA,95062-2096,Santa Cruz County,44,(831) 476-1747,NON,false,false,true,2028-03-31,false,0,0,1.1,CO-ED,false,false,36.982366,-121.967063
440018BP,COASTAL TURNING POINT,COASTAL TURNING POINT INC.,129 SOUTH RIVER STREET,,"147 SOUTH RIVER STREET, SUITE 201, 211, 213 & 234",SANTA CRUZ,CA,95060,Santa Cruz County,44,(831) 588-7063,NON,false,false,true,2028-05-31,false,0,0,1.1,CO-ED,false,false,36.975826,-122.024028
440019AP,BODHI ADDICTION TREATMENT & WELLNESS,"BODHI ADDICTION TREATMENT & WELLNESS, LLC",603 CAPITOLA AVE,,,CAPITOLA,CA,95010,Santa Cruz County,44,(877) 328-1968,NON,false,false,true,2027-04-30,false,0,0,1.1,CO-ED,false,false,36.977169,-121.953435
440020AN,SUBSTANCE USE DISORDER SERVICES,SANTA CRUZ COUNTY HEALTH SERVICES AGENCY OR BEHAVIORAL HEALTH,1400 EMELINE AVE,,,SANTA CRUZ,CA,95060,Santa Cruz County,44,(831) 454-4150,NON,false,false,true,2026-12-31,false,0,0,1.1,CO-ED,false,false,36.992709,-122.017841
440021AP,THE KEY ADDICTION TREATMENT CENTER,"DSME MEDICINE, INC.",725 FRONT STREET,SUITE 206,,SANTA CRUZ,CA,95060,Santa Cruz County,44,(831) 484-4191,NON,false,false,true,2026-12-31,false,0,0,1.1,CO-ED,false,false,36.974844,-122.025349
440021BP,THE KEY RESIDENTIAL RECOVERY CENTER,"DSME MEDICINE, INC.",1447 LAUREL GLEN RD,,,SOQUEL,CA,95073,Santa Cruz County,44,(831) 484-4191,RES,true,true,false,2027-02-28,false,6,6,1.1,CO-ED,true,false,37.049426,-121.952715
440022AP,THE PATHWAY PROGRAM,"AZEVEDO, INC.",225 SEA RIDGE ROAD,,,APTOS,CA,95003,Santa Cruz County,44,(877) 921-4050,NON,false,false,true,2026-12-31,false,0,0,1.1,CO-ED,false,false,36.975731,-121.913052
450001AN,EMPIRE RECOVERY CENTER,"EMPIRE HOTEL, EHARC, INC.",1237 CALIFORNIA STREET,,,REDDING,CA,96001,Shasta County,45,(530) 243-7470,RES,true,true,true,2027-05-31,false,42,42,1.1,CO-ED,false,false,40.586762,-122.393265
450011AP,CHEMICAL DEPENDENCY INTENSIVE OUTPATIENT PROGRAM,"THOMAS J. ANDREWS, M.D., INC.",2885 CHURN CREEK ROAD,SUITE A & B,,REDDING,CA,96002,Shasta County,45,(530) 221-6303,NON,false,false,true,2027-05-31,false,0,0,1.1,CO-ED,false,false,40.565872,-122.353078
450020AN,VISIONS OF THE CROSS,"VOTC, INC.",3640 EL PORTAL DRIVE,,"3642, 3644, 3646, 3648, 3650, 3652 EL PORTAL DRIVE, 3647 RICARDO AVENUE, AND 3617 RICARDO AVENUE SUITE 6 & 7",REDDING,CA,96002,Shasta County,45,(530) 722-1114,RES,false,true,true,2026-09-30,false,32,48,1.3,WOMEN ONLY,false,false,40.553036,-122.356213
450020BN,"VOTC, INC.","VOTC, INC.",3617 RICARDO AVENUE,"SUITES 1, 8 AND 9",,REDDING,CA,96002,Shasta County,45,(530) 722-1114,NON,false,false,true,2028-10-31,false,0,0,1.1,CO-ED,false,false,40.553697,-122.3574
450020EN,VISIONS OF THE CROSS,"VOTC, INC.",3590 EL PORTAL DRIVE,"SUITE 7, 8, 9, 10, 15, 16, 17",,REDDING,CA,96002,Shasta County,45,(530) 722-1114,RES,false,true,true,2027-02-28,false,30,30,1.11,MEN/YOUTH,false,false,40.553107,-122.356221
450024BP,DUNAMIS WELLNESS,"DUNAMIS CENTER, INC.",2195 LARKSPUR LANE,SUITE 206,,REDDING,CA,96002,Shasta County,45,(530) 338-0087,NON,false,false,true,2026-11-30,false,0,0,1.1,CO-ED,false,false,40.575791,-122.35535
450025BP,REDDING REAHB LLC,REDDING REHAB LLC,3580 SANTA ROSA WAY,,,REDDING,CA,96003,Shasta County,45,(323) 452-6659,NON,false,false,true,2028-03-31,false,0,0,1.1,CO-ED,false,false,40.621523,-122.401785
450026AP,NEW LIFE DISCOVERY PROJECT INTENSIVE OUTPATIENT PROGRAM,"NEW LIFE DISCOVERY PROJECT, INC.",1201 PLACER STREET,,1205 PLACER STREET AND 1220 SACRAMENTO STREET,REDDING,CA,96001,Shasta County,45,(530) 999-8345,NON,false,false,true,2026-10-31,false,0,0,1.1,CO-ED,false,false,40.582898,-122.387774
450027AN,SHASTA COUNTY ALCOHOL AND DRUG PROGRAM,COUNTY OF SHASTA A POLITICAL SUBDIVISION OF THE STATE OF CALIFORNIA,2640 BRESLAUER WAY,,,REDDING,CA,96001,Shasta County,45,(530) 229-8310,NON,false,false,true,2026-12-31,false,0,0,1.1,CO-ED,false,false,40.549593,-122.380622
450027BN,WOMEN'S RECOVERY & RESILIENCY SERVICES,COUNTY OF SHASTA A POLITICAL SUBDIVISION OF THE STATE OF CALIFORNIA,2615 BRESLAUER WAY,,,REDDING,CA,96001,Shasta County,45,(530) 245-6411,NON,false,false,true,2026-12-31,false,0,0,1.4,WOMEN/CHILDREN,false,false,40.549563,-122.380799
450028AP,SHASTA DAY REPORTING CENTER (DRC),"GEO REENTRY SERVICES, LLC",1415 COURT STREET,,,REDDING,CA,96001,Shasta County,45,(530) 242-5709,NON,false,false,true,2026-12-31,false,0,0,1.1,CO-ED,false,false,40.583974,-122.39604
450030AP,NEW DAWN TREATMENT CENTERS,CDT SERVICE CORPORATION,682 RIVERCREST PARKWAY,,,REDDING,CA,96002,Shasta County,45,(916) 784-1419,RES,true,true,true,2027-12-31,false,6,6,1.1,CO-ED,true,false,40.544533,-122.356882
450031AP,SHASTA COUNTY REHAB LLC,SHASTA COUNTY REHAB LLC,1300 WEST,SUITE 204,,REDDING,CA,96001,Shasta County,45,(323) 379-2745,NON,false,false,true,2028-06-30,false,0,0,1.1,CO-ED,false,false,40.584675,-122.398047
460001BN,SIERRA COUNTY BEHAVIORAL HEALTH,SIERRA COUNTY HUMAN SERVICES,704 MILL STREET,,,LOYALTON,CA,96118,Sierra County,46,(530) 993-6746,NON,false,false,true,2026-12-31,false,0,0,1.1,CO-ED,false,false,39.673955,-120.241013
460001CN,SIERRA COUNTY BEHAVIORAL HEALTH,SIERRA COUNTY HUMAN SERVICES,22 MAIDEN LN,,,DOWNIEVILLE,CA,95936,Sierra County,46,(530) 289-3711,NON,false,false,true,2026-12-31,false,0,0,1.1,CO-ED,false,false,39.560953,-120.827008
470002AN,SISKIYOU COUNTY BEHAVIORAL HEALTH,SISKIYOU COUNTY HEALTH AND HUMAN SERVICES AGENCY,2060 CAMPUS DRIVE,,,YREKA,CA,96097-9538,Siskiyou County,47,(530) 841-4100,NON,false,false,true,2027-04-30,false,0,0,1.1,CO-ED,false,false,41.705057,-122.648151
470002BN,SISKIYOU COUNTY HEALTH AND HUMAN SERVICES AGENCY,SISKIYOU COUNTY HEALTH AND HUMAN SERVICES AGENCY,1107 REAM AVE.,,,MT. SHASTA,CA,96067,Siskiyou County,47,(530) 918-7200,NON,false,false,true,2028-07-31,false,0,0,1.1,CO-ED,false,false,41.303367,-122.311192
470003CN,KARUK TRIBE SUBSTANCE USE DISORDER PROGRAM,KARUK TRIBE,1515 SOUTH OREGON STREET,SUITE C,,YREKA,CA,96039,Siskiyou County,47,(530) 841-3141,NON,false,false,true,2026-09-30,false,0,0,1.1,CO-ED,false,false,41.717673,-122.642017
470003DN,KARUK TRIBE SUBSTANCE USE DISORDER PROGRAM,KARUK TRIBE,64105 HILLSIDE ROAD,,,HAPPY CAMP,CA,96039,Siskiyou County,47,(530) 493-1450,NON,false,false,true,2028-01-31,false,0,0,1.1,CO-ED,false,false,41.792823,-123.375732
480002BN,SOUTHERN SOLANO ALCOHOL COUNCIL,BI-BETT,419 PENNSYLVANIA STREET,,,VALLEJO,CA,94590,Solano County,48,(707) 643-2715,RES,true,true,true,2027-12-31,false,9,9,1.1,CO-ED,false,false,38.098096,-122.254451
480002GN,RECOVERY CONNECTION,BI-BETT,604 BROADWAY STREET,,,VALLEJO,CA,94590,Solano County,48,(707) 643-2748,NON,false,false,true,2027-05-31,false,0,0,1.1,CO-ED,false,false,38.112425,-122.248523
480005AN,GENESIS HOUSE,"GENESIS HOUSE, INC.",1149 WARREN AVENUE,,,VALLEJO,CA,94591,Solano County,48,(707) 552-5295,RES,false,true,false,2027-06-30,false,19,19,1.1,CO-ED,false,false,38.088097,-122.214271
480010BN,THE HOUSE OF ACTS II,THE HOUSE OF ACTS/SUBSTANCE ABUSE PROGRAM,115 TERI COURT,,,VALLEJO,CA,94589,Solano County,48,(707) 553-1042,RES,false,true,false,2026-06-30,true,10,10,1.3,WOMEN ONLY,false,false,38.150895,-122.263997
480010FN,THE HOUSE OF ACTS SUBSTANCE ABUSE PROGRAM,THE HOUSE OF ACTS/SUBSTANCE ABUSE PROGRAM,627 GRANT STREET,,,VALLEJO,CA,94590,Solano County,48,(707) 553-1042,RES,false,true,true,2027-08-31,false,10,10,1.1,CO-ED,false,false,38.087686,-122.242139
480022BN,ARCHWAY RECOVERY SERVICES INTENSIVE OUTPATIENT PROGRAM,"ARCHWAY RECOVERY SERVICES, INC.",1234 TRAVIS BLVD,,,FAIRFIELD,CA,94533,Solano County,48,(707) 435-1804,NON,false,false,true,2026-10-31,false,0,0,1.1,CO-ED,false,false,38.258248,-122.047978
480022CN,"ARCHWAY RECOVERY SERVICES, INC.","ARCHWAY RECOVERY SERVICES, INC.",1095 E TABOR AVENUE,,,FAIRFIELD,CA,94533,Solano County,48,(707) 435-1804,RES,true,true,false,2026-11-30,false,50,50,1.1,CO-ED,false,false,38.2652,-122.013753
480038AN,ALDEA BEHAVIORAL HEALTH SERVICES,"ALDEA, INC.",4820 BUSINESS CENTER DRIVE,SUITE 210,,FAIRFIELD,CA,94534,Solano County,48,(707) 224-8266,NON,false,false,true,2026-10-31,false,0,0,1.5,YOUTH/ADOLESCENT,false,false,38.220479,-122.138828
480039AN,UJIMA HOPE SOLANO,UJIMA FAMILY RECOVERY SERVICES,1350 TENNESSEE ST,,,VALLEJO,CA,94590,Solano County,48,(707) 558-8500,NON,false,false,true,2026-10-31,false,0,0,1.1,CO-ED,false,false,38.109825,-122.241479
480040AN,A.K. BEAN FOUNDATION,A.K. BEAN FOUNDATION,623 GREAT JONES ST,,,FAIRFIELD,CA,94533,Solano County,48,(707) 429-8888,NON,false,false,true,2026-12-31,false,0,0,1.1,CO-ED,false,false,38.248803,-122.048591
480040BN,A.K. BEAN FOUNDATION,A.K. BEAN FOUNDATION,479 MASON STREET,"SUITES 205, 221 AND 275",,VACAVILLE,CA,95678,Solano County,48,(707) 451-9703,NON,false,false,true,2026-12-31,false,0,0,1.1,CO-ED,false,false,38.354939,-121.987799
480040CN,A.K. BEAN FOUNDATION,A.K. BEAN FOUNDATION,2100 SACRAMENTO ST,,,VALLEJO,CA,94590,Solano County,48,(707) 642-8947,NON,false,false,true,2026-12-31,false,0,0,1.1,CO-ED,false,false,38.117284,-122.258052
490002CP,SCOTTS VALLEY TREATMENT CENTER,"SCOTTS VALLEY TREATMENT CENTER, INC.",3250 GUERNEVILLE RD,,,SANTA ROSA,CA,95401,Sonoma County,49,(707) 579-1603,RES,true,true,true,2027-09-30,false,25,25,1.1,CO-ED,true,false,38.452543,-122.796352
490004EN,"WOMEN'S RECOVERY SERVICES, A UNIQUE PLACE","WOMEN'S RECOVERY SERVICES, A UNIQUE PLACE",98 HENDLEY STREET,,"112, 122, 140 HENDLEY STREET",SANTA ROSA,CA,95404,Sonoma County,49,(707) 527-0412,RES,false,true,true,2028-02-29,false,20,32,1.4,WOMEN/CHILDREN,false,false,38.437583,-122.708411
490009BN,OUTPATIENT TREATMENT PROGRAM,DRUG ABUSE ALTERNATIVES CENTER,2380 PROFESSIONAL DRIVE,,"2403 PROFESSIONAL DRIVE, SUITE 101",SANTA ROSA,CA,95403,Sonoma County,49,(707) 544-3295,NON,false,false,true,2027-12-31,false,0,0,1.1,CO-ED,false,false,38.463181,-122.724651
490009TN,DR. SUSHMA D. TAYLOR RECOVERY CENTER,DRUG ABUSE ALTERNATIVES CENTER,790 SONOMA AVE,,,SANTA ROSA,CA,95404,Sonoma County,49,(707) 544-3295,RES,true,true,true,2026-09-30,false,50,50,1.2,MEN ONLY,true,false,38.43864,-122.708714
490025AP,MOUNTAIN VISTA FARM,"NEW VISTAS RECOVERY, INC.",3020 WARM SPRINGS ROAD,,,GLEN ELLEN,CA,95442,Sonoma County,49,(707) 996-6716,RES,true,true,true,2028-04-30,false,30,31,1.1,CO-ED,true,false,38.374332,-122.548287
490025BP,MOUNTAIN VISTA FARM OUTPATIENT,"NEW VISTAS RECOVERY, INC.",4983 SONOMA HIGHWAY,SUITE M & P,,SANTA ROSA,CA,95409,Sonoma County,49,(707) 934-7543,NON,false,false,true,2028-01-31,false,0,0,1.1,CO-ED,false,false,38.464292,-122.66339
490032AN,SONOMA COUNTY INDIAN HEALTH PROJECT/BEHAVIOR HEALTH,"SONOMA COUNTY INDIAN HEALTH PROJECT, INC.",144 STONY POINT ROAD,2ND FLOOR,,SANTA ROSA,CA,95401,Sonoma County,49,(707) 521-4550,NON,false,false,true,2027-04-30,false,0,0,1.1,CO-ED,false,false,38.440061,-122.743794
490036AP,OLYMPIA HOUSE,"SONOMA RECOVERY SERVICES, LLC",11207 VALLEY FORD ROAD,,,PETALUMA,CA,94952,Sonoma County,49,(707) 795-7609,RES,true,true,true,2028-08-31,false,38,38,1.1,CO-ED,true,false,38.304489,-122.848133
490036BP,OLYMPIA HOUSE INTENSIVE OUTPATIENT PROGRAM,"SONOMA RECOVERY SERVICES, LLC",10823 VALLEY FORD ROAD,,,PETALUMA,CA,94952,Sonoma County,49,(707) 795-7609,NON,false,false,true,2028-09-30,false,0,0,1.1,CO-ED,false,false,38.306646,-122.842605
490038IP,MUIR WOOD ADOLESCENT AND FAMILY SERVICES OUTPATIENT,"MUIR WOOD, LLC",1336 SKILLMAN LANE,,,PETALUMA,CA,94952,Sonoma County,49,(310) 903-1155,DSS,false,false,true,2027-10-31,false,0,0,1.5,YOUTH/ADOLESCENT,false,false,38.25599,-122.671719
490038JP,MUIR WOOD ADOLESCENT AND FAMILY SERVICES OUTPATIENT,"MUIR WOOD, LLC",2055 MAGNOLIA  AVENUE,,,PETALUMA,CA,94952,Sonoma County,49,(310) 903-1155,DSS,false,false,true,2027-10-31,false,0,0,1.5,YOUTH/ADOLESCENT,false,false,38.248656,-122.665595
490038KP,MUIR WOOD ADOLESCENT AND FAMILY SERVICES,"MUIR WOOD, LLC",900 LOHRMAN LANE,,,SONOMA,ca,94952,Sonoma County,49,(310) 903-1155,DSS,false,false,true,2027-10-31,false,0,0,1.5,YOUTH/ADOLESCENT,false,false,38.243382,-122.670071
490038LP,MUIR WOOD ADOLESCENT AND FAMILY SERVICES,"MUIR WOOD, LLC",621 HANNAN RANCH LANE,,,PETALUMA,CA,94952,Sonoma County,49,(310) 903-1155,DSS,false,false,true,2027-10-31,false,0,0,1.5,YOUTH/ADOLESCENT,false,false,38.276423,-122.712772
490038MP,MUIR WOOD ADOLESCENT AND FAMILY SERVICES,"MUIR WOOD, LLC",1733 SKILLMAN LANE,,,PETALUMA,CA,94952,Sonoma County,49,(310) 903-1155,DSS,true,false,true,2027-10-31,false,0,0,1.5,YOUTH/ADOLESCENT,false,false,38.255964,-122.676798
490038NP,MUIR WOOD ADOLESCENT AND FAMILY SERVICES,"MUIR WOOD, LLC",1743 SKILLMAN LANE,,,PETALUMA,CA,94952,Sonoma County,49,(310) 903-1155,DSS,false,false,true,2027-10-31,false,0,0,1.5,YOUTH/ADOLESCENT,false,false,38.255964,-122.67687
490038OP,MUIR WOOD ADOLESCENT AND FAMILY SERVICES,"MUIR WOOD, LLC",402 REBECCA STREET,,,PETALUMA,CA,94952,Sonoma County,49,(310) 903-1155,DSS,false,false,true,2027-10-31,false,0,0,1.5,YOUTH/ADOLESCENT,false,false,38.235623,-122.654248
490038PP,MUIR WOOD ADOLESCENT AND FAMILY SERVICES,"MUIR WOOD, LLC",6868 COLD SPRING ROAD,,,PENNGROVE,CA,94951,Sonoma County,49,(310) 903-1155,DSS,true,false,true,2027-10-31,false,0,0,1.5,YOUTH/ADOLESCENT,false,false,38.329364,-122.6292
490038QP,SONOMA MOUNTAIN,"MUIR WOOD, LLC",501 SONOMA MOUNTAIN ROAD,,,PETALUMA,CA,94954,Sonoma County,49,(310) 903-1155,DSS,true,false,true,2026-10-31,false,0,0,1.5,YOUTH/ADOLESCENT,false,false,38.299328,-122.599475
490038RP,PENNGROVE SOUTH,"MUIR WOOD, LLC",6851 COLD SPRINGS ROAD,,,PENNGROVE,CA,94951,Sonoma County,49,(310) 903-1155,DSS,true,false,true,2026-10-31,false,0,0,1.5,YOUTH/ADOLESCENT,false,false,38.330188,-122.630059
490038SP,THOMPSON RANCH,"MUIR WOOD, LLC",1030 THOMPSON LANE,,,PETALUMA,CA,94952,Sonoma County,49,(310) 903-1155,DSS,true,false,true,2026-10-31,false,0,0,1.5,YOUTH/ADOLESCENT,false,false,38.252087,-122.682596
490038TP,MUIR WOOD ADOLESCENT & FAMILY SERVICES OUTPATIENT,"MUIR WOOD, LLC",320 WASHINGTON ST.,,,PETALUMA,CA,94952,Sonoma County,49,(415) 497-7722,NON,false,false,true,2027-12-31,false,0,0,1.7,FAMILIES,false,false,38.234635,-122.644663
490041BP,PURA VIDA RECOVERY SERVICES,"PURA VIDA RECOVERY SERVICES, LLC",1506 RONNE DRIVE,,"6701 AND 6705 MONTECITO DRIVE, 5761 MOUNTAIN HAWK DRIVE, UNITS 201, 202 AND 203",SANTA ROSA,CA,95401,Sonoma County,49,(707) 308-4429,RES,true,true,false,2027-07-31,false,18,18,1.1,CO-ED,true,false,38.434846,-122.681711
490041CP,PURA VIDA RECOVERY SERVICES,"PURA VIDA RECOVERY SERVICES, LLC",2901 CLEVELAND AVENUE,SUITE 101 AND 102,,SANTA ROSA,CA,95403,Sonoma County,49,(707) 338-5927,NON,false,false,true,2026-10-31,false,0,0,1.1,CO-ED,false,false,38.465304,-122.728441
490044AP,"ALIGN RECOVERY CENTERS, LLC","ALIGN RECOVERY CENTERS, LLC",17250 VAILETTI DRIVE,,,SONOMA,CA,95476,Sonoma County,49,(707) 343-4357,RES,true,true,false,2028-05-31,false,45,45,1.8,DUAL DIAGNOSIS,true,false,38.321663,-122.492156
490045BP,SIYAN CARE INTENSIVE OUTPATIENT SERVICES,SIYAN CARE CORPORATION,480 TESCONI CIRCLE,SUITE A,,SANTA ROSA,CA,95401,Sonoma County,49,(707) 206-7268,NON,false,false,true,2026-12-31,false,0,0,1.1,CO-ED,false,false,38.449647,-122.735092
490046BN,SIYAN CLINICAL OUTPATIENT PROGRAM,SIYAN CLINICAL RESEARCH,480 TESCONI CIRCLE,SUITE B,,SANTA ROSA,CA,95401,Sonoma County,49,(707) 206-7268,NON,false,false,true,2026-12-31,false,0,0,1.1,CO-ED,false,false,38.449647,-122.735092
490047AN,ATHENA HOUSE,BUCKELEW PROGRAMS,540 MIDDLE RINCON RD,,,SANTA ROSA,CA,95409,Sonoma County,49,(707) 335-0702,RES,false,true,true,2027-04-30,false,14,14,1.4,WOMEN/CHILDREN,false,false,38.471268,-122.669735
490047BN,BUCKELEW ORENDA CENTER,BUCKELEW PROGRAMS,1430 NEOTOMAS AVENUE,,,SANTA ROSA,CA,95405,Sonoma County,49,(707) 565-3343,RES,true,true,true,2028-02-29,false,27,27,1.1,CO-ED,false,false,38.433564,-122.68634
490048AN,"DHS-BHD SUD OUTPATIENT SERVICES, LAKES",COUNTY OF SONOMA,2227 CAPRICORN WAY,SUITE 206 & 213,,SANTA ROSA,CA,95407,Sonoma County,49,(707) 565-7450,NON,false,false,true,2026-12-31,false,0,0,1.1,CO-ED,false,false,38.424537,-122.750144
490048BN,"DHS-BHD SUD OUTPATIENT SERVICES, DRC (DAY REPORTING CENTER)",COUNTY OF SONOMA,2400-A COUNTY CENTER DR,,,SANTA ROSA,CA,95403,Sonoma County,49,(707) 565-8041,NON,false,false,true,2026-12-31,false,0,0,1.1,CO-ED,false,false,38.463679,-122.725986
490049AP,LAKEWOOD RECOVERY LLC,LAKEWOOD RECOVERY LLC,8911 LAKEWOOD DR,22 A,,WINDSOR,CA,95492,Sonoma County,49,(323) 510-1283,NON,false,false,true,2027-10-31,false,0,0,1.1,CO-ED,false,false,38.550399,-122.804388
490050AP,LINCOLN WEST THERAPY CLINIC INC,LINCOLN WEST THERAPY CLINIC INC,50 OLD COURTHOUSE SQUARE,SUITE 310,,SANTA ROSA,CA,95404,Sonoma County,49,(323) 425-3249,NON,false,false,true,2027-10-31,false,0,0,1.1,CO-ED,false,false,38.440099,-122.713087
490051AP,THE RUSE ADDICTION TREATMENT CENTER,"THE RUSE TREATMENT, LLC",891 GROVE STREET,,,HEALDSBURG,CA,95448,Sonoma County,49,(267) 846-6564,RES,false,true,true,2028-06-30,false,13,13,1.1,CO-ED,true,false,38.62037,-122.875746
490053AP,LONGHORN RIDGE RECOVERY,LONGHORN PARTNERS LLC,1500 LONGHORN LN.,,,PETALUMA,CA,94952,Sonoma County,49,(825) 595-0871,RES,true,true,false,2028-03-31,false,6,6,1.1,CO-ED,true,false,38.191176,-122.653031
490054AP,WAY HOME DETOX,WAY HOME DETOX LLC,608 HUDIS STREET,,,ROHNERT PARK,CA,94928,Sonoma County,49,(707) 800-7143,RES,true,true,false,2028-05-31,false,6,6,1.1,CO-ED,true,false,38.363729,-122.702053
500001AN,REDWOOD FAMILY TREATMENT CENTER,VALLEY RECOVERY RESOURCES,416 CORSON AVENUE,,,MODESTO,CA,95350,Stanislaus County,50,(209) 521-1805,RES,true,true,false,2027-11-30,false,24,36,,,false,false,37.658128,-120.987198
500002EN,STANISLAUS RECOVERY CENTER,STANISLAUS COUNTY BEHAVIORAL HEALTH AND RECOVERY SERVICES,1904 RICHLAND AVENUE,ADULT TREATMENT BUILDING,,CERES,CA,95307,Stanislaus County,50,(209) 525-7411,RES,true,true,true,2027-07-31,false,44,44,1.1,CO-ED,false,false,37.600436,-120.96589
500002HN,STANISLAUS RECOVERY CENTER,STANISLAUS COUNTY BEHAVIORAL HEALTH AND RECOVERY SERVICES,1904 RICHLAND AVE,,,CERES,C,95307,Stanislaus County,50,(209) 525-5313,NON,true,false,true,2026-12-31,false,0,0,1.1,CO-ED,false,false,37.600436,-120.96589
500002IN,ADULT DRUG COURT,STANISLAUS COUNTY BEHAVIORAL HEALTH AND RECOVERY SERVICES,190 E. HACKETT RD.,ROOM 325A,,MODESTO,CA,95358,Stanislaus County,50,(209) 525-7218,NON,false,false,true,2026-12-31,false,0,0,1.1,CO-ED,false,false,37.587599,-120.991119
500003BP,ADDICTION FREE RECOVERY SERVICES,SERENITY GROUP LLC,1101 STANDIFORD AVENUE,SUITE B6,,MODESTO,CA,95350,Stanislaus County,50,(559) 862-4868,NON,false,false,true,2026-12-31,false,0,0,1.1,CO-ED,false,false,37.689345,-121.009502
500009CN,NIRVANA DRUG AND ALCOHOL TREATMENT INSTITUTE,NIRVANA DRUG AND ALCOHOL TREATMENT PROGRAM,1100 KANSAS AVENUE,"SUITE B, C AND D",,MODESTO,CA,95351,Stanislaus County,50,(209) 579-1151,NON,false,false,true,2028-07-31,false,0,0,1.1,CO-ED,false,false,37.645955,-121.023442
500009EN,NIRVANA DRUG AND ALCOHOL TREATMENT PROGRAM,NIRVANA DRUG AND ALCOHOL TREATMENT PROGRAM,1028 RENO AVENUE,INCLUDING BUILDING A,1040 RENO AVENUE,MODESTO,CA,95351,Stanislaus County,50,(209) 579-1103,RES,false,true,true,2026-11-30,false,36,36,1.1,CO-ED,false,false,37.648962,-121.027908
500009GN,NIRVANA DRUG AND ALCOHOL WOMEN OF HOPE,NIRVANA DRUG AND ALCOHOL TREATMENT PROGRAM,1116 ALICE STREET,,"1116 1/2 ALICE STREET, AND 130 NELLIE STREET",MODESTO,CA,95350-5929,Stanislaus County,50,(209) 578-3132,RES,false,true,true,2028-04-30,false,16,16,1.3,WOMEN ONLY,false,false,37.647297,-121.007395
500011BN,FIRST STEP PERINATAL TREATMENT PROGRAM,SIERRA VISTA CHILD AND FAMILY SERVICES,1700 MCHENRY VILLAGE WAY,,,MODESTO,CA,95350,Stanislaus County,50,(209) 527-3270,NON,false,false,true,2026-12-31,false,0,0,1.4,WOMEN/CHILDREN,false,false,37.668118,-120.989965
500024AP,BREAKTHROUGHS OUTPATIENT TREATMENT,DOROTHY FRANKLIN,704 I STREET,SUITE B,,MODESTO,CA,95354,Stanislaus County,50,(209) 529-1855,NON,false,false,true,2027-08-31,false,0,0,1.1,CO-ED,false,false,37.637515,-121.001657
500029AP,NEW HOPE RECOVERY,LOST DREAMS AWAKEN LLC,823 E. ORANGEBURG AVENUE,UNIT A,,MODESTO,CA,95350,Stanislaus County,50,(209) 527-9797,RES,true,true,true,2027-11-30,false,30,30,1.1,CO-ED,true,false,37.663614,-120.982687
500029BP,NEW HOPE RECOVERY,LOST DREAMS AWAKEN LLC,823 E. ORANGEBURG AVE,UNIT B,,MODESTO,CA,95350,Stanislaus County,50,(209) 527-9797,NON,false,false,true,2027-12-31,false,0,0,1.1,CO-ED,false,false,37.663614,-120.982687
500031AP,GPS COUNSELING CENTER,ROOTS OF ADDICTION COUNSELING CENTER LLC,1101 SYLVAN AVENUE,SUITE C103,,MODESTO,CA,95350,Stanislaus County,50,(209) 758-7477,NON,false,false,true,2027-03-31,false,0,0,1.1,CO-ED,false,false,37.688931,-120.977952
500032AP,CLEAR BEHAVIORAL HEALTH,"CLEAR RECOVERY CENTER, LLC",1600 N CARPENTER RD.,#E1E2,,MODESTO,CA,95351,Stanislaus County,50,(888) 295-9995,NON,false,false,true,2028-04-30,false,0,0,1.10,CO-ED/YOUTH,false,false,37.658852,-121.031009
500033AN,CENTER FOR HUMAN SERVICES,CENTER FOR HUMAN SERVICES,631 W. F STREET,,,OAKDALE,CA,95361,Stanislaus County,50,(209) 847-0420,NON,false,false,true,2026-11-30,false,0,0,1.10,CO-ED/YOUTH,false,false,37.763276,-120.854863
500033BN,CENTER FOR HUMAN SERVICES,CENTER FOR HUMAN SERVICES,2000 W BRIGGSMORE AVENUE,SUITE I,,MODESTO,CA,95350,Stanislaus County,50,(209) 526-1440,NON,false,false,true,2026-11-30,false,0,0,1.10,CO-ED/YOUTH,false,false,37.671396,-121.028071
500033CN,CENTER FOR HUMAN SERVICES,CENTER FOR HUMAN SERVICES,1010 W. LAS PALMAS AVENUE,SUITE E,,PATTERSON,CA,95363,Stanislaus County,50,(209) 847-0420,NON,false,false,true,2026-11-30,false,0,0,1.10,CO-ED/YOUTH,false,false,37.466717,-121.141345
500034AN,IFT-DAY REPORTING CENTER SUBSTANCE USE DISORDER SERVICES,STANISLAUS COUNTY BEHAVIORAL HEALTH AND RECOVERY SERVICES,190 E. HACKETT ROAD,325B,,MODESTO,CA,95358,Stanislaus County,50,(209) 525-7218,NON,false,false,true,2026-12-31,false,0,0,1.1,CO-ED,false,false,37.587599,-120.991119
510006AN,FEATHER RIVER MEN'S CENTER,FEATHER RIVER MEN'S CENTER,2465 BIRCH STREET,,,LIVE OAK,CA,95953-2609,Sutter County,51,(530) 695-8006,RES,false,true,false,2027-11-30,false,12,14,1.2,MEN ONLY,false,false,39.271077,-121.659181
510008AP,ADDICTION RESOURCE CENTER LLC,ADDICTION RESOURCE CENTER LLC,1002 LIVE OAK BLVD.,SUITE A,,YUBA CITY,CA,95991,Sutter County,51,(530) 593-1098,NON,false,false,true,2026-07-31,true,0,0,1.1,CO-ED,false,false,39.143445,-121.620824
510009AP,BUDDY'S RANCH,BUDDY'S RANCH LLC,737 LASK DRIVE,,1463 LA GRANDE AVENUE AND 734 MARINER LOOP,YUBA CITY,CA,95991,Sutter County,51,(530) 282-7552,RES,true,true,true,2027-09-30,false,18,18,1.1,CO-ED,true,false,39.102855,-121.620803
510009BP,BUDDY'S RANCH,BUDDY'S RANCH LLC,5404 PENNINGTON RD,,,LIVE OAK,CA,95953,Sutter County,51,(530) 684-4137,RES,true,true,true,2026-10-31,false,6,6,1.1,CO-ED,true,false,39.275786,-121.713911
510010AN,OPTIONS FOR CHANGE,COUNTY OF SUTTER,1965 LIVE OAK BOULEVARD,,,YUBA CITY,CA,95991,Sutter County,51,(530) 822-7200,NON,false,false,true,2026-12-31,false,0,0,1.10,CO-ED/YOUTH,false,false,39.155729,-121.620083
510010BN,FIRST STEPS PERINATAL,COUNTY OF SUTTER,545 GARDEN HWY,SUITE A1 AND A2,,YUBA CITY,CA,95991,Sutter County,51,(530) 822-7263,NON,false,false,true,2026-12-31,false,0,0,1.14,WOMEN/CHILD/DUAL,false,false,39.119189,-121.616707
510012AP,NATURAL STAR THERAPY CLINIC INC,NATURAL STAR THERAPY CLINIC INC,468 CENTURY PARK DR,SUITE A/C,,YUBA CITY,CA,95991,Sutter County,51,(323) 395-2903,NON,false,false,true,2028-01-31,false,0,0,1.1,CO-ED,false,false,39.120858,-121.633513
510013AN,SUD/MAT PROGRAM,AMPLA HEALTH,1231 PLUMAS  STREET,,,YUBA CITY,CA,95991,Sutter County,51,(530) 749-4199,NON,false,false,true,2028-03-31,false,0,0,1.1,CO-ED,false,false,39.148447,-121.617547
520001AN,"THE ELIJAH HOUSE, LOS MOLINOS",ELIJAH HOUSE FOUNDATION,7904 STATE HIGHWAY 99E,,,LOS MOLINOS,CA,96055,Tehama County,52,(530) 854-4119,RES,false,true,true,2026-08-31,false,15,15,1.2,MEN ONLY,false,false,40.025865,-122.099828
520001BN,ELIJAH HOUSE FOUNDATION-CORNING,ELIJAH HOUSE FOUNDATION,3758 ILLINOIS AVE,,,CORNING,CA,96021,Tehama County,52,(530) 815-9558,RES,true,true,true,2027-10-31,false,24,24,1.1,CO-ED,true,false,39.907325,-122.093069
520002DN,TEHAMA COUNTY HEALTH SERVICES AGENCY SUBSTANCE USE RECOVERY,TEHAMA COUNTY HEALTH SERVICES AGENCY,275 SOLANO ST,,,CORNING,CA,96021,Tehama County,52,(530) 824-4890,NON,false,false,true,2026-12-31,false,0,0,1.1,CO-ED,false,false,39.927813,-122.168858
520002EN,TEHAMA COUNTY HEALTH SERVICES AGENCY SUBSTANCE USE RECOVERY,TEHAMA COUNTY HEALTH SERVICES AGENCY,1850 WALNUT STREET,BUILDING G,,RED BLUFF,CA,96080,Tehama County,52,(530) 527-7893,NON,false,false,true,2026-12-31,false,0,0,1.1,CO-ED,false,false,40.168934,-122.254468
530002AN,TRINITY COUNTY SUBSTANCE USE DISORDERS SERVICES,TRINITY COUNTY BEHAVIORAL HEALTH SERVICES,1450 MAIN STREET,,,WEAVERVILLE,CA,96093,Trinity County,53,(530) 623-1362,NON,false,false,true,2026-10-31,false,0,0,1.10,CO-ED/YOUTH,false,false,40.723504,-122.929775
530002BN,TRINITY COUNTY SUBSTANCE USE DISORDERS SERVICES,TRINITY COUNTY BEHAVIORAL HEALTH SERVICES,154 TULE CREEK ROAD,SUITE B,,HAYFORK,CA,96041,Trinity County,53,(530) 628-4111,NON,false,false,true,2026-10-31,false,0,0,1.1,CO-ED,false,false,40.549756,-123.193222
540001CN,PAAR CENTER WEST,PORTERVILLE HALFWAY HOUSE,182 WEST BELLEVIEW AVENUE,,,PORTERVILLE,CA,93257,Tulare County,54,(559) 781-0107,RES,false,true,true,2027-07-31,false,12,14,1.3,WOMEN ONLY,false,false,36.074719,-119.020493
540001HN,THE PAAR CENTER,PORTERVILLE HALFWAY HOUSE,218 W. BELLEVIEW AVENUE,,232 AND 237 W. BELLEVIEW AVENUE AND 509 NORTH EL GRANITO,PORTERVILLE,CA,93257,Tulare County,54,(559) 781-0107,RES,false,true,true,2026-11-30,false,45,48,1.2,MEN ONLY,false,false,36.074726,-119.021343
540001IN,THE PAAR CENTER,PORTERVILLE HALFWAY HOUSE,184 W. BELLEVIEW AVE.,SUITE B,,PORTERVILLE,CA,93257,Tulare County,54,(559) 781-0107,NON,false,false,true,2027-09-30,false,0,0,1.2,MEN ONLY,false,false,36.07472,-119.020683
540002KN,VISALIA RECOVERY CENTER,COUNTY OF TULARE,942 SOUTH SANTA FE STREET,,,VISALIA,CA,93292,Tulare County,54,(559) 636-4000,NON,false,false,true,2027-09-30,false,0,0,1.1,CO-ED,false,false,36.320765,-119.28768
540002LN,PORTERVILLE RECOVERY CENTER,COUNTY OF TULARE,1055 WEST HENDERSON AVE,,,PORTERVILLE,CA,93257,Tulare County,54,(559) 788-1254,NON,false,false,true,2027-12-31,false,0,0,1.1,CO-ED,false,false,36.080351,-119.04107
540005DN,TURNING POINT VISALIA RE-ENTRY CENTER,"TURNING POINT OF CENTRAL CALIFORNIA, INC.",1845 SOUTH COURT STREET,,,VISALIA,CA,93277,Tulare County,54,(559) 732-5550,RES,false,true,false,2028-03-31,false,32,32,1.2,MEN ONLY,false,false,36.313899,-119.292067
540005EN,TURNING POINT RECOVERY SERVICES,"TURNING POINT OF CENTRAL CALIFORNIA, INC.",1849 SOUTH COURT STREET,,,VISALIA,CA,93277-5423,Tulare County,54,(559) 732-5550,NON,false,false,true,2027-10-31,false,0,0,1.1,CO-ED,false,false,36.314251,-119.292116
540014BN,COURAGE TO CHANGE,COURAGE TO CHANGE,1230 N. ANDERSON ROAD,,,EXETER,CA,93221,Tulare County,54,(559) 594-4855,NON,false,false,true,2027-07-31,false,0,0,1.5,YOUTH/ADOLESCENT,false,false,36.305627,-119.171467
540031AN,NEW HOPE,"CENTRAL VALLEY RECOVERY SERVICES, INC.",212 NORTH STEVENSON STREET,,,VISALIA,CA,93291,Tulare County,54,(559) 625-0440,RES,false,true,true,2028-06-30,false,6,6,1.3,WOMEN ONLY,false,false,36.331569,-119.299958
540031BN,PINE RECOVERY CENTER,"CENTRAL VALLEY RECOVERY SERVICES, INC.",120 WEST SCHOOL AVENUE,,,VISALIA,CA,93291,Tulare County,54,(559) 625-4100,RES,true,true,true,2027-08-31,false,27,27,1.2,MEN ONLY,false,false,36.332895,-119.293146
540031CN,NEW VISIONS FOR WOMEN,"CENTRAL VALLEY RECOVERY SERVICES, INC.",1425 A EAST WALNUT AVENUE,,,VISALIA,CA,93292,Tulare County,54,(559) 625-4072,RES,true,true,false,2028-05-31,false,15,15,1.3,WOMEN ONLY,false,false,36.312614,-119.27652
540031DN,MOTHERING HEIGHTS,"CENTRAL VALLEY RECOVERY SERVICES, INC.",705 SOUTH COURT STREET,,,VISALIA,CA,93277,Tulare County,54,(559) 635-8010,RES,false,true,true,2027-10-31,false,10,23,1.4,WOMEN/CHILDREN,false,false,36.323538,-119.292303
540031EN,NEW HEIGHTS,"CENTRAL VALLEY RECOVERY SERVICES, INC.",1731 W. WALNUT AVENUE,,,VISALIA,CA,93277,Tulare County,54,(559) 625-6715,NON,false,false,true,2026-08-31,false,0,0,1.1,CO-ED,false,false,36.312918,-119.310008
540031GN,ROBERTSON RECOVERY,"CENTRAL VALLEY RECOVERY SERVICES, INC.",3107 EAST KAWEAH AVENUE,,,VISALIA,CA,93292,Tulare County,54,(559) 754-2705,RES,true,true,true,2026-08-31,false,28,29,1.2,MEN ONLY,false,false,36.325568,-119.258315
540056AP,JACKSON HOUSE VISALIA,"BH-TC OPCO VISALIA, LLC",137 SOUTH ASPEN COURT,SUITE B,,VISALIA,CA,93291,Tulare County,54,(619) 507-6385,NON,false,false,true,2028-05-31,false,0,0,1.1,CO-ED,false,false,36.329007,-119.352951
540057AN,CHAMPIONS CENTER,"CHAMPIONS RECOVERY ALTERNATIVE PROGRAMS, INC.",1820 S. CENTRAL STREET,SUITE C,,VISALIA,CA,93277,Tulare County,54,(559) 372-7002,NON,false,false,true,2026-12-31,false,0,0,1.10,CO-ED/YOUTH,false,false,36.314626,-119.31207
540058AP,VISALIA RECOVERY CENTER,"VISALIA RECOVERY CENTER, INC.",211 EAST CALDWELL AVENUE,,,VISALIA,CA,93277,Tulare County,54,(559) 723-9064,NON,false,false,true,2026-10-31,false,0,0,1.1,CO-ED,false,false,36.298016,-119.289938
540060AP,SIERRA MEADOWS BEHAVIORAL HEALTH,"SEQUOIA BEHAVIORAL HEALTH, A PROFESSIONAL PSYCHOLOGY CORPORATION, INC.",209 E CALDWELL AVENUE,,,VISALIA,CA,93277,Tulare County,54,(559) 326-7775,NON,false,false,true,2026-12-31,false,0,0,1.1,CO-ED,false,false,36.298013,-119.289862
540061AP,"VITALIZE, A PROFESSIONAL PSYCHOLOGY CORPORATION","VITALIZE, A PROFESSIONAL PSYCHOLOGY CORPORATION",3742 W MINERAL KING AVE,,,VISALIA,CA,93291,Tulare County,54,(559) 492-1560,NON,false,false,true,2028-06-30,false,0,0,1.1,CO-ED,false,false,36.327691,-119.332833
550001AP,THE RANCH,MAYNORD'S CHEMICAL DEPENDENCY RECOVERY CENTER,19325 CHEROKEE ROAD,,,TUOLUMNE,CA,95379,Tuolumne County,55,(209) 928-3737,RES,true,true,true,2027-12-31,false,30,30,1.1,CO-ED,false,false,37.972379,-120.255408
550003AN,TUOLUMNE ME WUK INDIAN HEALTH CENTER,TUOLUMNE ME WUK INDIAN HEALTH CENTER,18670 CARTER STREET,,,TUOLUMNE,CA,95379,Tuolumne County,55,(209) 928-5400,NON,false,false,true,2027-10-31,false,0,0,1.1,CO-ED,false,false,37.961499,-120.236254
550004AN,THE REFUGE RECOVERY CENTER,OLD OAK RANCH RECOVERY,19331 SUSAN WAY,,,SONORA,CA,95370,Tuolumne County,55,(209) 588-7018,RES,true,true,false,2028-05-31,false,8,8,1.2,MEN ONLY,false,false,37.973636,-120.321656
550004BN,THE REFUGE RECOVERY CENTER,OLD OAK RANCH RECOVERY,20001 HIGHWAY 108,,,SONORA,CA,95370,Tuolumne County,55,(209) 588-7018,RES,true,true,false,2028-05-31,false,8,8,1.1,CO-ED,false,false,37.984286,-120.290004
550005AN,TUOLUMNE COUNTY BEHAVIORAL HEALTH,COUNTY OF TUOLUMNE,105 HOSPITAL ROAD,,,SONORA,CA,95370,Tuolumne County,55,(209) 533-6245,NON,false,false,true,2027-10-31,false,0,0,1.1,CO-ED,false,false,37.974563,-120.378149
560003AN,THE SIMI VALLEY CENTER,VENTURA COUNTY HEALTH SUBSTANCE USE SERVICES,3150 E LOS ANGELES AVENUE,,,SIMI VALLEY,CA,93065,Ventura County,56,(805) 577-1724,NON,false,false,true,2027-11-30,false,0,0,1.1,CO-ED,false,false,34.271671,-118.73605
560003BN,THE VENTURA CENTER,VENTURA COUNTY HEALTH SUBSTANCE USE SERVICES,4258 TELEGRAPH ROAD,,,VENTURA,CA,93003,Ventura County,56,(805) 652-6919,NON,false,false,true,2027-11-30,false,0,0,1.1,CO-ED,false,false,34.274555,-119.237453
560003CN,THE OXNARD CENTER,VENTURA COUNTY HEALTH SUBSTANCE USE SERVICES,1911 WILLIAMS DRIVE,SUITE C,,OXNARD,CA,93036,Ventura County,56,(805) 981-9200,NON,false,false,true,2026-10-31,false,0,0,1.1,CO-ED,false,false,34.219567,-119.153941
560003DN,A NEW START FOR MOMS,VENTURA COUNTY HEALTH SUBSTANCE USE SERVICES,1911 WILLIAMS DRIVE,SUITE 140,,OXNARD,CA,93036,Ventura County,56,(805) 981-9250,NON,false,false,true,2026-10-31,false,0,0,1.3,WOMEN ONLY,false,false,34.219567,-119.153941
560003EN,THE THOUSAND OAKS CENTER,VENTURA COUNTY HEALTH SUBSTANCE USE SERVICES,125 W THOUSAND OAKS BOULEVARD,SUITE 400,,THOUSAND OAKS,CA,91360-4461,Ventura County,56,(805) 777-3570,NON,false,false,true,2028-07-31,false,0,0,1.1,CO-ED,false,false,34.178508,-118.880439
560003GN,THE FILLMORE CENTER,VENTURA COUNTY HEALTH SUBSTANCE USE SERVICES,828 W VENTURA STREET,SUITE 250,,FILLMORE,CA,93015,Ventura County,56,(805) 524-8644,NON,false,false,true,2027-11-30,false,0,0,1.1,CO-ED,false,false,34.395738,-118.921306
560004JN,KHEPERA HOUSE,KHEPERA HOUSE,125 W HARRISON STREET,"UNITS A, B, C, & D",108 WEST HARRISON AVENUE,VENTURA,CA,93001,Ventura County,56,(805) 653-2596,RES,true,true,false,2027-05-31,false,24,24,1.2,MEN ONLY,false,false,34.286489,-119.301303
560017CP,ALL IN SOLUTIONS DETOX,ALL IN SOLUTIONS DETOX LLC,1856 DEODORA STREET,,1857 CHURCH STREET,SIMI VALLEY,CA,93065,Ventura County,56,(818) 938-2177,RES,true,true,false,2027-05-31,false,12,12,1.1,CO-ED,false,false,34.270121,-118.737798
560020AP,ENLIGHT TREATMENT CENTER,AAA TREATMENT SOLUTIONS LLC,11811 DARLENE LANE,,,MOORPARK,CA,93021,Ventura County,56,(866) 748-1507,RES,true,true,true,2027-11-30,false,6,10,1.1,CO-ED,true,false,34.290835,-118.899687
560020BP,NAIRI REHABILITATION CENTER,AAA RECOVERY LLC,11811 1/2 DARLENE LN.,,,MOORPARK,CA,93021,Ventura County,56,(818) 913-5404,RES,true,true,false,2027-03-31,false,6,6,1.1,CO-ED,true,false,34.292661,-118.899814
560021BP,CHANNEL ISLANDS REHAB OUTPATIENT,"CHANNEL ISLANDS REHAB, LLC",4474 MARKET STREET,#505 AND #506,,VENTURA,CA,93003,Ventura County,56,(214) 934-8999,NON,false,false,true,2026-10-31,false,0,0,1.1,CO-ED,false,false,34.257221,-119.233177
560022BP,RISE AT MAYBERRY,"ASCENTIONS TREATMENT CENTER, LLC",1950 ROCKING HORSE DRIVE,,1939 RAMBLING ROAD,SIMI VALLEY,CA,93065,Ventura County,56,(805) 386-7671,RES,true,true,false,2028-06-30,false,12,12,1.1,CO-ED,true,false,34.240652,-118.759092
560023AP,HEALING TREE REHABILITATION,HEALING TREE REHAB INC,6969 VISTA DEL RINCON,,,VENTURA,CA,93001,Ventura County,56,(805) 628-3321,RES,true,true,false,2027-06-30,false,6,6,1.1,CO-ED,true,false,34.365853,-119.448452
560032DP,GENESIS PROGRAMS INC.,"GENESIS PROGRAMS, INC.",1732 PALMA DRIVE,SUITE 208,,VENTURA,CA,93003,Ventura County,56,(805) 650-3094,NON,false,false,true,2027-11-30,false,0,0,1.1,CO-ED,false,false,34.257018,-119.227124
560036AP,PASSAGES VENTURA,PASSAGES SILVER STRAND LLC,224 EAST CLARA STREET,,,PORT HUENEME,CA,93041,Ventura County,56,(310) 589-2880,RES,true,true,true,2027-03-31,false,90,90,1.1,CO-ED,true,false,34.151566,-119.197964
560036BP,PASSAGES VENTURA,PASSAGES SILVER STRAND LLC,241 MARKET STREET,,,PORT HUENEME,CA,93041,Ventura County,56,(310) 589-2880,NON,true,false,true,2027-10-31,false,0,0,1.1,CO-ED,false,false,34.148345,-119.198754
560038BP,LA VENTANA TREATMENT PROGRAMS,"RYLIST, INC.",155 EAST WILBUR ROAD,SUITE B,,THOUSAND OAKS,CA,91360,Ventura County,56,(818) 584-5615,NON,false,false,true,2027-11-30,false,0,0,1.1,CO-ED,false,false,34.186345,-118.872922
560038DP,LA VENTANA TREATMENT PROGRAMS,"RYLIST, INC",385 N CONEJO SCHOOL ROAD,,,THOUSAND OAKS,CA,91362,Ventura County,56,(805) 379-3840,RES,true,true,true,2028-09-30,false,6,6,1.1,CO-ED,true,false,34.179111,-118.841515
560038FP,LA VENTANA TREATMENT PROGRAMS,"RYLIST, INC.",395 N. CONEJO SCHOOL ROAD,,,THOUSAND OAKS,CA,91362,Ventura County,56,(805) 290-1659,RES,true,true,true,2028-04-30,false,6,6,1.1,CO-ED,false,false,34.178986,-118.841698
560041AP,"VENTURA RECOVERY CENTER, INC.","VENTURA RECOVERY CENTER, INC.",166 SIESTA AVENUE,,,THOUSAND OAKS,CA,91360,Ventura County,56,(877) 976-3106,RES,true,true,false,2026-09-30,false,10,10,1.1,CO-ED,false,false,34.210382,-118.879481
560048AN,NARCONON OJAI,NARCONON PACIFIC COAST,9950 SULPHUR MOUNTAIN ROAD,,,OJAI,CA,93023,Ventura County,56,(805) 798-8040,RES,true,true,true,2027-08-31,false,6,8,1.1,CO-ED,false,false,34.406965,-119.170275
560049AP,PURE RECOVERY,"PURE RECOVERY CALIFORNIA, INC.",721 MANDALAY BEACH ROAD,,,OXNARD,CA,93035,Ventura County,56,(805) 558-4336,RES,true,true,false,2027-08-31,false,6,6,1.1,CO-ED,true,false,34.195109,-119.246391
560049CP,PURE RECOVERY,"PURE RECOVERY CALIFORNIA, INC.",87 SANTA MONICA AVENUE,,,OXNARD,CA,93035,Ventura County,56,(805) 366-0278,RES,true,true,false,2027-02-28,false,6,6,1.1,CO-ED,false,false,34.148242,-119.215358
560049DP,PURE RECOVERY,"PURE RECOVERY CALIFORNIA, INC.",4300 TRADEWINDS DRIVE,SUITE 101,,OXNARD,CA,93035,Ventura County,56,(805) 815-3399,NON,false,false,true,2026-10-31,false,0,0,1.1,CO-ED,false,false,34.189949,-119.22893
560054AN,PROTOTYPES WOMEN'S CENTER-VENTURA,HEALTHRIGHT 360,2150 N VICTORIA AVENUE,,,OXNARD,CA,93036,Ventura County,56,(805) 382-6296,RES,true,true,true,2027-09-30,false,56,85,1.3,WOMEN ONLY,true,false,34.225408,-119.220999
560058AP,REWARD PATH RECOVERY CENTER,REWARD PATH RECOVERY LLC,525 E MAIN STREET,,,SANTA PAULA,CA,93060,Ventura County,56,(800) 395-6845,RES,true,true,false,2027-03-31,false,6,6,1.1,CO-ED,true,false,34.351583,-119.067574
560061AP,"RECOVERY IS A BEACH, LLC","RECOVERY IS A BEACH, LLC",1317 DEL NORTE ROAD,SUITE 200,,CAMARILLO,CA,93010,Ventura County,56,(805) 889-9662,NON,false,false,true,2027-11-30,false,0,0,1.8,DUAL DIAGNOSIS,false,false,34.22312,-119.104704
560061BP,POINT BREAK RECOVERY,"RECOVERY IS A BEACH, LLC",2100 PIERPONT BLVD,,,VENTURA,CA,93001,Ventura County,56,(805) 628-3383,RES,true,true,false,2027-07-31,false,6,6,1.1,CO-ED,true,false,34.266922,-119.274678
560064BP,"ALTITUDE RECOVERY COMMUNITY NO. 2, LLC","ALTITUDE RECOVERY COMMUNITY NO. 2, LLC",2511 WORTH WAY,,,CAMARILLO,CA,93012,Ventura County,56,(661) 600-5245,RES,true,true,false,2027-01-31,false,6,6,1.1,CO-ED,true,false,34.244694,-118.994078
560064CP,"ALTITUDE RECOVERY COMMUNITY NO. 3, LLC","ALTITUDE RECOVERY COMMUNITY NO. 3, LLC",363 LAS TUERO CT,,,CAMARILLO,CA,93010,Ventura County,56,(661) 600-5245,RES,true,true,false,2026-11-30,false,6,6,1.1,CO-ED,true,false,34.238181,-119.079167
560066AP,4 SEASON DETOX AND RECOVERY HOUSE INC,4 SEASON DETOX AND RECOVERY HOUSE INC,3174 EVELYN AVE.,,,SIMI VALLEY,CA,93063,Ventura County,56,(424) 242-2540,RES,true,true,true,2028-06-30,false,6,6,1.1,CO-ED,true,false,34.29278,-118.735014
560067BP,ARRIVE RECOVERY CENTER,"ARRIVE RECOVERY CENTER, LLC.",1333 E. THOUSAND OAKS BLVD.,SUITE 108,,THOUSAND OAKS,CA,91360,Ventura County,56,(805) 410-8281,NON,false,false,true,2026-12-31,false,0,0,1.1,CO-ED,false,false,34.178286,-118.856614
560068AP,ASPIRE COUNSELING SERVICES LLC,ASPIRE COUNSELING SERVICES LLC,2775 TAPO STREET,SUITE 102,,SIMI VALLEY,CA,93603,Ventura County,56,(888) 585-7373,NON,false,false,true,2026-10-31,false,0,0,1.1,CO-ED,false,false,34.285517,-118.70898
560069AP,NEWPORT ACADEMY,"MONROE OPERATIONS, LLC",1208 VIA ARACENA,,,CAMARILLO,CA,93010,Ventura County,56,(888) 902-1385,DSS,false,false,true,2027-05-31,false,0,0,1.5,YOUTH/ADOLESCENT,false,false,34.23127,-119.087087
560069BP,NEWPORT ACADEMY,"MONROE OPERATIONS, LLC",1850 CALLE ALBERCA,,,CAMARILLO,CA,93010,Ventura County,56,(888) 902-1385,DSS,false,false,true,2027-05-31,false,0,0,1.5,YOUTH/ADOLESCENT,false,false,34.237494,-119.065745
560069CP,NEWPORT ACADEMY,"MONROE OPERATIONS, LLC",683 VALLEY VISTA DRIVE,,,CAMARILLO,CA,93010,Ventura County,56,(888) 902-1385,DSS,false,false,true,2027-05-31,false,0,0,1.5,YOUTH/ADOLESCENT,false,false,34.247856,-119.061468
560069DP,NEWPORT ACADEMY,"MONROE OPERATIONS, LLC",100 AVOCADO PL,,,CAMARILLO,CA,93010,Ventura County,56,(888) 902-1385,DSS,false,false,true,2027-05-31,false,0,0,1.5,YOUTH/ADOLESCENT,false,false,34.228995,-119.077615
560070BP,"PARADISO RECOVERY, INC.","PARADISO RECOVERY, INC.",119 ENCINO AVENUE,,,CAMARILLO,CA,93010,Ventura County,56,(818) 876-2555,RES,true,true,false,2028-09-30,false,6,6,1.1,CO-ED,true,false,34.234944,-119.076505
560071BP,MONARCH RECOVERY INTENSIVE OUTPATIENT PROGRAM,MONARCH RECOVERY STC LLC,2660 E MAIN STREET,SUITE 203 AND 204,,VENTURA,CA,93003,Ventura County,56,(805) 850-2686,NON,false,false,true,2027-04-30,false,0,0,1.1,CO-ED,false,false,34.274044,-119.260421
560072BP,GRATA HOUSE,"GRATA HOUSE T.O., LLC",1696 LA JOLLA DRIVE,,,THOUSAND OAKS,CA,91362,Ventura County,56,(310) 292-8337,RES,true,true,false,2027-08-31,false,6,6,1.1,CO-ED,true,false,34.188633,-118.848427
560072CP,GRATA HOUSE,"GRATA HOUSE T.O., LLC",6485 GRIMES CANYON RD,,,MOORPARK,CA,93021,Ventura County,56,(310) 292-8337,RES,true,true,true,2026-10-31,false,6,6,1.1,CO-ED,true,false,34.294784,-118.921809
560073AP,ALL IN SOLUTIONS CALIFORNIA - OUTPATIENT,ALL IN SOLUTIONS CALIFORNIA LLC,3010 EAST LOS ANGELES AVENUE,,,SIMI VALLEY,CA,93065,Ventura County,56,(484) 264-6818,NON,false,false,true,2027-05-31,false,0,0,1.1,CO-ED,false,false,34.271696,-118.737544
560076AP,OMNIA RECOVERY,OMNIA RECOVERY,1459 E. THOUSAND OAKS BLVD,SUITE D,,THOUSAND OAKS,CA,91362,Ventura County,56,(866) 847-2066,NON,false,false,true,2027-07-31,false,0,0,1.1,CO-ED,false,false,34.178025,-118.854575
560078AP,LOTUS RECOVERY SERVICES INC,LOTUS RECOVERY SERVICES INC,290 CONEJO RIDGE AVENUE,,,THOUSAND OAKS,CA,91361,Ventura County,56,(805) 371-6377 X,NON,false,false,true,2027-09-30,false,0,0,1.1,CO-ED,false,false,34.169952,-118.846731
560080AP,NEW BREATH RECOVERY INC,NEW BREATH RECOVERY INC,4767 BARNARD STREET,,,SIMI VALLEY,CA,93063,Ventura County,56,(424) 225-2288,RES,true,true,false,2027-08-31,false,6,6,1.1,CO-ED,true,false,34.282533,-118.70089
560083BP,1ST HOUSE OF LIFE,1ST HOUSE OF LIFE INC,468 ALTA MIRA ST,,,SIMI VALLEY,CA,93065,Ventura County,56,(805) 888-8000,RES,true,true,true,2026-09-30,false,6,6,1.1,CO-ED,true,false,34.254014,-118.788081
560084AP,HILLSIDE RECOVERY,"HILLSIDE RECOVERY, LLC",1148 VIA ARROYO,,,VENTURA,CA,93003,Ventura County,56,(805) 765-4602,RES,true,true,false,2028-02-29,false,6,6,1.1,CO-ED,true,false,34.297472,-119.209055
560085AP,KOKUA WELLNESS,KOKUA WELLNESS INC.,1219 VIA CIELITO,,2188 JOHNSON DRIVE,VENTURA,CA,93003,Ventura County,56,(805) 620-0725,RES,true,true,true,2027-12-31,false,12,12,1.1,CO-ED,true,false,34.29863,-119.212101
560086BP,OJAI RECOVERY,OJAI RECOVERY LLC,158 ROCKAWAY RD,,,OAKVIEW,CA,93022,Ventura County,56,(310) 780-1667,RES,true,true,false,2027-02-28,false,76,76,1.1,CO-ED,true,false,34.409233,-119.306707
560087AP,MEDWELL RECOVERY,VIGILANCE HEALTHCARE INC.,555 SAINT CHARLES DRIVE,SUITE 230,,THOUSAND OAKS,CA,91360,Ventura County,56,(805) 823-0981,NON,false,false,true,2028-03-31,false,0,0,1.1,CO-ED,false,false,34.185695,-118.878279
560089AP,A WILDWOOD RECOVERY,"VENTURA CENTER FOR RECOVERY, LLC",360 CAMINO DECELESTE,,,THOUSAND OAKS,CA,91360,Ventura County,56,(805) 493-5741,RES,true,true,false,2027-02-28,false,6,6,1.1,CO-ED,true,false,34.23109,-118.887569
560089BP,A WILDWOOD RECOVERY,"VENTURA CENTER FOR RECOVERY, LLC",166 N. MOORPARK ROAD,SUITE 304 & 207,,THOUSAND OAKS,CA,91360,Ventura County,56,(805) 497-1900,NON,false,false,true,2027-02-28,false,0,0,1.1,CO-ED,false,false,34.180704,-118.875954
560090AN,"NATE'S PLACE, A WELLNESS AND RECOVERY CENTER","NATE'S PLACE, A WELLNESS AND RECOVERY CENTER",3840 W. CHANNEL ISLAND HARBOR BLVD,,,OXNARD,CA,93035,Ventura County,56,(805) 628-2552,NON,false,false,true,2026-12-31,false,0,0,1.1,CO-ED,false,false,34.175618,-119.222484
560091AP,U-TURN WELLNESS CENTER,U-TURN WELLNESS CENTER LLC,314 W. 4TH ST.,,,OXNARD,CA,93030,Ventura County,56,(805) 382-1280,NON,false,false,true,2027-07-31,false,0,0,1.1,CO-ED,false,false,34.199001,-119.180307
560092AP,CLEAN TREATMENT CENTER,"CLEAN TREATMENT CENTER, INC.",123 HODENCAMP ROAD,SUITE 205,,THOUSAND OAKS,CA,91360,Ventura County,56,(818) 436-2231,NON,true,false,true,2027-10-31,false,0,0,1.1,CO-ED,false,false,34.179542,-118.868691
560093AP,VALIANT BEHAVIORAL HEALTH INC.,VALIANT BEHAVIORAL HEALTH INC.,3355 COCHRAN STREET,SUITE 100,,SIMI VALLEY,CA,93063,Ventura County,56,(806) 509-5727,NON,false,false,true,2027-11-30,false,0,0,1.1,CO-ED,false,false,34.279015,-118.731412
560094AP,SAMA HEALING,MULHOLLAND HEALTH LLC,3375 COCHRAN STREET,,,SIMI VALLEY,CA,93065,Ventura County,56,(805) 390-7216,NON,false,false,true,2027-10-31,false,0,0,1.1,CO-ED,false,false,34.279019,-118.73089
560095AP,ACTION DRUG REHABS - SIMI VALLEY IOP,"ACTION FAMILY COUNSELING - SCV, INC.",1445 E. LOS ANGELES AVE.,SUITE 104,,SIMI VALLEY,CA,93065,Ventura County,56,(800) 367-8336,NON,true,false,true,2027-11-30,false,0,0,1.1,CO-ED,false,false,34.271822,-118.771645
570001AN,YOLO COUNTY HEALTH AND HUMAN SERVICES AGENCY,COUNTY OF YOLO,137 N. COTTONWOOD ST.,,,WOODLAND,CA,95695,Yolo County,57,(530) 666-8630,NON,false,false,true,2026-12-31,false,0,0,1.1,CO-ED,false,false,38.687544,-121.793656
570001EN,YOLO COUNTY HEALTH AND HUMAN SERVICES AGENCY,COUNTY OF YOLO,600 A ST.,,,DAVIS,CA,95616,Yolo County,57,(530) 666-8630,NON,false,false,true,2026-12-31,false,0,0,1.1,CO-ED,false,false,38.547935,-121.747715
570001FN,YOLO COUNTY HEALTH AND HUMAN SERVICES AGENCY,COUNTY OF YOLO,500 JEFFERSON BLVD,,,WEST SACRAMENTO,CA,95605,Yolo County,57,(530) 666-8630,NON,false,false,true,2026-12-31,false,0,0,1.1,CO-ED,false,false,38.587915,-121.527066
570004BN,CACHE CREEK LODGE,"CACHE CREEK LODGE, INC.",421 ASPEN STREET,,"435, AND 441 ASPEN STREET",WOODLAND,CA,95695-2665,Yolo County,57,(530) 662-5727,RES,true,true,true,2027-07-31,false,40,40,1.1,CO-ED,true,false,38.692507,-121.785752
570004DN,MAT OUTPATIENT SERVICES,"CACHE CREEK LODGE, INC.",520 COTTONWOOD STREET,SUITE 1,,WOODLAND,CA,95695,Yolo County,57,(530) 402-1234,NON,true,false,true,2028-05-31,false,0,0,1.1,CO-ED,false,false,38.674946,-121.79335
570008AN,WALTER'S HOUSE,YOLO WAYFARER CENTER (CHRISTIAN MISSION),1905 EAST BEAMER STREET,,,WOODLAND,CA,95776,Yolo County,57,(530) 662-2699,RES,true,true,true,2027-08-31,false,60,60,1.1,CO-ED,true,false,38.684468,-121.731101
570015AP,BRANCHES DAVIS,"BHC SIERRA VISTA HOSPITAL, INC.",2840 5TH ST.,,,DAVIS,CA,95618,Yolo County,57,(916) 288-0704,NON,false,false,true,2028-04-30,false,0,0,1.1,CO-ED,false,false,38.552795,-121.71518
580001BN,PATHWAYS,"MIDVALLEY RECOVERY FACILITIES, INCORPORATED",2 9TH STREET,,,MARYSVILLE,CA,95901-5362,Yuba County,58,(530) 742-6670,RES,true,true,true,2027-12-31,false,23,23,1.1,CO-ED,true,false,39.145225,-121.583907
580001DN,PATHWAYS,"MIDVALLEY RECOVERY FACILITIES, INCORPORATED",2 9TH STREET,,,MARYSVILLE,CA,95901-5362,Yuba County,58,(530) 742-6670,NON,false,false,true,2027-12-31,false,0,0,1.1,CO-ED,false,false,39.145225,-121.583907
580002BN,FOR OUR RECOVERING (F.O.R.) FAMILIES TEAM CENTER,COUNTY OF YUBA PROBATION FOR OUR RECOVERING (F.O.R) FAMILIES,120 5TH ST,,,MARYSVILLE,CA,95901,Yuba County,58,(530) 749-7550,NON,false,false,true,2026-10-31,false,0,0,1.1,CO-ED,false,false,39.140564,-121.585733
580004BP,ONA TREATMENT CENTER,AKASHA TREATMENT CENTER INC.,6041 BALD MOUNTAIN ROAD,,,BROWNS VALLEY,CA,95918,Yuba County,58,(909) 253-6434,RES,true,true,true,2026-10-31,false,8,8,1.1,CO-ED,true,false,39.265275,-121.381245
580006AP,BUDDY'S RANCH,BUDDY'S RANCH LLC,6070 ALBERTA AVE,,,MARYSVILLE,CA,95901,Yuba County,58,(530) 777-3531,RES,true,true,true,2027-09-30,false,6,6,1.1,CO-ED,true,false,39.130412,-121.530685
580006BP,BUDDY'S RANCH,BUDDY'S RANCH LLC,1352 COLUSA AVENUE,SUITES C AND D,,YUBA CITY,CA,95993,Sutter County,58,(530) 434-4595,NON,false,false,true,2026-08-31,false,0,0,1.1,CO-ED,false,false,39.141788,-121.635932
580006CP,BUDDY'S RANCH,BUDDY'S RANCH LLC,13919 LAKE FRANCIS RD,,,DOBBINS,CA,95935,Yuba County,58,(530) 701-0533,RES,true,true,true,2028-02-29,false,16,16,1.1,CO-ED,true,false,39.368001,-121.204918
580007AP,BUTTE HORIZON DETOX,BUTTE HORIZON DETOX LLC,1431 CRESCENT COURT,,,YUBA CITY,CA,95991,Sutter County,58,(866) 444-3843,RES,true,true,false,2028-02-29,false,6,6,1.1,CO-ED,true,false,39.105739,-121.623549
